title,company,location,url,source,category,page,scraped_at
Excel Workbook for Inventory Management t,Freelancer Client,Remote,https://www.freelancer.com/projects/visual-basic/excel-workbook-for-inventory-management-40203699,Freelancer,core-engineering,,2026-02-05T04:11:12.388054
Human resource related papers,Freelancer Client,Remote,https://www.freelancer.com/projects/research-writing/human-resource-related-papers,Freelancer,core-engineering,,2026-02-05T04:11:12.388054
Video Editing for Combined Episode,Freelancer Client,Remote,https://www.freelancer.com/projects/audio-editing/video-editing-for-combined-episode,Freelancer,core-engineering,,2026-02-05T04:11:12.388054
Website SEO Optimization & Ranking,Freelancer Client,Remote,https://www.freelancer.com/projects/keyword-research/website-seo-optimization-ranking,Freelancer,core-engineering,,2026-02-05T04:11:12.388054
Freelancer Profile Growth Expert,Freelancer Client,Remote,https://www.freelancer.com/projects/portfolio-management/freelancer-profile-growth-expert,Freelancer,core-engineering,,2026-02-05T04:11:12.388054
Customer Support Forex Community,Freelancer Client,Remote,https://www.freelancer.com/projects/customer-service/customer-support-forex-community,Freelancer,core-engineering,,2026-02-05T04:11:12.388054
Custom Exterior Rendering Needed,Freelancer Client,Remote,https://www.freelancer.com/projects/3d-visualization/custom-exterior-rendering-needed,Freelancer,core-engineering,,2026-02-05T04:11:12.388054
AI image and video creation,Freelancer Client,Remote,https://www.freelancer.com/projects/digital-marketing/image-video-creation,Freelancer,core-engineering,,2026-02-05T04:11:12.388054
Laravel AI Grant Management SaaS,Freelancer Client,Remote,https://www.freelancer.com/projects/ai-development/laravel-grant-management-saas,Freelancer,core-engineering,,2026-02-05T04:11:12.388054
CAD Drawings for Ocean-Ready Motorcycle,Freelancer Client,Remote,https://www.freelancer.com/projects/3d-cad/cad-drawings-for-ocean-ready,Freelancer,core-engineering,,2026-02-05T04:11:12.388054
Formal Educational PPT Design 25 Slides,Freelancer Client,Remote,https://www.freelancer.com/projects/adobe-creative-cloud/formal-educational-ppt-design-slides,Freelancer,core-engineering,,2026-02-05T04:11:12.388054
Create 24 additional labels from template,Freelancer Client,Remote,https://www.freelancer.com/projects/adobe-illustrator/create-additional-labels-from-template,Freelancer,core-engineering,,2026-02-05T04:11:12.388054
Freelance B2B SDR for Outreach,Freelancer Client,Remote,https://www.freelancer.com/projects/b2b-marketing/freelance-sdr-for-outreach,Freelancer,core-engineering,,2026-02-05T04:11:12.388054
Interior Drawings & Quantity Survey,Freelancer Client,Remote,https://www.freelancer.com/projects/interior-design/interior-drawings-quantity-survey,Freelancer,core-engineering,,2026-02-05T04:11:12.388054
Men’s Vitality Tincture,Freelancer Client,Remote,https://www.freelancer.com/projects/product-development/men-vitality-tincture,Freelancer,core-engineering,,2026-02-05T04:11:12.388054
English Gujarati Translation,Freelancer Client,Remote,https://www.freelancer.com/projects/translation/english-gujarati-translation-40203680,Freelancer,core-engineering,,2026-02-05T04:11:12.388054
Complete CRM Setup & Integration,Freelancer Client,Remote,https://www.freelancer.com/projects/email-marketing/complete-crm-setup-integration,Freelancer,core-engineering,,2026-02-05T04:11:12.388054
YouTube Reviews Editing & SEO,Freelancer Client,Remote,https://www.freelancer.com/projects/seo/youtube-reviews-editing-seo,Freelancer,core-engineering,,2026-02-05T04:11:12.388054
Eco-Friendly Snack Brand Packaging Design,Freelancer Client,Remote,https://www.freelancer.com/projects/packaging-design/eco-friendly-snack-brand-packaging,Freelancer,core-engineering,,2026-02-05T04:11:12.388054
Detailed Bracelet Design Sketches,Freelancer Client,Remote,https://www.freelancer.com/projects/2d-drawing/detailed-bracelet-design-sketches,Freelancer,core-engineering,,2026-02-05T04:11:12.388054
AI-focused Developer for MVP Vibe Coding with cursor experience,Freelancer Client,Remote,https://www.freelancer.com/projects/ai-development/focused-developer-for-mvp-vibe,Freelancer,core-engineering,,2026-02-05T04:11:12.388054
Arbitration Company Website Development,Freelancer Client,Remote,https://www.freelancer.com/projects/web-development/arbitration-company-website-development,Freelancer,core-engineering,,2026-02-05T04:11:12.388054
WhatsApp Business Setup & Verification urgent,Freelancer Client,Remote,https://www.freelancer.com/projects/business-consultant/whatsapp-business-setup-verification,Freelancer,core-engineering,,2026-02-05T04:11:12.388054
"Wix Homepage Redesign, adding videos",Freelancer Client,Remote,https://www.freelancer.com/projects/wix/wix-homepage-redesign-adding-videos,Freelancer,core-engineering,,2026-02-05T04:11:12.388054
Female Trainer: Student Leadership Course,Freelancer Client,Remote,https://www.freelancer.com/projects/training/female-trainer-student-leadership-course,Freelancer,core-engineering,,2026-02-05T04:11:12.388054
Change Management Keynote Speaker,Freelancer Client,Remote,https://www.freelancer.com/projects/change-management/change-management-keynote-speaker,Freelancer,core-engineering,,2026-02-05T04:11:12.388054
Strategic Digital Marketing Overhaul,Freelancer Client,Remote,https://www.freelancer.com/projects/advertising/strategic-digital-marketing-overhaul,Freelancer,core-engineering,,2026-02-05T04:11:12.388054
PostgreSQL Performance Review & Fixes,Freelancer Client,Remote,https://www.freelancer.com/projects/postgresql/postgresql-performance-review-fixes,Freelancer,core-engineering,,2026-02-05T04:11:12.388054
PID Control Simulation & Analysis -- 2,Freelancer Client,Remote,https://www.freelancer.com/projects/matlab/pid-control-simulation-analysis-40205303,Freelancer,core-engineering,,2026-02-05T04:11:12.388054
Photo & Video Social App - 03/02/2026 10:28 EST,Freelancer Client,Remote,https://www.freelancer.com/projects/android/photo-video-social-app-est,Freelancer,core-engineering,,2026-02-05T04:11:12.388054
Quirky Pop Reels Video Editing,Freelancer Client,Remote,https://www.freelancer.com/projects/adobe-premiere-pro/quirky-pop-reels-video-editing,Freelancer,core-engineering,,2026-02-05T04:11:12.388054
Double-Sided 6x9 E-Commerce Promo Postcard,Freelancer Client,Remote,https://www.freelancer.com/contest/doublesided-x-ecommerce-promo-postcard-2697084,Freelancer,core-engineering,,2026-02-05T04:11:12.388054
Collect 1600 Institution Emails,Freelancer Client,Remote,https://www.freelancer.com/projects/data-collection/collect-institution-emails,Freelancer,core-engineering,,2026-02-05T04:11:12.388054
Business Plan for VC Investment,Freelancer Client,Remote,https://www.freelancer.com/projects/business-plan-writing/business-plan-for-investment,Freelancer,core-engineering,,2026-02-05T04:11:12.388054
20 mins video editing,Freelancer Client,Remote,https://www.freelancer.com/projects/youtube-video-editing/mins-video-editing,Freelancer,core-engineering,,2026-02-05T04:11:12.388054
Year-End Accounts Filing Support,Freelancer Client,Remote,https://www.freelancer.com/projects/financial-analysis/year-end-accounts-filing-support,Freelancer,core-engineering,,2026-02-05T04:11:12.388054
Corporate Meeting Room Diagrams,Freelancer Client,Remote,https://www.freelancer.com/projects/3d-design/corporate-meeting-room-diagrams,Freelancer,core-engineering,,2026-02-05T04:11:12.388054
An exe encrypter and loader to run without detection by the AV,Freelancer Client,Remote,https://www.freelancer.com/projects/security/exe-encrypter-loader-run-without,Freelancer,core-engineering,,2026-02-05T04:11:12.388054
WooCommerce E-commerce Site Development - 04/02/2026 15:37 EST,Freelancer Client,Remote,https://www.freelancer.com/projects/html/woocommerce-commerce-site-development-40205264,Freelancer,core-engineering,,2026-02-05T04:11:12.388054
Surat TFP Portrait Collaboration,Freelancer Client,Remote,https://www.freelancer.com/projects/fashion-modeling/surat-tfp-portrait-collaboration,Freelancer,core-engineering,,2026-02-05T04:11:12.388054
Antidepressants and Bone Health Review,Freelancer Client,Remote,https://www.freelancer.com/projects/academic-writing/antidepressants-bone-health-review,Freelancer,core-engineering,,2026-02-05T04:11:12.388054
Traditional Home 3D Exterior Rendering,Freelancer Client,Remote,https://www.freelancer.com/projects/3d-animation/traditional-home-exterior-rendering,Freelancer,core-engineering,,2026-02-05T04:11:12.388054
Simple YouTube Vlog Editing,Freelancer Client,Remote,https://www.freelancer.com/projects/adobe-premiere-pro/simple-youtube-vlog-editing,Freelancer,core-engineering,,2026-02-05T04:11:12.388054
SciPy Logistic Regression Consultant,Freelancer Client,Remote,https://www.freelancer.com/projects/scipy/scipy-logistic-regression-consultant,Freelancer,core-engineering,,2026-02-05T04:11:12.388054
1ST PROJ: MEDICAL-GRADE WORD LAYOUT GUIDE,Freelancer Client,Remote,https://www.freelancer.com/projects/technical-writing/medical-grade-word-layout-guide,Freelancer,core-engineering,,2026-02-05T04:11:12.388054
Technical Website Portuguese Translation,Freelancer Client,Remote,https://www.freelancer.com/projects/technical-writing/technical-website-portuguese-translation,Freelancer,core-engineering,,2026-02-05T04:11:12.388054
Sales Dashboard in Looker Studio,Freelancer Client,Remote,https://www.freelancer.com/projects/google-sheets/sales-dashboard-looker-studio,Freelancer,core-engineering,,2026-02-05T04:11:12.388054
High-Frequency Stock Momentum Engine,Freelancer Client,Remote,https://www.freelancer.com/projects/api/high-frequency-stock-momentum-engine,Freelancer,core-engineering,,2026-02-05T04:11:12.388054
Private project or contest #2697082,Freelancer Client,Remote,https://www.freelancer.com/login?goto=OTZiNzcyNjJkZGIyZWY0MmVlZWI3ZmRlMTdkMDYwYjhodHRwczovL3d3dy5mcmVlbGFuY2VyLmNvbS9jb250ZXN0Ly0yNjk3MDgy,Freelancer,core-engineering,,2026-02-05T04:11:12.388054
Android TikTok Landing Stress-Test,Freelancer Client,Remote,https://www.freelancer.com/projects/mobile-app-testing/android-tiktok-landing-stress-test,Freelancer,core-engineering,,2026-02-05T04:11:12.388054
Lead Backend Engineer,"397
            NextEra Energy Jobs","11,272",https://www.adzuna.com/land/ad/5566903874?se=DtnQ7Q8C8RGNqfw6wYLllQ&title=Lead_Backend_Engineer&v=FD826E38B83F4206918A50D3F83A87361F13C6ED,Adzuna,core-engineering,1.0,2026-02-05T04:11:12.388054
Backend Engineer,"397
            NextEra Energy Jobs","11,272",https://www.adzuna.com/land/ad/5591969455?se=DtnQ7Q8C8RGNqfw6wYLllQ&title=Backend_Engineer&v=CD6153BB7333ADD2DA4D9AE1ACBC77FA633DCE07,Adzuna,core-engineering,1.0,2026-02-05T04:11:12.388054
Founding Backend Engineer,"397
            NextEra Energy Jobs","11,272",https://www.adzuna.com/land/ad/5600152707?se=DtnQ7Q8C8RGNqfw6wYLllQ&title=Founding_Backend_Engineer&v=CA2BFD431D2AAB35E9A0945A181CEF217A5DC67B,Adzuna,core-engineering,1.0,2026-02-05T04:11:12.388054
Senior Backend Engineer,"397
            NextEra Energy Jobs","11,272",https://www.adzuna.com/land/ad/5600154028?se=DtnQ7Q8C8RGNqfw6wYLllQ&title=Senior_Backend_Engineer&v=BD7944EEB78466707BD67FAAF2C4E7304FD1978F,Adzuna,core-engineering,1.0,2026-02-05T04:11:12.388054
Sr. Backend Engineer,"397
            NextEra Energy Jobs","11,272",https://www.adzuna.com/land/ad/5591957289?se=DtnQ7Q8C8RGNqfw6wYLllQ&title=Sr._Backend_Engineer&v=2CF2ECB7E25B04E5A2A701F1F72AB75A868EF527,Adzuna,core-engineering,1.0,2026-02-05T04:11:12.388054
Principal Backend Engineer|Architect,"397
            NextEra Energy Jobs","11,272",https://www.adzuna.com/land/ad/5613720574?se=DtnQ7Q8C8RGNqfw6wYLllQ&title=Principal_Backend_Engineer%7CArchitect&v=0CF786E3492E6DE45E17040A17DF5A3AD44930C9,Adzuna,core-engineering,1.0,2026-02-05T04:11:12.388054
Senior Backend Engineer,"397
            NextEra Energy Jobs","11,272",https://www.adzuna.com/land/ad/5593993839?se=DtnQ7Q8C8RGNqfw6wYLllQ&title=Senior_Backend_Engineer&v=4AAC1FD2BC205732F34033EBECC74E15B326E748,Adzuna,core-engineering,1.0,2026-02-05T04:11:12.388054
Staff Backend Engineer,"397
            NextEra Energy Jobs","11,272",https://www.adzuna.com/land/ad/5571414075?se=DtnQ7Q8C8RGNqfw6wYLllQ&title=Staff_Backend_Engineer&v=6093E1ECF59878FAA9B82069510160DCAD2FD080,Adzuna,core-engineering,1.0,2026-02-05T04:11:12.388054
"Backend Engineer, Generative AI Services","397
            NextEra Energy Jobs","11,272",https://www.adzuna.com/land/ad/5605900680?se=DtnQ7Q8C8RGNqfw6wYLllQ&title=Backend_Engineer%2C_Generative_AI_Services&v=DD036832B5E0330A96B0306235369E891E765AB8,Adzuna,core-engineering,1.0,2026-02-05T04:11:12.388054
Backend Engineer - Context Layer and Platform,"397
            NextEra Energy Jobs","11,272",https://www.adzuna.com/land/ad/5584218423?se=DtnQ7Q8C8RGNqfw6wYLllQ&title=Backend_Engineer_-_Context_Layer_and_Platform&v=12A79AB2A1EF5A75173AF66BE50405F615A7798C,Adzuna,core-engineering,1.0,2026-02-05T04:11:12.388054
Wind Site Manager - Windstar Wind,Florida,Location,https://www.adzuna.com/details/5597053864,Adzuna,core-engineering,2.0,2026-02-05T04:11:12.388054
Planning Engineering Leader,Florida,Location,https://www.adzuna.com/details/5600894647,Adzuna,core-engineering,2.0,2026-02-05T04:11:12.388054
Sr PGD Balance of Plant Valve Engineer,Florida,Location,https://www.adzuna.com/details/5604614380,Adzuna,core-engineering,2.0,2026-02-05T04:11:12.388054
Sr OT Network Engineer,Florida,Location,https://www.adzuna.com/details/5604614381,Adzuna,core-engineering,2.0,2026-02-05T04:11:12.388054
Associate PGD Field Engineer - ROI Solar & BESS - West FL Region,Florida,Location,https://www.adzuna.com/details/5604614384,Adzuna,core-engineering,2.0,2026-02-05T04:11:12.388054
"Wind Field Blade Repair Tech II - Wolf Ridge - Muenster, TX",Florida,Location,https://www.adzuna.com/details/5604614383,Adzuna,core-engineering,2.0,2026-02-05T04:11:12.388054
PGD Environmental Specialist (CA),Florida,Location,https://www.adzuna.com/details/5598638147,Adzuna,core-engineering,2.0,2026-02-05T04:11:12.388054
PGD Reliability Engineer,Florida,Location,https://www.adzuna.com/details/5598638138,Adzuna,core-engineering,2.0,2026-02-05T04:11:12.388054
Principal Planning Engineer,Florida,Location,https://www.adzuna.com/details/5598638203,Adzuna,core-engineering,2.0,2026-02-05T04:11:12.388054
"PV Solar Field Technician (All Levels) - Wildwood Solar - Tutwiler, MS",Florida,Location,https://www.adzuna.com/details/5598638210,Adzuna,core-engineering,2.0,2026-02-05T04:11:12.388054
"Southeast - National Account Executive I$120,000 - $140,000 per year| United States (USA) (North America)  | Sales  11 hours ago",Unknown,Remote - US,https://pangian.com/remote/job-board,Pangian,core-engineering,,2026-02-05T04:11:12.388054
"Personal Training Manager (Remote)Crunch Fitness$90,000 - $150,000 per year| United States (USA) (North America)  | Education / Training  11 hours ago",Unknown,Remote - US,https://pangian.com/remote/job/personal-training-manager-remote-3,Pangian,core-engineering,,2026-02-05T04:11:12.388054
Customer Service Associate (Remote)Walgreens$15 - $17 per hour| United States (USA) (North America)  | Customer Support  11 hours ago,Unknown,Remote - US,https://pangian.com/remote/job/customer-service-associate-remote-151,Pangian,core-engineering,,2026-02-05T04:11:12.388054
Customer Service Representative (Remote)Circle K$15 - $15 per hour| United States (USA) (North America)  | Customer Support  11 hours ago,Unknown,Remote - US,https://pangian.com/remote/job/customer-service-representative-remote-1342,Pangian,core-engineering,,2026-02-05T04:11:12.388054
"Senior Machine Learning Scientist & EngineerLambert Nemec GroupC$110,000 - C$130,000 per year| Canada (North America)  | Engineering / IT  11 hours ago",Unknown,Remote - US,https://www.ziprecruiter.com/kn/AALRMjsRRdVwsIw1kJxcGLC83Alfc2eW7Ev7EA9-KSNt4W7DIBnNEiECd3LB7G7-zyJLGfJRNAGN2CP-Vae4KlZB7BwtFQwgbgiGAeMi28CwN7o4X2mFktvAgmnZRUqxXwe1UqVFaW7XsCVUuPNAleGi_Xy196Ng3-zzHrrzo9djf21AP4o3DrV4AQ-eEJPXJ_HiT6ZvtpzzCltlyqqe2kybOPhUWNnBvLjbkVcCmps8G1pcDnTqxEHtmQ81l9xC4ZE-me7OVKkSIbcw4VZosTcQyIsnvxR3RpUh8397uJT5UDtA7faBvTVr8c2SILuXbqEce_JWOSluDgefwi8qrKUP7bW9MglSY-2_qoA3zQQGd6VSbRJGGrXEQd4PoL642JYM11yqMhh3xSnfBNYIo-kYfPyB7Hr6V7TKk6SL69oaMw7daR68AieJU6k9_F0nTEqK0Zd6kbBUdT_KU7804iP9CrHjEfMOQm9so_U,Pangian,core-engineering,,2026-02-05T04:11:12.388054
"Technical Sales RepresentativeMidland Resource RecoveryC$100,000 - C$150,000 per year| Canada (North America)  | Sales  11 hours ago",Unknown,Remote - US,https://www.ziprecruiter.com/kn/AALrnbpKZDvQT_bZDW9mHF-Ab3c0iTZoraPnwmO9S7uZm3d6nEve4m-ig-fzXsq6DwbCrfQP6MMolyUs6PPmtotXCLeTENbn2TICc3eHa1qcps9kec4vBhgEFmoIs78iQhL1Rg4Ej-EKbR5eDV-XtVgY5ghwdGgkdJI-nftZymITdCyNgBixS_Miwrdr_UhCP84xWsws4B5AJQwZixMfCq4NV6UxtvnuSm5DML2gjB_1doT8-n7y64xEhpwEWVOkiOcLU3inEZjMT2ZWybZOquUF4-8hbgx5fmYd5ki5Qz61Kv6mb3-0wKs_JVTewWDbS2qWMpWwSjk1ZwTnqjk3aK7G5pachAMvsB_XgWfc2a-Hr7pThCKRAobrJj5Ba46pQmZO9Gf62u-YQOHeQHiUCzU709t5t44lVQ7uWaZAj3vEYG7vlzwkc4JCI17dAVNKWv6FCATwUwdMbyNy0OmmQZ644jTHI4E,Pangian,core-engineering,,2026-02-05T04:11:12.388054
"100% Remote - Entry-Level Customer Sales RepresentativeGlobe Life InsuranceC$60,000 - C$80,000 per year| Canada (North America)  | Sales  11 hours ago",Unknown,Remote - US,https://www.ziprecruiter.com/kn/AAIyadVqajXVyF2BI83ZmrzCaW_eQ_5XQZSS-dl1M2zSVERGDhs5y3HzKH7CVq11YLNMj32cXG49YAaVbEb3Gv1fLC0XejQt04bDnSZOXb3AAA0g7XzYot0Qv3Rw0kcwgJOeSPkwQJKx7CCYy0s4rw5XuzP7NqpHty5ej_3HzsdmS8jB6oYy4cq5yBxE-ZjYkmZx-gVz2V_o0M0glQHzqxIr7IpxSgsikjDTD5bepkvuAsckVt2544ZCMAeE90iQbdwE3_oScOdpY2dj31lWB53zEglFdO0VW8ccaYHiAY0pB6mn0yP0FfHE5DGDE-L00veB4lO6O6op6WICxt_FYb9qwmkfiBYyAA_DsMPLSsu3kksLZELuW34GUG5seFVDMfUTtzXGXlaZiEwsZyWOg8-121HHSHoq2Od2bwAbpNuyjMpA7eToHiWoFaRKOroMJE6Se7GeCVlQwMBvH2xr7h8AnGAKhfoyRWH7RR94S-kScSG6MAQihQ,Pangian,core-engineering,,2026-02-05T04:11:12.388054
"Enterprise Account Manager (Remote)ACAMSA$140,000 - A$145,000 per year| Canada (North America)  | Sales  16 hours ago",Unknown,Remote - US,https://pangian.com/remote/job/enterprise-account-manager-remote-64,Pangian,core-engineering,,2026-02-05T04:11:12.388054
Buyback SpecialistBirch Gold Group$22 - $24 per year| United States (USA) (North America)  | Sales  12 hours ago,Unknown,Remote - US,https://www.ziprecruiter.com/kn/AAL8WRr3p8qrHsRCoxk867GkLfT1XrGesgcJiqjFQwXgaPqeEocx5M5mjdy9BPe3hwcKhdPfvW6udxtZghbfVtfpnd1bcPHhRqBO2sDvco0HZr2I-1ETel9H43DGVQ7c8vgrfRAiq8tYMJoc1Fm_AMngc5Fkc9OJcGENco4XSWflgxiBha1-fDBj27IR3DdpxLu0ZrJ42FQbIxkrVvJfNDqWiGmET3XOqNZlbf75L57KGJbZcU3f7p7O1GIz66PlepFw13Z3OAwOGG_VEj3MmUd-ZLUzUCwBjTXpz--0Qs4qUIqjbTZ7-aZMLVbe3xlDXBlSOJBMgXye0FDUxiBTb_3qQMcBv1xK3B5jWIfEbRebpMTa7qV6S9NSoO4BJXWevmoi4yspvUDiyZvsO8mxVMKAyQh6Mh3_5Cubzkb65qWj_lFyrzZz7aN1byNDdQTsyWU,Pangian,core-engineering,,2026-02-05T04:11:12.388054
"Copy And Content Strategist (Remote)Gardyn$110,000 - $135,000 per year| United States (USA) (North America)  | Writing / Content  16 hours ago",Unknown,Remote - US,https://pangian.com/remote/job/copy-and-content-strategist-remote,Pangian,core-engineering,,2026-02-05T04:11:12.388054
"Ai Automation Specialist Cape Town (Remote)Bionic Talent$1,600 - $2,200 per month| South Africa (Africa)  | Other  16 hours ago",Unknown,Remote - US,https://pangian.com/remote/job/ai-automation-specialist-cape-town-remote-1,Pangian,core-engineering,,2026-02-05T04:11:12.388054
"Regional Sales Manager - Southeast RegionSDLG NORTH AMERICA CORP.$120,000 - $160,000 per year| United States (USA) (North America)  | Sales  12 hours ago",Unknown,Remote - US,https://www.ziprecruiter.com/kn/AALrZ3aBdx0YeeBq4MOYENU_KVFBFdSXTadFmwBd59jDGEp8SevBUfku5qaOOA_Frxjan34Ls6ggTlnHqDkOD9LE5iZsj4qD3JBNKy1W7NnuGX7MbjWm4yUL7eOtAiYXXhvlALHoVsRoGU7t7C6Zzg7TNdkWvKPdJo-PJ0uempbpDkr-MyMb3DY1WvFhSgArvR6d_KxZHcSJ9_90m_vamwhDbvXt9levWLGoh4MaL2BN86wSe87Fj8mYxPwgVCjNV1Pl69EnGonk1VqNP6OwYy9l656Y9y6RHAh1-y2fqmS65Eo6l66smOhVniiAPPpKQkOGuBa5c0fUdalvKxHnsz9XFRnBn4iGtwWFNCfn-dyqYEHplogE2V8ecbaULbJpg4dJcT-bDl66LOcdv5dg8OpGedTKJ5OWsqJbT0BtDoLZUVv8Nc79GkqLcGzd5AJ5SOIq9qya9zixtBGpFPqxtREkpyGFjEl66vKWRFS6,Pangian,core-engineering,,2026-02-05T04:11:12.388054
"Communications and Marketing ManagerAmerican Forest Foundation$66,000 - $73,400 per year| United States (USA) (North America)  | Sales  12 hours ago",Unknown,Remote - US,https://www.ziprecruiter.com/kn/AAIxFBBBDCT2n0i3Tnobzhw66lnKpOAN1XPaj_tl5CsQUnL55w6tqCFQIKrl2y3TjOFC3_PbIzPPsdsppjfUPYyDDk3BQuMvqIVYxG5m05ygM7HzDiWMjOnWYD1W2iY3c6yKSScn3jnvA6QiTSQ4bo8VOQ3Z0rBfM9KvtunFc24mrspKcHWIXwstysFjdpUjMDFVqa4NQOCEI4_3mWYrB-3A4CfYNZ8aU4N2VZWhLALgluAw3sWFn7Ts3zNpC0FvEV8cmRi_oHx1t2xBx7hIFm2yeVwz1HybUnKgR3aUBPXBfZYSsnC02qRVThw102y8u4vS2ELUbgs4_PRDUJ5xP_ZPJUj0Kz-cUeF8yUFz3lfRZzTSoHameqFR8fI34wt2Gqm2tV02eT1id_ssG_wmUycSsY0NsIMnEYW6yww5a6SkjxGSVC1hHpgyXQ5-N7Q9QU_Ef_6Qrh8FyKSsXd9r_G1FOgHXC5dbWWnv-SVe,Pangian,core-engineering,,2026-02-05T04:11:12.388054
Senior Software Engineer Learnwith Ai (Remote)Crossover$50 - $50 per hour| Turkey (Asia)  | Engineering / IT  16 hours ago,Unknown,Remote - US,https://pangian.com/remote/job/senior-software-engineer-learnwith-ai-remote-222,Pangian,core-engineering,,2026-02-05T04:11:12.388054
"Social Media Manager (Remote)Abogados NOW$25,000 - $40,000 per year| United States (USA) (North America)  | Marketing  16 hours ago",Unknown,Remote - US,https://pangian.com/remote/job/social-media-manager-remote-186,Pangian,core-engineering,,2026-02-05T04:11:12.388054
"Ai Automation Specialist Lima (Remote)Bionic Talent$1,600 - $2,200 per month| Peru (South America)  | Other  16 hours ago",Unknown,Remote - US,https://pangian.com/remote/job/ai-automation-specialist-lima-remote,Pangian,core-engineering,,2026-02-05T04:11:12.388054
"RecruiterDominion Payroll$65,000 - $75,000 per year| United States (USA) (North America)  | Sales  12 hours ago",Unknown,Remote - US,https://www.ziprecruiter.com/kn/AAKUIuLMiXdKFdtOowsE3oehtO9_09EtXkjoKqBzOn1fzuLaduT6qJO3MxXoQFF5CNgZhpEGdViex9XQ0ovG1crCexp3J9VfjQ8K-hRLsuG422CJF_0BMPw0sLsDOxu6X1nmX7wpU1g1lyJHyJgv6skQWqvcsKuVs_VZYVdax2JxSSiN0K_ST8LzxFZfvVR5CcT16F9cSAva3ygMxw0zzhgZYfZzlO9T75E5UX_Fc75WrQ_d83lDlq-RkeTY5v0B4uHtzb6tMlMbYl569b2eEicjEM74nwW_mKxN-GUAHx83jXrowXHXvpKMHngLGXY234z3bZQb8cvWZs3g67Zp53GnYVaDmTyJSC-eG8lhZnisHD-4954mSwahJvMH_zZCqtmQLN2ijb_p6JrOu4cF1J7hyXbXATO8Yc_UFX46Wo6rx4vgUfexX0g,Pangian,core-engineering,,2026-02-05T04:11:12.388054
ASP.net MVC Software Developer,You can cancel email alerts any time.,United States,https://www.nexxt.com/jobs/job/view?url=https%3a%2f%2fwww.nexxt.com%2ft%3ftcid%3d553%26ttid%3d2%26zid%3d585%26rtid%3d1%26rid%3d2147483659%26bydrpc%3d%26red%3dhttps%253a%252f%252fhire.nexxt.com%252fnexxtcareer%252fjobs%252fasp-net-mvc-software-developer-7238520-job%253funxtc%253dy%26src%3d626,Nexxt,core-engineering,,2026-02-05T04:11:12.388054
"Nexxt, Inc.",Unknown,United States,https://www.nexxt.com/js/form/searchform.asp?k=Nexxt%2C%20Inc.&kt=10&l=United%20States&ol=1016757&soid=5,Nexxt,core-engineering,,2026-02-05T04:11:12.388054
here.,Unknown,United States,https://www.nexxt.com/js/form/searchform.asp?mltid=0&soid=7,Nexxt,core-engineering,,2026-02-05T04:11:12.388054
REMOTE Senior Backend Engineer - Java,Unknown,United States,https://www.nexxt.com/jobs/job/view?url=https%3a%2f%2fwww.nexxt.com%2ft%3ftcid%3d83193%26ttid%3d2%26zid%3d585%26rtid%3d1%26rid%3d3140225050%26bydrpc%3d%26red%3dhttps%253a%252f%252fclick.appcast.io%252ft%252fO7M6Fu9z3i-tuiHve-Kz4O2L-fCuE7LVvRvBDsHQynu84rYfol0MScN_gvmAIUNf%26src%3d626,Nexxt,core-engineering,,2026-02-05T04:11:12.388054
Data Engineering Manager,Unknown,United States,https://www.nexxt.com/jobs/job/view?url=https%3a%2f%2fwww.nexxt.com%2ft%3ftcid%3d35501%26ttid%3d2%26zid%3d585%26rtid%3d1%26rid%3d3117934174%26bydrpc%3d%26red%3dhttps%253a%252f%252fjsco.re%252fh39lk%26src%3d626,Nexxt,core-engineering,,2026-02-05T04:11:12.388054
"Linkwell Health, Inc.",Unknown,United States,https://www.nexxt.com/js/form/searchform.asp?k=Linkwell%20Health%2C%20Inc.&kt=10&l=United%20States&ol=4748205&soid=5,Nexxt,core-engineering,,2026-02-05T04:11:12.388054
Senior Backend Engineer | Activision Blizzard Media,Unknown,United States,https://www.nexxt.com/jobs/job/view?url=https%3a%2f%2fwww.nexxt.com%2ft%3ftcid%3d83193%26ttid%3d2%26zid%3d585%26rtid%3d1%26rid%3d3145888402%26bydrpc%3d%26red%3dhttps%253a%252f%252fclick.appcast.io%252ft%252fPjUz7s9XuD9vx1P4MLl6fEx3h9l1lq1ShCMNQwamFoV2wcyhgYBXPzUfXml0Ypgu%26src%3d626,Nexxt,core-engineering,,2026-02-05T04:11:12.388054
Principal Backend Engineer,Unknown,United States,https://www.nexxt.com/jobs/job/view?url=https%3a%2f%2fwww.nexxt.com%2ft%3ftcid%3d83193%26ttid%3d2%26zid%3d585%26rtid%3d1%26rid%3d3136368337%26bydrpc%3d%26red%3dhttps%253a%252f%252fclick.appcast.io%252ft%252f_nQol41FJZEcEOyFchX05WNBXM5M5HWYzBO2kEhc35MY58SK-KpUEoXsRZg5cDB5%26src%3d626,Nexxt,core-engineering,,2026-02-05T04:11:12.388054
AEM Backend Engineer,Unknown,United States,https://www.nexxt.com/jobs/job/view?url=https%3a%2f%2fwww.nexxt.com%2ft%3ftcid%3d83193%26ttid%3d2%26zid%3d585%26rtid%3d1%26rid%3d3125198769%26bydrpc%3d%26red%3dhttps%253a%252f%252fclick.appcast.io%252ft%252fzUv627rvN1u92gte04uVxdoxvpRQ35M1myVc5yJXi9b-dpBy4tENeNVDGZ_ZTGQ7%26src%3d626,Nexxt,core-engineering,,2026-02-05T04:11:12.388054
Senior Backend Engineer (Solana),Unknown,United States,https://www.nexxt.com/jobs/job/view?url=https%3a%2f%2fwww.nexxt.com%2ft%3ftcid%3d83193%26ttid%3d2%26zid%3d585%26rtid%3d1%26rid%3d3052265248%26bydrpc%3d%26red%3dhttps%253a%252f%252fclick.appcast.io%252ft%252fit8XOdVt3xCeuGUY4MdLhHQzslLYQVisk8sWA5ESb9cgYPqLTqe7OveHOqPxgHrh%26src%3d626,Nexxt,core-engineering,,2026-02-05T04:11:12.388054
Senior Staff Backend Engineer (GOT),Unknown,United States,https://www.nexxt.com/jobs/job/view?url=https%3a%2f%2fwww.nexxt.com%2ft%3ftcid%3d83193%26ttid%3d2%26zid%3d585%26rtid%3d1%26rid%3d3126437337%26bydrpc%3d%26red%3dhttps%253a%252f%252fclick.appcast.io%252ft%252fF-7T36spzS2zAqzUFMmHqVvTunNuFgh3sGfRzOgY8CU0b317jkAjJLEUkAoUuXyk%26src%3d626,Nexxt,core-engineering,,2026-02-05T04:11:12.388054
Backend Engineer (Lead) ID48360,Unknown,United States,https://www.nexxt.com/jobs/job/view?url=https%3a%2f%2fwww.nexxt.com%2ft%3ftcid%3d83193%26ttid%3d2%26zid%3d585%26rtid%3d1%26rid%3d3149861390%26bydrpc%3d%26red%3dhttps%253a%252f%252fclick.appcast.io%252ft%252fMscTqjdBpt13fpMLQ4w7H-K1u4bf7Cfs1C0AjfPTDSQxfPntUt-j5mJyyHaphIaN%26src%3d626,Nexxt,core-engineering,,2026-02-05T04:11:12.388054
"Staff Software Engineer, Backend Engineering",Unknown,United States,https://www.nexxt.com/jobs/job/view?url=https%3a%2f%2fwww.nexxt.com%2ft%3ftcid%3d83193%26ttid%3d2%26zid%3d585%26rtid%3d1%26rid%3d3118217375%26bydrpc%3d%26red%3dhttps%253a%252f%252fclick.appcast.io%252ft%252fXiab8MgBAF5y8f90dQGxOHqRLgRN3KB9kpU2CyBOFoKRcrhWOEemsO_rgBLjw3rf%26src%3d626,Nexxt,core-engineering,,2026-02-05T04:11:12.388054
Senior Backend Engineer - Submission Processing Team (USA),Unknown,United States,https://www.nexxt.com/jobs/job/view?url=https%3a%2f%2fwww.nexxt.com%2ft%3ftcid%3d83193%26ttid%3d2%26zid%3d585%26rtid%3d1%26rid%3d3131803970%26bydrpc%3d%26red%3dhttps%253a%252f%252fclick.appcast.io%252ft%252fDAavfTvnk7Dly2gwoKd5H9x4wpN3kzrXnN3KekoBMwJeWRnSRkqvzbLHZQ6WDmOf%26src%3d626,Nexxt,core-engineering,,2026-02-05T04:11:12.388054
JAVA Backend Engineer,Unknown,United States,https://www.nexxt.com/jobs/job/view?url=https%3a%2f%2fwww.nexxt.com%2ft%3ftcid%3d83193%26ttid%3d2%26zid%3d585%26rtid%3d1%26rid%3d3070794249%26bydrpc%3d%26red%3dhttps%253a%252f%252fclick.appcast.io%252ft%252fFYP8MFr3AJF91WyQ261_v9Z41wUoAgwTfWmGD0qn8lKpx12lvDjke0KvCoamaIeP%26src%3d626,Nexxt,core-engineering,,2026-02-05T04:11:12.388054
Backend Engineer - Infrastructure & DevOps,Unknown,United States,https://www.nexxt.com/jobs/job/view?url=https%3a%2f%2fwww.nexxt.com%2ft%3ftcid%3d83193%26ttid%3d2%26zid%3d585%26rtid%3d1%26rid%3d3144107015%26bydrpc%3d%26red%3dhttps%253a%252f%252fclick.appcast.io%252ft%252fH3hFd0gGdsGlGlRhAJCUHnIRLG_tHkigL2VENvRKqTfGMPd3ZsImq75lcTrGXD_N%26src%3d626,Nexxt,core-engineering,,2026-02-05T04:11:12.388054
"Backend Engineer, Consumer Products",Unknown,United States,https://www.nexxt.com/jobs/job/view?url=https%3a%2f%2fwww.nexxt.com%2ft%3ftcid%3d83193%26ttid%3d2%26zid%3d585%26rtid%3d1%26rid%3d3138771725%26bydrpc%3d%26red%3dhttps%253a%252f%252fclick.appcast.io%252ft%252f6dZ3MKDJofVlrQgmAJXohx8XVfuJ2_cvR6RwsOr2pxwGyGGFfluXLdKYBHICJgle%26src%3d626,Nexxt,core-engineering,,2026-02-05T04:11:12.388054
"Software Engineering Intern (Rockwall, TX)",Unknown,United States,https://www.nexxt.com/jobs/job/view?url=https%3a%2f%2fwww.nexxt.com%2ft%3ftcid%3d38912%26ttid%3d2%26zid%3d585%26rtid%3d1%26rid%3d3148597161%26bydrpc%3d%26red%3dhttps%253a%252f%252fdsp.prng.co%252fa4etb_b%26src%3d626,Nexxt,core-engineering,,2026-02-05T04:11:12.388054
L3Harris Technologies,Unknown,United States,https://www.nexxt.com/js/form/searchform.asp?k=L3Harris%20Technologies&kt=10&l=United%20States&ol=4769917&soid=5,Nexxt,core-engineering,,2026-02-05T04:11:12.388054
"Software Engineering Intern (Rockwall, TX)",Unknown,United States,https://www.nexxt.com/jobs/job/view?url=https%3a%2f%2fwww.nexxt.com%2ft%3ftcid%3d38912%26ttid%3d2%26zid%3d585%26rtid%3d1%26rid%3d3148597164%26bydrpc%3d%26red%3dhttps%253a%252f%252fdsp.prng.co%252fiZlXRtb%26src%3d626,Nexxt,core-engineering,,2026-02-05T04:11:12.388054
"Software Engineering Intern (Rockwall, TX)",Unknown,United States,https://www.nexxt.com/jobs/job/view?url=https%3a%2f%2fwww.nexxt.com%2ft%3ftcid%3d38912%26ttid%3d2%26zid%3d585%26rtid%3d1%26rid%3d3148597162%26bydrpc%3d%26red%3dhttps%253a%252f%252fdsp.prng.co%252fo6YOJVb%26src%3d626,Nexxt,core-engineering,,2026-02-05T04:11:12.388054
"Software Engineering Intern (Rockwall, TX)",Unknown,United States,https://www.nexxt.com/jobs/job/view?url=https%3a%2f%2fwww.nexxt.com%2ft%3ftcid%3d38912%26ttid%3d2%26zid%3d585%26rtid%3d1%26rid%3d3148597165%26bydrpc%3d%26red%3dhttps%253a%252f%252fdsp.prng.co%252fJA78Igb%26src%3d626,Nexxt,core-engineering,,2026-02-05T04:11:12.388054
"Software Engineering Intern (Rockwall, TX)",Unknown,United States,https://www.nexxt.com/jobs/job/view?url=https%3a%2f%2fwww.nexxt.com%2ft%3ftcid%3d38912%26ttid%3d2%26zid%3d585%26rtid%3d1%26rid%3d3148597163%26bydrpc%3d%26red%3dhttps%253a%252f%252fdsp.prng.co%252fJEpo3db%26src%3d626,Nexxt,core-engineering,,2026-02-05T04:11:12.388054
Java OR .NET Backend Engineer (Data Systems),Unknown,United States,https://www.nexxt.com/jobs/job/view?url=https%3a%2f%2fwww.nexxt.com%2ft%3ftcid%3d83193%26ttid%3d2%26zid%3d585%26rtid%3d1%26rid%3d3148739789%26bydrpc%3d%26red%3dhttps%253a%252f%252fclick.appcast.io%252ft%252fs7W0hBV_4Rcm8p-AvGcMf_54tuKMsQa6Ub6b7-JbJWvLJ9pis8z5dd_xsr0Ky85R%26src%3d626,Nexxt,core-engineering,,2026-02-05T04:11:12.388054
Junior Crypto Analyst & Trader,"Junior Crypto Analyst & Trader
									
								
								 
								
							
							 verified
							
																											
											ELEMENTAL TERRA										
									
																🌏 Worldwide💰 $50k - $70k⏰ Part time",Remote,https://remoteok.com/remote-jobs/remote-junior-crypto-analyst-trader-elemental-terra-1130008,RemoteOK,core-engineering,,2026-02-05T04:11:12.388054
$1k Weekly Work from Home Assistant,"$1k Weekly Work from Home Assistant
									
								
								 
								
							
							
							
																											
											Best Estimate Pro										
									
																🇺🇸 United States💰 $90k - $140k",Remote,https://remoteok.com/remote-jobs/remote-1k-weekly-work-from-home-assistant-best-estimate-pro-1129763,RemoteOK,core-engineering,,2026-02-05T04:11:12.388054
Senior Full Stack Engineer,"Senior Full Stack Engineer
									
								
								 
								
							
							 🎈
							
																											
											Aguru UK										
									
																🇪🇺 Europe🇬🇧 United Kingdom💰 $60k - $100k⏰ Contractor",Remote,https://remoteok.com/remote-jobs/remote-senior-full-stack-engineer-aguru-uk-1104983,RemoteOK,core-engineering,,2026-02-05T04:11:12.388054
Senior Software Engineer,"Senior Software Engineer
									
								
								 
								
							
							 🎈
							
																											
											Stellar AI										
									
																🇪🇺 Europe🌎 North America🇬🇧 United Kingdom🇦🇺 Australia🇳🇿 New Zealand💰 $90k - $130k⏰ Contractor",Remote,https://remoteok.com/remote-jobs/remote-senior-software-engineer-stellar-ai-1128869,RemoteOK,core-engineering,,2026-02-05T04:11:12.388054
Full Stack Product Engineer,"Full Stack Product Engineer
									
								
								 
								
							
							 🎈 verified
							
																											
											Jiga										
									
																🇺🇸 United States🇪🇺 Europe💰 $100k - $190k",Remote,https://remoteok.com/remote-jobs/remote-full-stack-product-engineer-jiga-1129403,RemoteOK,core-engineering,,2026-02-05T04:11:12.388054
Implementation Specialist Spanish Speaking,"Implementation Specialist Spanish Speaking
									
								
								 
								
							
							
							
																											
											Roofr										
									
									 							🌏 Probably worldwide💰 Upgrade to Premium to see salary",Remote,https://remoteok.com/remote-jobs/remote-implementation-specialist-spanish-speaking-roofr-1130086,RemoteOK,core-engineering,,2026-02-05T04:11:12.388054
DevOps Engineer,"DevOps Engineer
									
								
								 
								
							
							
							
																											
											Higher Logic										
									
									 							Remote-Ontario, Quebec💰 Upgrade to Premium to see salary",Remote,https://remoteok.com/remote-jobs/remote-devops-engineer-higher-logic-1130083,RemoteOK,core-engineering,,2026-02-05T04:11:12.388054
Senior Angular Software Engineer,"Senior Angular Software Engineer
									
								
								 
								
							
							
							
																											
											Aiwyn										
									
									 							🌏 Probably worldwide💰 Upgrade to Premium to see salary",Remote,https://remoteok.com/remote-jobs/remote-senior-angular-software-engineer-aiwyn-1130082,RemoteOK,core-engineering,,2026-02-05T04:11:12.388054
Machine Learning Engineer II Ad Forecasting,"Machine Learning Engineer II Ad Forecasting
									
								
								 
								
							
							
							
																											
											Spotify										
									
									 							New York, NY💰 Upgrade to Premium to see salary",Remote,https://remoteok.com/remote-jobs/remote-machine-learning-engineer-ii-ad-forecasting-spotify-1130081,RemoteOK,core-engineering,,2026-02-05T04:11:12.388054
Finance Controller,"Finance Controller
									
								
								 
								
							
							
							
																											
											Fresh Prints										
									
									 							The Philippines💰 Upgrade to Premium to see salary",Remote,https://remoteok.com/remote-jobs/remote-finance-controller-fresh-prints-1130080,RemoteOK,core-engineering,,2026-02-05T04:11:12.388054
Copy Writer Advertising Agency,"Copy Writer Advertising Agency
									
								
								 
								
							
							
							
																											
											Affinitiv										
									
									 							🌏 Probably worldwide💰 Upgrade to Premium to see salary",Remote,https://remoteok.com/remote-jobs/remote-copy-writer-advertising-agency-affinitiv-1130079,RemoteOK,core-engineering,,2026-02-05T04:11:12.388054
Staff Software Engineer Distributed Simulation,"Staff Software Engineer Distributed Simulation
									
								
								 
								
							
							
							
																											
											Anduril Industries										
									
																Seattle💰 Upgrade to Premium to see salary",Remote,https://remoteok.com/remote-jobs/remote-staff-software-engineer-distributed-simulation-anduril-industries-1130076,RemoteOK,core-engineering,,2026-02-05T04:11:12.388054
Systems Engineer Enterprise Middleware,"Systems Engineer Enterprise Middleware
									
								
								 
								
							
							
							
																											
											Spry Methods										
									
																Washington, DC💰 Upgrade to Premium to see salary",Remote,https://remoteok.com/remote-jobs/remote-systems-engineer-enterprise-middleware-spry-methods-1130075,RemoteOK,core-engineering,,2026-02-05T04:11:12.388054
Senior Sales Engineer Data & AI Security,"Senior Sales Engineer Data & AI Security
									
								
								 
								
							
							
							
																											
											Veeam Software										
									
																Netherlands💰 Upgrade to Premium to see salary",Remote,https://remoteok.com/remote-jobs/remote-senior-sales-engineer-data-ai-security-veeam-software-1130074,RemoteOK,core-engineering,,2026-02-05T04:11:12.388054
Software Development Engineer Test Brazil,"Software Development Engineer Test Brazil
									
								
								 
								
							
							
							
																											
											Platform Science										
									
																Londrina💰 Upgrade to Premium to see salary",Remote,https://remoteok.com/remote-jobs/remote-software-development-engineer-test-brazil-platform-science-1130073,RemoteOK,core-engineering,,2026-02-05T04:11:12.388054
Senior Enterprise Middleware Engineer,"Senior Enterprise Middleware Engineer
									
								
								 
								
							
							
							
																											
											Spry Methods										
									
																Washington, DC💰 Upgrade to Premium to see salary",Remote,https://remoteok.com/remote-jobs/remote-senior-enterprise-middleware-engineer-spry-methods-1130072,RemoteOK,core-engineering,,2026-02-05T04:11:12.388054
Technical Account Manager,"Technical Account Manager
									
								
								 
								
							
							
							
																											
											FireMon										
									
																UK, Remote💰 Upgrade to Premium to see salary",Remote,https://remoteok.com/remote-jobs/remote-technical-account-manager-firemon-1130071,RemoteOK,core-engineering,,2026-02-05T04:11:12.388054
Senior Angular Software Engineer,"Senior Angular Software Engineer
									
								
								 
								
							
							
							
																											
											Aiwyn										
									
																US based💰 Upgrade to Premium to see salary",Remote,https://remoteok.com/remote-jobs/remote-senior-angular-software-engineer-aiwyn-1130070,RemoteOK,core-engineering,,2026-02-05T04:11:12.388054
Platform Architect .NET Full stack,"Platform Architect .NET Full stack
									
								
								 
								
							
							
							
																											
											Ubiminds										
									
																💰 Upgrade to Premium to see salary",Remote,https://remoteok.com/remote-jobs/remote-platform-architect-net-full-stack-ubiminds-1130069,RemoteOK,core-engineering,,2026-02-05T04:11:12.388054
Licensed Customer Success Representative,"Licensed Customer Success Representative
									
								
								 
								
							
							
							
																											
											Thimble										
									
																United States💰 Upgrade to Premium to see salary",Remote,https://remoteok.com/remote-jobs/remote-licensed-customer-success-representative-thimble-1130068,RemoteOK,core-engineering,,2026-02-05T04:11:12.388054
Senior Curriculum Specialist Tax Staff Level Training,"Senior Curriculum Specialist Tax Staff Level Training
									
								
								 
								
							
							
							
																											
											Colibri Group										
									
																1 Remote💰 Upgrade to Premium to see salary",Remote,https://remoteok.com/remote-jobs/remote-senior-curriculum-specialist-tax-staff-level-training-colibri-group-1130067,RemoteOK,core-engineering,,2026-02-05T04:11:12.388054
SMM & Brand Communications Manager,"SMM & Brand Communications Manager
									
								
								 
								
							
							
							
																											
											Medier										
									
																🌏 Probably worldwide💰 Upgrade to Premium to see salary",Remote,https://remoteok.com/remote-jobs/remote-smm-brand-communications-manager-medier-1130066,RemoteOK,core-engineering,,2026-02-05T04:11:12.388054
Director of Business Development,"Director of Business Development
									
								
								 
								
							
							
							
																											
											Rocket Communications										
									
																💰 Upgrade to Premium to see salary",Remote,https://remoteok.com/remote-jobs/remote-director-of-business-development-rocket-communications-1130065,RemoteOK,core-engineering,,2026-02-05T04:11:12.388054
Director of Tax Operations,"Director of Tax Operations
									
								
								 
								
							
							
							
																											
											Whatnot										
									
																🌏 Probably worldwide💰 Upgrade to Premium to see salary",Remote,https://remoteok.com/remote-jobs/remote-director-of-tax-operations-whatnot-1130064,RemoteOK,core-engineering,,2026-02-05T04:11:12.388054
Cell Therapy Account Management North Carolina South Carolina,"Cell Therapy Account Management North Carolina South Carolina
									
								
								 
								
							
							
							
																											
											Iovance Biotherapeutics										
									
																North Carolina💰 Upgrade to Premium to see salary",Remote,https://remoteok.com/remote-jobs/remote-cell-therapy-account-management-north-carolina-south-carolina-iovance-biotherapeutics-1130063,RemoteOK,core-engineering,,2026-02-05T04:11:12.388054
NFL Data Scientist,"NFL Data Scientist
									
								
								 
								
							
							
							
																											
											Swish Analytics										
									
																San Francisco💰 Upgrade to Premium to see salary",Remote,https://remoteok.com/remote-jobs/remote-nfl-data-scientist-swish-analytics-1130062,RemoteOK,core-engineering,,2026-02-05T04:11:12.388054
Enterprise Product Manager,"Enterprise Product Manager
									
								
								 
								
							
							
							
																											
											Accurate Background										
									
																Remote, United States💰 Upgrade to Premium to see salary",Remote,https://remoteok.com/remote-jobs/remote-enterprise-product-manager-accurate-background-1130061,RemoteOK,core-engineering,,2026-02-05T04:11:12.388054
Principal Product Designer Map Viewer,"Principal Product Designer Map Viewer
									
								
								 
								
							
							
							
																											
											Esri										
									
																🌏 Probably worldwide💰 Upgrade to Premium to see salary",Remote,https://remoteok.com/remote-jobs/remote-principal-product-designer-map-viewer-esri-1130060,RemoteOK,core-engineering,,2026-02-05T04:11:12.388054
Clinical Trial Budget and Contracts Manager,"Clinical Trial Budget and Contracts Manager
									
								
								 
								
							
							
							
																											
											Natera										
									
																US Remote💰 Upgrade to Premium to see salary",Remote,https://remoteok.com/remote-jobs/remote-clinical-trial-budget-and-contracts-manager-natera-1130059,RemoteOK,core-engineering,,2026-02-05T04:11:12.388054
Manager Technical Writing,"Manager Technical Writing
									
								
								 
								
							
							
							
																											
											Torc Robotics										
									
																Remote - US💰 Upgrade to Premium to see salary",Remote,https://remoteok.com/remote-jobs/remote-manager-technical-writing-torc-robotics-1130058,RemoteOK,core-engineering,,2026-02-05T04:11:12.388054
Principal Product Manager Customer Experience and AI,"Principal Product Manager Customer Experience and AI
									
								
								 
								
							
							
							
																											
											Constant Contact										
									
																Remote - US💰 Upgrade to Premium to see salary",Remote,https://remoteok.com/remote-jobs/remote-principal-product-manager-customer-experience-and-ai-constant-contact-1130057,RemoteOK,core-engineering,,2026-02-05T04:11:12.388054
AI Automation Engineer Tech Lead,"AI Automation Engineer Tech Lead
									
								
								 
								
							
							
							
																											
											Myriad360										
									
																🌏 Probably worldwide💰 Upgrade to Premium to see salary",Remote,https://remoteok.com/remote-jobs/remote-ai-automation-engineer-tech-lead-myriad360-1130056,RemoteOK,core-engineering,,2026-02-05T04:11:12.388054
Product Data Analyst,"Product Data Analyst
									
								
								 
								
							
							
							
																											
											Big Health										
									
																Remote - US💰 Upgrade to Premium to see salary",Remote,https://remoteok.com/remote-jobs/remote-product-data-analyst-big-health-1130055,RemoteOK,core-engineering,,2026-02-05T04:11:12.388054
Complaint Analyst USA,"Complaint Analyst USA
									
								
								 
								
							
							
							
																											
											Calyxo										
									
																🌏 Probably worldwide💰 Upgrade to Premium to see salary",Remote,https://remoteok.com/remote-jobs/remote-complaint-analyst-usa-calyxo-1130054,RemoteOK,core-engineering,,2026-02-05T04:11:12.388054
Bilingual Care Coordinator,"Bilingual Care Coordinator
									
								
								 
								
							
							
							
																											
											Pair Team										
									
																Sacramento💰 Upgrade to Premium to see salary",Remote,https://remoteok.com/remote-jobs/remote-bilingual-care-coordinator-pair-team-1130053,RemoteOK,core-engineering,,2026-02-05T04:11:12.388054
Finance Expert Crypto,"Finance Expert Crypto
									
								
								 
								
							
							
							
																											
											xAI										
									
																💰 Upgrade to Premium to see salary",Remote,https://remoteok.com/remote-jobs/remote-finance-expert-crypto-xai-1130051,RemoteOK,core-engineering,,2026-02-05T04:11:12.388054
Manager Web Project Management,"Manager Web Project Management
									
								
								 
								
							
							
							
																											
											GoFundMe										
									
																🌏 Probably worldwide💰 Upgrade to Premium to see salary",Remote,https://remoteok.com/remote-jobs/remote-manager-web-project-management-gofundme-1130050,RemoteOK,core-engineering,,2026-02-05T04:11:12.388054
Sales Solution Engineer,"Sales Solution Engineer
									
								
								 
								
							
							
							
																											
											FlowFuse										
									
																💰 Upgrade to Premium to see salary",Remote,https://remoteok.com/remote-jobs/remote-sales-solution-engineer-flowfuse-1130049,RemoteOK,core-engineering,,2026-02-05T04:11:12.388054
Senior Python Software Engineer,"Senior Python Software Engineer
									
								
								 
								
							
							
							
																											
											Bloomreach										
									
																Slovakia💰 Upgrade to Premium to see salary",Remote,https://remoteok.com/remote-jobs/remote-senior-python-software-engineer-bloomreach-1130047,RemoteOK,core-engineering,,2026-02-05T04:11:12.388054
Implementation Specialist,"Implementation Specialist
									
								
								 
								
							
							
							
																											
											Karbon										
									
																Remote, United States💰 Upgrade to Premium to see salary",Remote,https://remoteok.com/remote-jobs/remote-implementation-specialist-karbon-1130046,RemoteOK,core-engineering,,2026-02-05T04:11:12.388054
Finance Expert Crypto,"Finance Expert Crypto
									
								
								 
								
							
							
							
																											
											xAI										
									
																🌏 Probably worldwide💰 Upgrade to Premium to see salary",Remote,https://remoteok.com/remote-jobs/remote-finance-expert-crypto-xai-1130045,RemoteOK,core-engineering,,2026-02-05T04:11:12.388054
Sales Representative,"Sales Representative
									
								
								 
								
							
							
							
																											
											InfStones										
									
																Texas💰 Upgrade to Premium to see salary",Remote,https://remoteok.com/remote-jobs/remote-sales-representative-infstones-1130044,RemoteOK,core-engineering,,2026-02-05T04:11:12.388054
Finance Expert Crypto,"Finance Expert Crypto
									
								
								 
								
							
							
							
																											
											xAI										
									
																🌏 Probably worldwide💰 Upgrade to Premium to see salary",Remote,https://remoteok.com/remote-jobs/remote-finance-expert-crypto-xai-1130043,RemoteOK,core-engineering,,2026-02-05T04:11:12.388054
Finance Expert Crypto,"Finance Expert Crypto
									
								
								 
								
							
							
							
																											
											xAI										
									
																🌏 Probably worldwide💰 Upgrade to Premium to see salary",Remote,https://remoteok.com/remote-jobs/remote-finance-expert-crypto-xai-1130042,RemoteOK,core-engineering,,2026-02-05T04:11:12.388054
Recruiting Operations Coordinator,"Recruiting Operations Coordinator
									
								
								 
								
							
							
							
																											
											Jerry.ai										
									
																Austin💰 Upgrade to Premium to see salary",Remote,https://remoteok.com/remote-jobs/remote-recruiting-operations-coordinator-jerry-ai-1130041,RemoteOK,core-engineering,,2026-02-05T04:11:12.388054
Senior Account Executive,"Senior Account Executive
									
								
								 
								
							
							
							
																											
											N2										
									
																Portsmouth, NH💰 Upgrade to Premium to see salary",Remote,https://remoteok.com/remote-jobs/remote-senior-account-executive-n2-1130040,RemoteOK,core-engineering,,2026-02-05T04:11:12.388054
Licensed Professional Counselor,"Licensed Professional Counselor
									
								
								 
								
							
							
							
																											
											Brave Health										
									
																🌏 Probably worldwide💰 Upgrade to Premium to see salary",Remote,https://remoteok.com/remote-jobs/remote-licensed-professional-counselor-brave-health-1130039,RemoteOK,core-engineering,,2026-02-05T04:11:12.388054
Staff Frontend Engineer,"Staff Frontend Engineer
									
								
								 
								
							
							
							
																											
											Alpaca										
									
																🌏 Probably worldwide💰 Upgrade to Premium to see salary",Remote,https://remoteok.com/remote-jobs/remote-staff-frontend-engineer-alpaca-1130038,RemoteOK,core-engineering,,2026-02-05T04:11:12.388054
Product Director Cards,"Product Director Cards
									
								
								 
								
							
							
							
																											
											Crypto.com										
									
																United States💰 Upgrade to Premium to see salary",Remote,https://remoteok.com/remote-jobs/remote-product-director-cards-crypto-com-1130037,RemoteOK,core-engineering,,2026-02-05T04:11:12.388054
Software Engineer,"Software Engineer
									
								
								 
								
							
							
							
																											
											OneStudyTeam										
									
																United States💰 Upgrade to Premium to see salary",Remote,https://remoteok.com/remote-jobs/remote-software-engineer-onestudyteam-1130036,RemoteOK,core-engineering,,2026-02-05T04:11:12.388054
Job 27268 Mid level DDL DML Developer Brazil,"Job 27268 Mid level DDL DML Developer Brazil
									
								
								 
								
							
							
							
																											
											CI&T										
									
																Brazil💰 Upgrade to Premium to see salary",Remote,https://remoteok.com/remote-jobs/remote-job-27268-mid-level-ddl-dml-developer-brazil-ciampt-1130035,RemoteOK,core-engineering,,2026-02-05T04:11:12.388054
Social Media Manager Platform,"Social Media Manager Platform
									
								
								 
								
							
							
							
																											
											Digital Media Management										
									
																United States💰 Upgrade to Premium to see salary",Remote,https://remoteok.com/remote-jobs/remote-social-media-manager-platform-digital-media-management-1130034,RemoteOK,core-engineering,,2026-02-05T04:11:12.388054
Social Media Manager Temporary,"Social Media Manager Temporary
									
								
								 
								
							
							
							
																											
											Digital Media Management										
									
																United States💰 Upgrade to Premium to see salary",Remote,https://remoteok.com/remote-jobs/remote-social-media-manager-temporary-digital-media-management-1130033,RemoteOK,core-engineering,,2026-02-05T04:11:12.388054
Job 27246 DevOps Strategy & Culture Lead Brazil,"Job 27246 DevOps Strategy & Culture Lead Brazil
									
								
								 
								
							
							
							
																											
											CI&T										
									
																Brazil💰 Upgrade to Premium to see salary",Remote,https://remoteok.com/remote-jobs/remote-job-27246-devops-strategy-amp-culture-lead-brazil-ciampt-1130032,RemoteOK,core-engineering,,2026-02-05T04:11:12.388054
Pre Sales Engineer,"Pre Sales Engineer
									
								
								 
								
							
							
							
																											
											Ajax Systems										
									
																Guadalajara💰 Upgrade to Premium to see salary",Remote,https://remoteok.com/remote-jobs/remote-pre-sales-engineer-ajax-systems-1130031,RemoteOK,core-engineering,,2026-02-05T04:11:12.388054
Senior Full Stack Engineer Ruby React,"Senior Full Stack Engineer Ruby React
									
								
								 
								
							
							
							
																											
											Ubiminds										
									
																💰 Upgrade to Premium to see salary",Remote,https://remoteok.com/remote-jobs/remote-senior-full-stack-engineer-ruby-react-ubiminds-1130030,RemoteOK,core-engineering,,2026-02-05T04:11:12.388054
Social Media Analyst Platform,"Social Media Analyst Platform
									
								
								 
								
							
							
							
																											
											Digital Media Management										
									
																United States💰 Upgrade to Premium to see salary",Remote,https://remoteok.com/remote-jobs/remote-social-media-analyst-platform-digital-media-management-1130029,RemoteOK,core-engineering,,2026-02-05T04:11:12.388054
B2B Marketing Manager,"B2B Marketing Manager
									
								
								 
								
							
							
							
																											
											Ajax Systems										
									
																🌏 Probably worldwide💰 Upgrade to Premium to see salary",Remote,https://remoteok.com/remote-jobs/remote-b2b-marketing-manager-ajax-systems-1130028,RemoteOK,core-engineering,,2026-02-05T04:11:12.388054
Senior Data Engineer,"Senior Data Engineer
									
								
								 
								
							
							
							
																											
											Oowlish Technology										
									
																🌏 Probably worldwide💰 Upgrade to Premium to see salary",Remote,https://remoteok.com/remote-jobs/remote-senior-data-engineer-oowlish-technology-1130027,RemoteOK,core-engineering,,2026-02-05T04:11:12.388054
Sr Security Engineer,"Sr Security Engineer
									
								
								 
								
							
							
							
																											
											True Zero Technologies										
									
																100% Remote💰 Upgrade to Premium to see salary",Remote,https://remoteok.com/remote-jobs/remote-sr-security-engineer-true-zero-technologies-1130026,RemoteOK,core-engineering,,2026-02-05T04:11:12.388054
Sales Operations Analyst,"Sales Operations Analyst
									
								
								 
								
							
							
							
																											
											Colibri Group										
									
																1 Remote💰 Upgrade to Premium to see salary",Remote,https://remoteok.com/remote-jobs/remote-sales-operations-analyst-colibri-group-1130025,RemoteOK,core-engineering,,2026-02-05T04:11:12.388054
Software Engineer,"Software Engineer
									
								
								 
								
							
							
							
																											
											Ren										
									
																🌏 Probably worldwide💰 Upgrade to Premium to see salary",Remote,https://remoteok.com/remote-jobs/remote-software-engineer-ren-1130024,RemoteOK,core-engineering,,2026-02-05T04:11:12.388054
Senior Manager Contracting & Credentialing,"Senior Manager Contracting & Credentialing
									
								
								 
								
							
							
							
																											
											Dreem Health										
									
																🌏 Probably worldwide💰 Upgrade to Premium to see salary",Remote,https://remoteok.com/remote-jobs/remote-senior-manager-contracting-credentialing-dreem-health-1130023,RemoteOK,core-engineering,,2026-02-05T04:11:12.388054
Revenue Operations Analyst,"Revenue Operations Analyst
									
								
								 
								
							
							
							
																											
											Steer										
									
																United States💰 Upgrade to Premium to see salary",Remote,https://remoteok.com/remote-jobs/remote-revenue-operations-analyst-steer-1130022,RemoteOK,core-engineering,,2026-02-05T04:11:12.388054
AVP Group Account Director Market Access Marketing,"AVP Group Account Director Market Access Marketing
									
								
								 
								
							
							
							
																											
											Precision AQ										
									
																Remote, United States💰 Upgrade to Premium to see salary",Remote,https://remoteok.com/remote-jobs/remote-avp-group-account-director-market-access-marketing-precision-aq-1130020,RemoteOK,core-engineering,,2026-02-05T04:11:12.388054
Enterprise Account Executive,"Enterprise Account Executive
									
								
								 
								
							
							
							
																											
											Gong.io										
									
																US💰 Upgrade to Premium to see salary",Remote,https://remoteok.com/remote-jobs/remote-enterprise-account-executive-gong-io-1130019,RemoteOK,core-engineering,,2026-02-05T04:11:12.388054
Senior Manager Healthcare Privacy and Compliance,"Senior Manager Healthcare Privacy and Compliance
									
								
								 
								
							
							
							
																											
											Pharmaceutical Strategies Group LLC										
									
																🌏 Probably worldwide💰 Upgrade to Premium to see salary",Remote,https://remoteok.com/remote-jobs/remote-senior-manager-healthcare-privacy-and-compliance-pharmaceutical-strategies-group-llc-1130018,RemoteOK,core-engineering,,2026-02-05T04:11:12.388054
AI Automation Engineer,"AI Automation Engineer
									
								
								 
								
							
							
							
																											
											Lookout Inc										
									
																Remote, Canada💰 Upgrade to Premium to see salary",Remote,https://remoteok.com/remote-jobs/remote-ai-automation-engineer-lookout-inc-1130016,RemoteOK,core-engineering,,2026-02-05T04:11:12.388054
Software Reliability Engineer for AI,"Software Reliability Engineer for AI
									
								
								 
								
							
							
							
																											
											MixMode										
									
																🌏 Probably worldwide💰 Upgrade to Premium to see salary",Remote,https://remoteok.com/remote-jobs/remote-software-reliability-engineer-for-ai-mixmode-1130015,RemoteOK,core-engineering,,2026-02-05T04:11:12.388054
Head of Customer Success Engineering,"Head of Customer Success Engineering
									
								
								 
								
							
							
							
																											
											Hightouch										
									
																🌏 Probably worldwide💰 Upgrade to Premium to see salary",Remote,https://remoteok.com/remote-jobs/remote-head-of-customer-success-engineering-hightouch-1130014,RemoteOK,core-engineering,,2026-02-05T04:11:12.388054
Hardcore Software Engineer,"Hardcore Software Engineer
									
								
								 
								
							
							
							
																											
											DualEntry										
									
																🌏 Probably worldwide💰 Upgrade to Premium to see salary",Remote,https://remoteok.com/remote-jobs/remote-hardcore-software-engineer-dualentry-1130013,RemoteOK,core-engineering,,2026-02-05T04:11:12.388054
Google Cloud Platform Engineer,"Google Cloud Platform Engineer
									
								
								 
								
							
							
							
																											
											LIGHTFEATHER IO LLC										
									
																Washington, DC💰 Upgrade to Premium to see salary",Remote,https://remoteok.com/remote-jobs/remote-google-cloud-platform-engineer-lightfeather-io-llc-1130011,RemoteOK,core-engineering,,2026-02-05T04:11:12.388054
Business Development Representative,"Business Development Representative
									
								
								 
								
							
							
							
																											
											Extenteam Client Roles										
									
																Philippines💰 Upgrade to Premium to see salary",Remote,https://remoteok.com/remote-jobs/remote-business-development-representative-extenteam-client-roles-1130009,RemoteOK,core-engineering,,2026-02-05T04:11:12.388054
Senior Cloud Platform Engineer,"Senior Cloud Platform Engineer
									
								
								 
								
							
							
							
																											
											MX Technologies, Inc.										
									
																Lehi💰 Upgrade to Premium to see salary",Remote,https://remoteok.com/remote-jobs/remote-senior-cloud-platform-engineer-mx-technologies-inc-1130007,RemoteOK,core-engineering,,2026-02-05T04:11:12.388054
Product Designer II Design Systems,"Product Designer II Design Systems
									
								
								 
								
							
							
							
																											
											PitchBook Data										
									
																Seattle💰 Upgrade to Premium to see salary",Remote,https://remoteok.com/remote-jobs/remote-product-designer-ii-design-systems-pitchbook-data-1130006,RemoteOK,core-engineering,,2026-02-05T04:11:12.388054
Combination Welding Instructor,"Combination Welding Instructor
									
								
								 
								
							
							
							
																											
											Aviation Institute of Maintenance										
									
																Atlanta💰 Upgrade to Premium to see salary",Remote,https://remoteok.com/remote-jobs/remote-combination-welding-instructor-aviation-institute-of-maintenance-1130005,RemoteOK,core-engineering,,2026-02-05T04:11:12.388054
Associate Security Researcher,"Associate Security Researcher
									
								
								 
								
							
							
							
																											
											Cobalt										
									
																💰 Upgrade to Premium to see salary",Remote,https://remoteok.com/remote-jobs/remote-associate-security-researcher-cobalt-1130004,RemoteOK,core-engineering,,2026-02-05T04:11:12.388054
Software Engineer II,"Software Engineer II
									
								
								 
								
							
							
							
																											
											Noonlight										
									
																Austin, Texas💰 Upgrade to Premium to see salary",Remote,https://remoteok.com/remote-jobs/remote-software-engineer-ii-noonlight-1130003,RemoteOK,core-engineering,,2026-02-05T04:11:12.388054
Staff Software Engineer Frontend,"Staff Software Engineer Frontend
									
								
								 
								
							
							
							
																											
											Sigma Computing										
									
																San Francisco, CA💰 Upgrade to Premium to see salary",Remote,https://remoteok.com/remote-jobs/remote-staff-software-engineer-frontend-sigma-computing-1130002,RemoteOK,core-engineering,,2026-02-05T04:11:12.388054
Data & Technology Program Manager,"Data & Technology Program Manager
									
								
								 
								
							
							
							
																											
											Cottingham & Butler										
									
																Dubuque💰 Upgrade to Premium to see salary",Remote,https://remoteok.com/remote-jobs/remote-data-technology-program-manager-cottingham-butler-1130001,RemoteOK,core-engineering,,2026-02-05T04:11:12.388054
Senior Product Designer Ad Mission,"Senior Product Designer Ad Mission
									
								
								 
								
							
							
							
																											
											The New York Times										
									
																New York, NY💰 Upgrade to Premium to see salary",Remote,https://remoteok.com/remote-jobs/remote-senior-product-designer-ad-mission-the-new-york-times-1130000,RemoteOK,core-engineering,,2026-02-05T04:11:12.388054
Senior Software Engineer Frontend,"Senior Software Engineer Frontend
									
								
								 
								
							
							
							
																											
											Sigma Computing										
									
																San Francisco, CA💰 Upgrade to Premium to see salary",Remote,https://remoteok.com/remote-jobs/remote-senior-software-engineer-frontend-sigma-computing-1129999,RemoteOK,core-engineering,,2026-02-05T04:11:12.388054
Senior Product Manager Client Growth,"Senior Product Manager Client Growth
									
								
								 
								
							
							
							
																											
											BetterHelp										
									
																US💰 Upgrade to Premium to see salary",Remote,https://remoteok.com/remote-jobs/remote-senior-product-manager-client-growth-betterhelp-1129998,RemoteOK,core-engineering,,2026-02-05T04:11:12.388054
Entry Level Business Development Representative,"Entry Level Business Development Representative
									
								
								 
								
							
							
							
																											
											Bisnow										
									
																🌏 Probably worldwide💰 Upgrade to Premium to see salary",Remote,https://remoteok.com/remote-jobs/remote-entry-level-business-development-representative-bisnow-1129997,RemoteOK,core-engineering,,2026-02-05T04:11:12.388054
Product Marketing Manager,"Product Marketing Manager
									
								
								 
								
							
							
							
																											
											Crypto.com										
									
																United States💰 Upgrade to Premium to see salary",Remote,https://remoteok.com/remote-jobs/remote-product-marketing-manager-crypto-com-1129996,RemoteOK,core-engineering,,2026-02-05T04:11:12.388054
Product Designer II Actions,"Product Designer II Actions
									
								
								 
								
							
							
							
																											
											Datadog										
									
																🌏 Probably worldwide💰 Upgrade to Premium to see salary",Remote,https://remoteok.com/remote-jobs/remote-product-designer-ii-actions-datadog-1129995,RemoteOK,core-engineering,,2026-02-05T04:11:12.388054
Program Manager Community Support,"Program Manager Community Support
									
								
								 
								
							
							
							
																											
											Airbnb										
									
																🌏 Probably worldwide💰 Upgrade to Premium to see salary",Remote,https://remoteok.com/remote-jobs/remote-program-manager-community-support-airbnb-1129994,RemoteOK,core-engineering,,2026-02-05T04:11:12.388054
Senior Full Stack Software Engineer ClickPipes Platform,"Senior Full Stack Software Engineer ClickPipes Platform
									
								
								 
								
							
							
							
																											
											ClickHouse										
									
																Canada💰 Upgrade to Premium to see salary",Remote,https://remoteok.com/remote-jobs/remote-senior-full-stack-software-engineer-clickpipes-platform-clickhouse-1129992,RemoteOK,core-engineering,,2026-02-05T04:11:12.388054
Car Partnerships Manager,"Car Partnerships Manager
									
								
								 
								
							
							
							
																											
											SOUM										
									
																🌏 Probably worldwide💰 Upgrade to Premium to see salary",Remote,https://remoteok.com/remote-jobs/remote-car-partnerships-manager-soum-1129991,RemoteOK,core-engineering,,2026-02-05T04:11:12.388054
Sales Operations Manager,"Sales Operations Manager
									
								
								 
								
							
							
							
																											
											Inspira Education										
									
																New York City, New York💰 Upgrade to Premium to see salary",Remote,https://remoteok.com/remote-jobs/remote-sales-operations-manager-inspira-education-1129989,RemoteOK,core-engineering,,2026-02-05T04:11:12.388054
Business Development Representative USA,"Business Development Representative USA
									
								
								 
								
							
							
							
																											
											Storyblok										
									
																🌏 Probably worldwide💰 Upgrade to Premium to see salary",Remote,https://remoteok.com/remote-jobs/remote-business-development-representative-usa-storyblok-1129988,RemoteOK,core-engineering,,2026-02-05T04:11:12.388054
Senior Technical Writer,"Senior Technical Writer
									
								
								 
								
							
							
							
																											
											Prophecy										
									
																San Francisco💰 Upgrade to Premium to see salary",Remote,https://remoteok.com/remote-jobs/remote-senior-technical-writer-prophecy-1129986,RemoteOK,core-engineering,,2026-02-05T04:11:12.388054
Associate Business Development Representative,"Associate Business Development Representative
									
								
								 
								
							
							
							
																											
											MX Technologies, Inc.										
									
																Lehi💰 Upgrade to Premium to see salary",Remote,https://remoteok.com/remote-jobs/remote-associate-business-development-representative-mx-technologies-inc-1129985,RemoteOK,core-engineering,,2026-02-05T04:11:12.388054
Software Engineer Intern,"Software Engineer Intern
									
								
								 
								
							
							
							
																											
											Anduril Industries										
									
																Atlanta💰 Upgrade to Premium to see salary",Remote,https://remoteok.com/remote-jobs/remote-software-engineer-intern-anduril-industries-1129984,RemoteOK,core-engineering,,2026-02-05T04:11:12.388054
Senior Enterprise Customer Success Manager,"Senior Enterprise Customer Success Manager
									
								
								 
								
							
							
							
																											
											Signifyd										
									
																United States💰 Upgrade to Premium to see salary",Remote,https://remoteok.com/remote-jobs/remote-senior-enterprise-customer-success-manager-signifyd-1129983,RemoteOK,core-engineering,,2026-02-05T04:11:12.388054
Sales Development Representative,"Sales Development Representative
									
								
								 
								
							
							
							
																											
											2U Alumni Job Board										
									
																Arlington💰 Upgrade to Premium to see salary",Remote,https://remoteok.com/remote-jobs/remote-sales-development-representative-2u-alumni-job-board-1129982,RemoteOK,core-engineering,,2026-02-05T04:11:12.388054
Product Designer Mobile,"Product Designer Mobile
									
								
								 
								
							
							
							
																											
											Esri										
									
																Redlands💰 Upgrade to Premium to see salary",Remote,https://remoteok.com/remote-jobs/remote-product-designer-mobile-esri-1129981,RemoteOK,core-engineering,,2026-02-05T04:11:12.388054
QA Engineer,"QA Engineer
									
								
								 
								
							
							
							
																											
											MrBeast										
									
																Los Angeles💰 Upgrade to Premium to see salary",Remote,https://remoteok.com/remote-jobs/remote-qa-engineer-mrbeast-1129980,RemoteOK,core-engineering,,2026-02-05T04:11:12.388054
Hardware Infrastructure Site Reliability Engineer,"Hardware Infrastructure Site Reliability Engineer
									
								
								 
								
							
							
							
																											
											SpaceX										
									
																Redmond, WA💰 Upgrade to Premium to see salary",Remote,https://remoteok.com/remote-jobs/remote-hardware-infrastructure-site-reliability-engineer-spacex-1129979,RemoteOK,core-engineering,,2026-02-05T04:11:12.388054
Senior Database Engineer,"Senior Database Engineer
									
								
								 
								
							
							
							
																											
											NetDocuments										
									
																🌏 Probably worldwide💰 Upgrade to Premium to see salary",Remote,https://remoteok.com/remote-jobs/remote-senior-database-engineer-netdocuments-1129978,RemoteOK,core-engineering,,2026-02-05T04:11:12.388054
SDET Intern,"SDET Intern
									
								
								 
								
							
							
							
																											
											Prophecy										
									
																Bengaluru💰 Upgrade to Premium to see salary",Remote,https://remoteok.com/remote-jobs/remote-sdet-intern-prophecy-1129977,RemoteOK,core-engineering,,2026-02-05T04:11:12.388054
Software Engineer,"Software Engineer
									
								
								 
								
							
							
							
																											
											SpaceX										
									
																Redmond, WA💰 Upgrade to Premium to see salary",Remote,https://remoteok.com/remote-jobs/remote-software-engineer-spacex-1129976,RemoteOK,core-engineering,,2026-02-05T04:11:12.388054
Video Editor,"Video Editor
									
								
								 
								
							
							
							
																											
											QuillBot										
									
																Germany💰 Upgrade to Premium to see salary",Remote,https://remoteok.com/remote-jobs/remote-video-editor-quillbot-1129975,RemoteOK,core-engineering,,2026-02-05T04:11:12.388054
Engineering Manager,"Engineering Manager
									
								
								 
								
							
							
							
																											
											TPR Education, LLC										
									
																💰 Upgrade to Premium to see salary",Remote,https://remoteok.com/remote-jobs/remote-engineering-manager-tpr-education-llc-1129973,RemoteOK,core-engineering,,2026-02-05T04:11:12.388054
Customer Success Manager Public Sector,"Customer Success Manager Public Sector
									
								
								 
								
							
							
							
																											
											Anthropic										
									
																New York City, NY; San Francisco, CA; Washington, DC💰 Upgrade to Premium to see salary",Remote,https://remoteok.com/remote-jobs/remote-customer-success-manager-public-sector-anthropic-1129972,RemoteOK,core-engineering,,2026-02-05T04:11:12.388054
Operations Manager Los Angeles,"Operations Manager Los Angeles
									
								
								 
								
							
							
							
																											
											Blank Street										
									
																Los Angeles💰 Upgrade to Premium to see salary",Remote,https://remoteok.com/remote-jobs/remote-operations-manager-los-angeles-blank-street-1129971,RemoteOK,core-engineering,,2026-02-05T04:11:12.388054
Software QA Engineer,"Software QA Engineer
									
								
								 
								
							
							
							
																											
											Anduril Industries										
									
																Lexington, Massachusetts💰 Upgrade to Premium to see salary",Remote,https://remoteok.com/remote-jobs/remote-software-qa-engineer-anduril-industries-1129970,RemoteOK,core-engineering,,2026-02-05T04:11:12.388054
Software Engineer,"Software Engineer
									
								
								 
								
							
							
							
																											
											LINQ										
									
																🌏 Probably worldwide💰 Upgrade to Premium to see salary",Remote,https://remoteok.com/remote-jobs/remote-software-engineer-linq-1129969,RemoteOK,core-engineering,,2026-02-05T04:11:12.388054
Principal Customer Success Manager,"Principal Customer Success Manager
									
								
								 
								
							
							
							
																											
											Checkr										
									
																Denver, Colorado, United States; San Francisco, California, United States💰 Upgrade to Premium to see salary",Remote,https://remoteok.com/remote-jobs/remote-principal-customer-success-manager-checkr-1129968,RemoteOK,core-engineering,,2026-02-05T04:11:12.388054
Data Center Firewall & Network Security Engineer,"Data Center Firewall & Network Security Engineer
									
								
								 
								
							
							
							
																											
											Cerebras Systems										
									
																Sunnyvale, CA💰 Upgrade to Premium to see salary",Remote,https://remoteok.com/remote-jobs/remote-data-center-firewall-network-security-engineer-cerebras-systems-1129967,RemoteOK,core-engineering,,2026-02-05T04:11:12.388054
Commercial Account Executive,"Commercial Account Executive
									
								
								 
								
							
							
							
																											
											dbt Labs										
									
																Austin, Texas💰 Upgrade to Premium to see salary",Remote,https://remoteok.com/remote-jobs/remote-commercial-account-executive-dbt-labs-1129966,RemoteOK,core-engineering,,2026-02-05T04:11:12.388054
Customer Success Digital Programs Manager,"Customer Success Digital Programs Manager
									
								
								 
								
							
							
							
																											
											Mixpanel										
									
																New York City💰 Upgrade to Premium to see salary",Remote,https://remoteok.com/remote-jobs/remote-customer-success-digital-programs-manager-mixpanel-1129965,RemoteOK,core-engineering,,2026-02-05T04:11:12.388054
Senior UX Designer,"Senior UX Designer
									
								
								 
								
							
							
							
																											
											Mediacurrent										
									
																US💰 Upgrade to Premium to see salary",Remote,https://remoteok.com/remote-jobs/remote-senior-ux-designer-mediacurrent-1129963,RemoteOK,core-engineering,,2026-02-05T04:11:12.388054
Business Development Manager Finance,"Business Development Manager Finance
									
								
								 
								
							
							
							
																											
											Blueprint Technologies										
									
																🌏 Probably worldwide💰 Upgrade to Premium to see salary",Remote,https://remoteok.com/remote-jobs/remote-business-development-manager-finance-blueprint-technologies-1129962,RemoteOK,core-engineering,,2026-02-05T04:11:12.388054
Security Engineer,"Security Engineer
									
								
								 
								
							
							
							
																											
											Gallup										
									
																Berlin💰 Upgrade to Premium to see salary",Remote,https://remoteok.com/remote-jobs/remote-security-engineer-gallup-1129961,RemoteOK,core-engineering,,2026-02-05T04:11:12.388054
Talent Acquisition Specialist,"Talent Acquisition Specialist
									
								
								 
								
							
							
							
																											
											AlphaSense										
									
																🌏 Probably worldwide💰 Upgrade to Premium to see salary",Remote,https://remoteok.com/remote-jobs/remote-talent-acquisition-specialist-alphasense-1129960,RemoteOK,core-engineering,,2026-02-05T04:11:12.388054
Software Test Engineer,"Software Test Engineer
									
								
								 
								
							
							
							
																											
											Affinitiv										
									
																🌏 Probably worldwide💰 Upgrade to Premium to see salary",Remote,https://remoteok.com/remote-jobs/remote-software-test-engineer-affinitiv-1129959,RemoteOK,core-engineering,,2026-02-05T04:11:12.388054
Software Engineer,"Software Engineer
									
								
								 
								
							
							
							
																											
											Property Finder										
									
																Dubai💰 Upgrade to Premium to see salary",Remote,https://remoteok.com/remote-jobs/remote-software-engineer-property-finder-1129958,RemoteOK,core-engineering,,2026-02-05T04:11:12.388054
Brand Manager,"Brand Manager
									
								
								 
								
							
							
							
																											
											Interview Kickstart										
									
																🌏 Probably worldwide💰 Upgrade to Premium to see salary",Remote,https://remoteok.com/remote-jobs/remote-brand-manager-interview-kickstart-1129957,RemoteOK,core-engineering,,2026-02-05T04:11:12.388054
Video Editor,"Video Editor
									
								
								 
								
							
							
							
																											
											QuillBot										
									
																Germany💰 Upgrade to Premium to see salary",Remote,https://remoteok.com/remote-jobs/remote-video-editor-quillbot-1129956,RemoteOK,core-engineering,,2026-02-05T04:11:12.388054
SEO Specialist,"SEO Specialist
									
								
								 
								
							
							
							
																											
											Affinitiv										
									
																🌏 Probably worldwide💰 Upgrade to Premium to see salary",Remote,https://remoteok.com/remote-jobs/remote-seo-specialist-affinitiv-1129955,RemoteOK,core-engineering,,2026-02-05T04:11:12.388054
Platform Engineer,"Platform Engineer
									
								
								 
								
							
							
							
																											
											Affinitiv										
									
																tampa💰 Upgrade to Premium to see salary",Remote,https://remoteok.com/remote-jobs/remote-platform-engineer-affinitiv-1129954,RemoteOK,core-engineering,,2026-02-05T04:11:12.388054
Software Engineer Backend Intern,"Software Engineer Backend Intern
									
								
								 
								
							
							
							
																											
											Astranis										
									
																San Francisco, CA💰 Upgrade to Premium to see salary",Remote,https://remoteok.com/remote-jobs/remote-software-engineer-backend-intern-astranis-1129953,RemoteOK,core-engineering,,2026-02-05T04:11:12.388054
Mid Market Account Manager,"Mid Market Account Manager
									
								
								 
								
							
							
							
																											
											Cypress.io										
									
																United States💰 Upgrade to Premium to see salary",Remote,https://remoteok.com/remote-jobs/remote-mid-market-account-manager-cypress-io-1129952,RemoteOK,core-engineering,,2026-02-05T04:11:12.388054
Freelance Copywriter,"Freelance Copywriter
									
								
								 
								
							
							
							
																											
											Supergoop!										
									
																New York, NY💰 Upgrade to Premium to see salary",Remote,https://remoteok.com/remote-jobs/remote-freelance-copywriter-supergoop-1129951,RemoteOK,core-engineering,,2026-02-05T04:11:12.388054
Product Designer,"Product Designer
									
								
								 
								
							
							
							
																											
											Pattern Data										
									
																US💰 Upgrade to Premium to see salary",Remote,https://remoteok.com/remote-jobs/remote-product-designer-pattern-data-1129950,RemoteOK,core-engineering,,2026-02-05T04:11:12.388054
GenAI Security Engineer,"GenAI Security Engineer
									
								
								 
								
							
							
							
																											
											Point72										
									
																New York, NY💰 Upgrade to Premium to see salary",Remote,https://remoteok.com/remote-jobs/remote-genai-security-engineer-point72-1129949,RemoteOK,core-engineering,,2026-02-05T04:11:12.388054
Website Growth Manager,"Website Growth Manager
									
								
								 
								
							
							
							
																											
											Bitly Inc.										
									
																Remote - US💰 Upgrade to Premium to see salary",Remote,https://remoteok.com/remote-jobs/remote-website-growth-manager-bitly-inc-1129948,RemoteOK,core-engineering,,2026-02-05T04:11:12.388054
Senior Software Engineer,"Senior Software Engineer
									
								
								 
								
							
							
							
																											
											ZenBusiness Inc.										
									
																💰 Upgrade to Premium to see salary",Remote,https://remoteok.com/remote-jobs/remote-senior-software-engineer-zenbusiness-inc-1129947,RemoteOK,core-engineering,,2026-02-05T04:11:12.388054
Customer Success Manager,"Customer Success Manager
									
								
								 
								
							
							
							
																											
											Aspire										
									
																💰 Upgrade to Premium to see salary",Remote,https://remoteok.com/remote-jobs/remote-customer-success-manager-aspire-1129946,RemoteOK,core-engineering,,2026-02-05T04:11:12.388054
Customer Support Representative,"Customer Support Representative
									
								
								 
								
							
							
							
																											
											Civitas Learning										
									
																Latin America💰 Upgrade to Premium to see salary",Remote,https://remoteok.com/remote-jobs/remote-customer-support-representative-civitas-learning-1129945,RemoteOK,core-engineering,,2026-02-05T04:11:12.388054
Data Analyst,"Data Analyst
									
								
								 
								
							
							
							
																											
											Bolt.new										
									
																🌏 Probably worldwide💰 Upgrade to Premium to see salary",Remote,https://remoteok.com/remote-jobs/remote-data-analyst-bolt-new-1129944,RemoteOK,core-engineering,,2026-02-05T04:11:12.388054
Associate Product Designer,"Associate Product Designer
									
								
								 
								
							
							
							
																											
											Life360										
									
																Remote, USA💰 Upgrade to Premium to see salary",Remote,https://remoteok.com/remote-jobs/remote-associate-product-designer-life360-1129943,RemoteOK,core-engineering,,2026-02-05T04:11:12.388054
Senior UX Designer,"Senior UX Designer
									
								
								 
								
							
							
							
																											
											Success Academy Charter Schools										
									
																New York💰 Upgrade to Premium to see salary",Remote,https://remoteok.com/remote-jobs/remote-senior-ux-designer-success-academy-charter-schools-1129942,RemoteOK,core-engineering,,2026-02-05T04:11:12.388054
Customer Success Manager Foundation,"Customer Success Manager Foundation
									
								
								 
								
							
							
							
																											
											GoGuardian										
									
																United States💰 Upgrade to Premium to see salary",Remote,https://remoteok.com/remote-jobs/remote-customer-success-manager-foundation-goguardian-1129941,RemoteOK,core-engineering,,2026-02-05T04:11:12.388054
Operations Manager,"Operations Manager
									
								
								 
								
							
							
							
																											
											Kimball Equipment Company										
									
																Corona, California, United States💰 Upgrade to Premium to see salary",Remote,https://remoteok.com/remote-jobs/remote-operations-manager-kimball-equipment-company-1129940,RemoteOK,core-engineering,,2026-02-05T04:11:12.388054
Customer Success Manager,"Customer Success Manager
									
								
								 
								
							
							
							
																											
											Cordance										
									
																United States💰 Upgrade to Premium to see salary",Remote,https://remoteok.com/remote-jobs/remote-customer-success-manager-cordance-1129939,RemoteOK,core-engineering,,2026-02-05T04:11:12.388054
Software Engineer Sandboxing,"Software Engineer Sandboxing
									
								
								 
								
							
							
							
																											
											Anthropic										
									
																San Francisco, CA | New York City, NY💰 Upgrade to Premium to see salary",Remote,https://remoteok.com/remote-jobs/remote-software-engineer-sandboxing-anthropic-1129938,RemoteOK,core-engineering,,2026-02-05T04:11:12.388054
Senior Recruiter GTM & Sales,"Senior Recruiter GTM & Sales
									
								
								 
								
							
							
							
																											
											Human Interest										
									
																United States💰 Upgrade to Premium to see salary",Remote,https://remoteok.com/remote-jobs/remote-senior-recruiter-gtm-sales-human-interest-1129937,RemoteOK,core-engineering,,2026-02-05T04:11:12.388054
Site Reliability Engineer,"Site Reliability Engineer
									
								
								 
								
							
							
							
																											
											Point72										
									
																Bengaluru💰 Upgrade to Premium to see salary",Remote,https://remoteok.com/remote-jobs/remote-site-reliability-engineer-point72-1129936,RemoteOK,core-engineering,,2026-02-05T04:11:12.388054
Data Engineering Manager,"Data Engineering Manager
									
								
								 
								
							
							
							
																											
											Built Technologies										
									
																USA💰 Upgrade to Premium to see salary",Remote,https://remoteok.com/remote-jobs/remote-data-engineering-manager-built-technologies-1129935,RemoteOK,core-engineering,,2026-02-05T04:11:12.388054
Executive Assistant CEO,"Executive Assistant CEO
									
								
								 
								
							
							
							
																											
											Bobbie										
									
																Washington, DC💰 Upgrade to Premium to see salary",Remote,https://remoteok.com/remote-jobs/remote-executive-assistant-ceo-bobbie-1129934,RemoteOK,core-engineering,,2026-02-05T04:11:12.388054
Security Engineer,"Security Engineer
									
								
								 
								
							
							
							
																											
											AutoScout24										
									
																Berlin💰 Upgrade to Premium to see salary",Remote,https://remoteok.com/remote-jobs/remote-security-engineer-autoscout24-1129933,RemoteOK,core-engineering,,2026-02-05T04:11:12.388054
QA Manager Quality Assurance,"QA Manager Quality Assurance
									
								
								 
								
							
							
							
																											
											Grow Therapy										
									
																New York, NY💰 Upgrade to Premium to see salary",Remote,https://remoteok.com/remote-jobs/remote-qa-manager-quality-assurance-grow-therapy-1129932,RemoteOK,core-engineering,,2026-02-05T04:11:12.388054
Senior Customer Success Manager,"Senior Customer Success Manager
									
								
								 
								
							
							
							
																											
											AvidXchange, Inc.										
									
																Virtual💰 Upgrade to Premium to see salary",Remote,https://remoteok.com/remote-jobs/remote-senior-customer-success-manager-avidxchange-inc-1129931,RemoteOK,core-engineering,,2026-02-05T04:11:12.388054
Senior Software Engineer,"Senior Software Engineer
									
								
								 
								
							
							
							
																											
											Chainguard										
									
																🌏 Probably worldwide💰 Upgrade to Premium to see salary",Remote,https://remoteok.com/remote-jobs/remote-senior-software-engineer-chainguard-1129930,RemoteOK,core-engineering,,2026-02-05T04:11:12.388054
Software Engineer,"Software Engineer
									
								
								 
								
							
							
							
																											
											SpaceX										
									
																Hawthorne, CA💰 Upgrade to Premium to see salary",Remote,https://remoteok.com/remote-jobs/remote-software-engineer-spacex-1129929,RemoteOK,core-engineering,,2026-02-05T04:11:12.388054
Operations Manager Communications,"Operations Manager Communications
									
								
								 
								
							
							
							
																											
											Anthropic										
									
																New York City, NY💰 Upgrade to Premium to see salary",Remote,https://remoteok.com/remote-jobs/remote-operations-manager-communications-anthropic-1129928,RemoteOK,core-engineering,,2026-02-05T04:11:12.388054
Director of Customer Success & Account Management,"Director of Customer Success & Account Management
									
								
								 
								
							
							
							
																											
											Cast AI										
									
																NYC💰 Upgrade to Premium to see salary",Remote,https://remoteok.com/remote-jobs/remote-director-of-customer-success-account-management-cast-ai-1129927,RemoteOK,core-engineering,,2026-02-05T04:11:12.388054
SpendHound Business Development,"SpendHound Business Development
									
								
								 
								
							
							
							
																											
											YipitData										
									
																🌏 Probably worldwide💰 Upgrade to Premium to see salary",Remote,https://remoteok.com/remote-jobs/remote-spendhound-business-development-yipitdata-1129926,RemoteOK,core-engineering,,2026-02-05T04:11:12.388054
Business Development Representative,"Business Development Representative
									
								
								 
								
							
							
							
																											
											Spark Advisors										
									
																💰 Upgrade to Premium to see salary",Remote,https://remoteok.com/remote-jobs/remote-business-development-representative-spark-advisors-1129925,RemoteOK,core-engineering,,2026-02-05T04:11:12.388054
Director Sales,"Director Sales
									
								
								 
								
							
							
							
																											
											Eulerity										
									
																🌏 Probably worldwide💰 Upgrade to Premium to see salary",Remote,https://remoteok.com/remote-jobs/remote-director-sales-eulerity-1129924,RemoteOK,core-engineering,,2026-02-05T04:11:12.388054
Social Media Manager,"Social Media Manager
									
								
								 
								
							
							
							
																											
											OLIVER Agency										
									
																Kingston💰 Upgrade to Premium to see salary",Remote,https://remoteok.com/remote-jobs/remote-social-media-manager-oliver-agency-1129923,RemoteOK,core-engineering,,2026-02-05T04:11:12.388054
QA Engineer,"QA Engineer
									
								
								 
								
							
							
							
																											
											Upshop										
									
																Canada💰 Upgrade to Premium to see salary",Remote,https://remoteok.com/remote-jobs/remote-qa-engineer-upshop-1129922,RemoteOK,core-engineering,,2026-02-05T04:11:12.388054
Senior Site Reliability Engineer,"Senior Site Reliability Engineer
									
								
								 
								
							
							
							
																											
											Cloudbeds										
									
																Argentina💰 Upgrade to Premium to see salary",Remote,https://remoteok.com/remote-jobs/remote-senior-site-reliability-engineer-cloudbeds-1129921,RemoteOK,core-engineering,,2026-02-05T04:11:12.388054
Community Manager,"Community Manager
									
								
								 
								
							
							
							
																											
											Inkitt										
									
																San Francisco💰 Upgrade to Premium to see salary",Remote,https://remoteok.com/remote-jobs/remote-community-manager-inkitt-1129920,RemoteOK,core-engineering,,2026-02-05T04:11:12.388054
Stelo Support Engineer Database Administrator,"Stelo Support Engineer Database Administrator
									
								
								 
								
							
							
							
																											
											Stelo										
									
																💰 Upgrade to Premium to see salary",Remote,https://remoteok.com/remote-jobs/remote-stelo-support-engineer-database-administrator-stelo-1129919,RemoteOK,core-engineering,,2026-02-05T04:11:12.388054
Business Development Executive,"Business Development Executive
									
								
								 
								
							
							
							
																											
											Financial Times										
									
																Arizona; Florida💰 Upgrade to Premium to see salary",Remote,https://remoteok.com/remote-jobs/remote-business-development-executive-financial-times-1129918,RemoteOK,core-engineering,,2026-02-05T04:11:12.388054
Business Development Representative,"Business Development Representative
									
								
								 
								
							
							
							
																											
											Recorded Future										
									
																Boston, MA💰 Upgrade to Premium to see salary",Remote,https://remoteok.com/remote-jobs/remote-business-development-representative-recorded-future-1129917,RemoteOK,core-engineering,,2026-02-05T04:11:12.388054
Product Designer,"Product Designer
									
								
								 
								
							
							
							
																											
											AppLovin										
									
																Palo Alto, CA💰 Upgrade to Premium to see salary",Remote,https://remoteok.com/remote-jobs/remote-product-designer-applovin-1129916,RemoteOK,core-engineering,,2026-02-05T04:11:12.388054
Engineering Manager Data,"Engineering Manager Data
									
								
								 
								
							
							
							
																											
											GoCardless										
									
																Lisbon💰 Upgrade to Premium to see salary",Remote,https://remoteok.com/remote-jobs/remote-engineering-manager-data-gocardless-1129915,RemoteOK,core-engineering,,2026-02-05T04:11:12.388054
Operations Recruiter,"Operations Recruiter
									
								
								 
								
							
							
							
																											
											Metropolis										
									
																Fort Lauderdale💰 Upgrade to Premium to see salary",Remote,https://remoteok.com/remote-jobs/remote-operations-recruiter-metropolis-1129914,RemoteOK,core-engineering,,2026-02-05T04:11:12.388054
Site Reliability Engineer,"Site Reliability Engineer
									
								
								 
								
							
							
							
																											
											Linus Health										
									
																🌏 Probably worldwide💰 Upgrade to Premium to see salary",Remote,https://remoteok.com/remote-jobs/remote-site-reliability-engineer-linus-health-1129913,RemoteOK,core-engineering,,2026-02-05T04:11:12.388054
IT Security Engineer III,"IT Security Engineer III
									
								
								 
								
							
							
							
																											
											FloQast										
									
																🌏 Probably worldwide💰 Upgrade to Premium to see salary",Remote,https://remoteok.com/remote-jobs/remote-it-security-engineer-iii-floqast-1129912,RemoteOK,core-engineering,,2026-02-05T04:11:12.388054
Financial Analyst,"Financial Analyst
									
								
								 
								
							
							
							
																											
											Element Critical										
									
																🌏 Probably worldwide💰 Upgrade to Premium to see salary",Remote,https://remoteok.com/remote-jobs/remote-financial-analyst-element-critical-1129910,RemoteOK,core-engineering,,2026-02-05T04:11:12.388054
Senior DevOps Architect,"Senior DevOps Architect
									
								
								 
								
							
							
							
																											
											2100 NVIDIA USA										
									
																US, CA, Santa Clara💰 Upgrade to Premium to see salary",Remote,https://remoteok.com/remote-jobs/remote-senior-devops-architect-2100-nvidia-usa-1129909,RemoteOK,core-engineering,,2026-02-05T04:11:12.388054
Executive Assistant,"Executive Assistant
									
								
								 
								
							
							
							
																											
											Formlabs										
									
																Somerville💰 Upgrade to Premium to see salary",Remote,https://remoteok.com/remote-jobs/remote-executive-assistant-formlabs-1129908,RemoteOK,core-engineering,,2026-02-05T04:11:12.388054
Technical Writer,"Technical Writer
									
								
								 
								
							
							
							
																											
											Saronic										
									
																Austin, Texas💰 Upgrade to Premium to see salary",Remote,https://remoteok.com/remote-jobs/remote-technical-writer-saronic-1129906,RemoteOK,core-engineering,,2026-02-05T04:11:12.388054
Principal Software Engineer Dynamo,"Principal Software Engineer Dynamo
									
								
								 
								
							
							
							
																											
											2100 NVIDIA USA										
									
																US, CA, Santa Clara💰 Upgrade to Premium to see salary",Remote,https://remoteok.com/remote-jobs/remote-principal-software-engineer-dynamo-2100-nvidia-usa-1129905,RemoteOK,core-engineering,,2026-02-05T04:11:12.388054
Senior Technical Writer,"Senior Technical Writer
									
								
								 
								
							
							
							
																											
											AHEAD										
									
																🌏 Probably worldwide💰 Upgrade to Premium to see salary",Remote,https://remoteok.com/remote-jobs/remote-senior-technical-writer-ahead-1129904,RemoteOK,core-engineering,,2026-02-05T04:11:12.388054
Senior Product Analyst,"Senior Product Analyst
									
								
								 
								
							
							
							
																											
											Atlan										
									
																🌏 Probably worldwide💰 Upgrade to Premium to see salary",Remote,https://remoteok.com/remote-jobs/remote-senior-product-analyst-atlan-1129903,RemoteOK,core-engineering,,2026-02-05T04:11:12.388054
Senior Software Developer,"Senior Software Developer
									
								
								 
								
							
							
							
																											
											CapIntel										
									
																Montreal, QC💰 Upgrade to Premium to see salary",Remote,https://remoteok.com/remote-jobs/remote-senior-software-developer-capintel-1129902,RemoteOK,core-engineering,,2026-02-05T04:11:12.388054
Wattpad Director of Design,"Wattpad Director of Design
									
								
								 
								
							
							
							
																											
											WEBTOON Entertainment Inc. (Wattpad & WEBTOON Family of Brands)										
									
																Toronto, Ontario💰 Upgrade to Premium to see salary",Remote,https://remoteok.com/remote-jobs/remote-wattpad-director-of-design-webtoon-entertainment-inc-wattpad-amp-webtoon-family-of-brands-1129901,RemoteOK,core-engineering,,2026-02-05T04:11:12.388054
Senior Full Stack Software Engineer .NET Core Angular,"Senior Full Stack Software Engineer .NET Core Angular
									
								
								 
								
							
							
							
																											
											Ubiminds										
									
																💰 Upgrade to Premium to see salary",Remote,https://remoteok.com/remote-jobs/remote-senior-full-stack-software-engineer-net-core-angular-ubiminds-1129900,RemoteOK,core-engineering,,2026-02-05T04:11:12.388054
Product Support Specialist,"Product Support Specialist
									
								
								 
								
							
							
							
																											
											Datacor										
									
																🌏 Probably worldwide💰 Upgrade to Premium to see salary",Remote,https://remoteok.com/remote-jobs/remote-product-support-specialist-datacor-1129899,RemoteOK,core-engineering,,2026-02-05T04:11:12.388054
Wattpad Staff Product Manager,"Wattpad Staff Product Manager
									
								
								 
								
							
							
							
																											
											WEBTOON Entertainment Inc. (Wattpad & WEBTOON Family of Brands)										
									
																Toronto, Ontario💰 Upgrade to Premium to see salary",Remote,https://remoteok.com/remote-jobs/remote-wattpad-staff-product-manager-webtoon-entertainment-inc-wattpad-amp-webtoon-family-of-brands-1129898,RemoteOK,core-engineering,,2026-02-05T04:11:12.388054
Copywriter,"Copywriter
									
								
								 
								
							
							
							
																											
											Project Healthy Minds										
									
																New York, NY💰 Upgrade to Premium to see salary",Remote,https://remoteok.com/remote-jobs/remote-copywriter-project-healthy-minds-1129897,RemoteOK,core-engineering,,2026-02-05T04:11:12.388054
Associate Client Partner,"Associate Client Partner
									
								
								 
								
							
							
							
																											
											#paid										
									
																Toronto💰 Upgrade to Premium to see salary",Remote,https://remoteok.com/remote-jobs/remote-associate-client-partner-paid-1129896,RemoteOK,core-engineering,,2026-02-05T04:11:12.388054
Senior Director RevOps,"Senior Director RevOps
									
								
								 
								
							
							
							
																											
											DNSFilter										
									
																🌏 Probably worldwide💰 Upgrade to Premium to see salary",Remote,https://remoteok.com/remote-jobs/remote-senior-director-revops-dnsfilter-1129895,RemoteOK,core-engineering,,2026-02-05T04:11:12.388054
Workup & Settlement Attorney,"Workup & Settlement Attorney
									
								
								 
								
							
							
							
																											
											Keller Postman										
									
																🌏 Probably worldwide💰 Upgrade to Premium to see salary",Remote,https://remoteok.com/remote-jobs/remote-workup-settlement-attorney-keller-postman-1129894,RemoteOK,core-engineering,,2026-02-05T04:11:12.388054
Account Manager Embedded Security & Intelligence Programs,"Account Manager Embedded Security & Intelligence Programs
									
								
								 
								
							
							
							
																											
											Concentric										
									
																Seattle💰 Upgrade to Premium to see salary",Remote,https://remoteok.com/remote-jobs/remote-account-manager-embedded-security-intelligence-programs-concentric-1129893,RemoteOK,core-engineering,,2026-02-05T04:11:12.388054
Senior Support Engineer,"Senior Support Engineer
									
								
								 
								
							
							
							
																											
											HiveMQ										
									
																🌏 Probably worldwide💰 Upgrade to Premium to see salary",Remote,https://remoteok.com/remote-jobs/remote-senior-support-engineer-hivemq-1129892,RemoteOK,core-engineering,,2026-02-05T04:11:12.388054
Global Logistics Operations Manager,"Global Logistics Operations Manager
									
								
								 
								
							
							
							
																											
											Mill										
									
																San Bruno, California💰 Upgrade to Premium to see salary",Remote,https://remoteok.com/remote-jobs/remote-global-logistics-operations-manager-mill-1129891,RemoteOK,core-engineering,,2026-02-05T04:11:12.388054
"Backend Developer
                                        
                                        Insight
                                    

                                    
                                        
                                            Development
                                        

                                        

                                        
                                        Featured
                                        8 days ago
                                        8 days ago
                                    
                                

                                
                                    
                                        
                                        USA
                                    
                                    
                                        
                                        Full-time
                                    
                                    
                                        
                                        Senior Level
                                    
                                    
                                        
                                        
                                    
                                    
                                        
                                        $148k-$166k per year
                                    

                                    

                                    
                                    
                                

                                
                                
                                    Insight
                                    Featured
                                    8 days ago
                                    8 days ago",Unknown,Remote - North America,https://www.workingnomads.com/jobs/backend-developer-insight-1386508,Working Nomads,core-engineering,,2026-02-05T04:11:12.388054
"Coding Tech Bootcamp - Job Guaranteed by Metana
                                            Metana
                                            No coding experience required, Land a job with 1-on-1 expert support.
                                        
                                        
                                            
                                                
                                                    BOOTCAMP INFO",Metana,Remote - North America,https://link.metana.io/workingnomads,Working Nomads,core-engineering,,2026-02-05T04:11:12.388054
"Unlock the full database
                                                
                                                    
                                                        5K
                                                        Jobs visible now
                                                    
                                                    →
                                                    
                                                        30K+
                                                        With Premium
                                                    
                                                
                                                
                                                    
                                                        
                                                    
                                                    16%
                                                
                                                Join Premium",16%,Remote - North America,https://www.workingnomads.com/premium-subscription,Working Nomads,core-engineering,,2026-02-05T04:11:12.388054
"Backend Engineer
                                        
                                        Spotify
                                    

                                    
                                        
                                            Development
                                        

                                        

                                        
                                        Featured
                                        22 days ago
                                        22 days ago
                                    
                                

                                
                                    
                                        
                                        North America
                                    
                                    
                                        
                                        Full-time
                                    
                                    
                                        
                                        Mid Level
                                    
                                    
                                        
                                        
                                    
                                    
                                        
                                        $126k-$179k per year
                                    

                                    

                                    
                                    
                                

                                
                                
                                    Spotify
                                    Featured
                                    22 days ago
                                    22 days ago",Unknown,Remote - North America,https://www.workingnomads.com/jobs/backend-engineer-spotify-1358170,Working Nomads,core-engineering,,2026-02-05T04:11:12.388054
"Senior Backend Engineer
                                        
                                        Cloudbeds
                                    

                                    
                                        
                                            Development
                                        

                                        

                                        
                                        Featured
                                        1 day ago
                                        1 day ago
                                    
                                

                                
                                    
                                        
                                        Europe, Latin America, North America
                                    
                                    
                                        
                                        Full-time
                                    
                                    
                                        
                                        Senior Level
                                    
                                    
                                        
                                        
                                    
                                    
                                        
                                        
                                    

                                    

                                    
                                    
                                

                                
                                
                                    Cloudbeds
                                    Featured
                                    1 day ago
                                    1 day ago",Unknown,Remote - North America,https://www.workingnomads.com/jobs/senior-backend-engineer-cloudbeds-1397493,Working Nomads,core-engineering,,2026-02-05T04:11:12.388054
"Senior Backend Engineer
                                        
                                        Guidebook
                                    

                                    
                                        
                                            Development
                                        

                                        

                                        
                                        Featured
                                        9 days ago
                                        9 days ago
                                    
                                

                                
                                    
                                        
                                        USA
                                    
                                    
                                        
                                        Full-time
                                    
                                    
                                        
                                        Senior Level
                                    
                                    
                                        
                                        
                                    
                                    
                                        
                                        $120k-$160k per year
                                    

                                    

                                    
                                    
                                

                                
                                
                                    Guidebook
                                    Featured
                                    9 days ago
                                    9 days ago",Unknown,Remote - North America,https://www.workingnomads.com/jobs/senior-backend-engineer-guidebook,Working Nomads,core-engineering,,2026-02-05T04:11:12.388054
"Backend Engineer - PHP
                                        
                                        labcorp
                                    

                                    
                                        
                                            Development
                                        

                                        

                                        
                                        Featured
                                        11 days ago
                                        11 days ago
                                    
                                

                                
                                    
                                        
                                        USA
                                    
                                    
                                        
                                        Full-time
                                    
                                    
                                        
                                        Entry Level
                                    
                                    
                                        
                                        
                                    
                                    
                                        
                                        $75k-$90k per year
                                    

                                    

                                    
                                    
                                

                                
                                
                                    labcorp
                                    Featured
                                    11 days ago
                                    11 days ago",Unknown,Remote - North America,https://www.workingnomads.com/jobs/backend-engineer-php-labcorp,Working Nomads,core-engineering,,2026-02-05T04:11:12.388054
"Backend Developer (Node.js)
                                        
                                        Clearview
                                    

                                    
                                        
                                            Development
                                        

                                        

                                        
                                        Featured
                                        14 days ago
                                        14 days ago
                                    
                                

                                
                                    
                                        
                                        Anywhere
                                    
                                    
                                        
                                        Full-time
                                    
                                    
                                        
                                        
                                    
                                    
                                        
                                        
                                    
                                    
                                        
                                        
                                    

                                    

                                    
                                    
                                

                                
                                
                                    Clearview
                                    Featured
                                    14 days ago
                                    14 days ago",Unknown,Remote - North America,https://www.workingnomads.com/jobs/backend-developer-nodejs-clearview-1373657,Working Nomads,core-engineering,,2026-02-05T04:11:12.388054
"Senior Backend Engineer
                                        
                                        Heron Finance
                                    

                                    
                                        
                                            Development
                                        

                                        

                                        
                                        Featured
                                        15 days ago
                                        15 days ago
                                    
                                

                                
                                    
                                        
                                        USA, Canada
                                    
                                    
                                        
                                        Full-time
                                    
                                    
                                        
                                        Senior Level
                                    
                                    
                                        
                                        
                                    
                                    
                                        
                                        
                                    

                                    

                                    
                                    
                                

                                
                                
                                    Heron Finance
                                    Featured
                                    15 days ago
                                    15 days ago",Unknown,Remote - North America,https://www.workingnomads.com/jobs/senior-backend-engineer-heron-finance-1373077,Working Nomads,core-engineering,,2026-02-05T04:11:12.388054
"Staff Backend Engineer
                                        
                                        Heron Finance
                                    

                                    
                                        
                                            Development
                                        

                                        

                                        
                                        Featured
                                        15 days ago
                                        15 days ago
                                    
                                

                                
                                    
                                        
                                        USA
                                    
                                    
                                        
                                        Full-time
                                    
                                    
                                        
                                        Senior Level
                                    
                                    
                                        
                                        
                                    
                                    
                                        
                                        
                                    

                                    

                                    
                                    
                                

                                
                                
                                    Heron Finance
                                    Featured
                                    15 days ago
                                    15 days ago",Unknown,Remote - North America,https://www.workingnomads.com/jobs/staff-backend-engineer-heron-finance-1373071,Working Nomads,core-engineering,,2026-02-05T04:11:12.388054
"Senior Backend Engineer
                                        
                                        Gametime United
                                    

                                    
                                        
                                            Development
                                        

                                        

                                        
                                        Featured
                                        18 days ago
                                        18 days ago
                                    
                                

                                
                                    
                                        
                                        USA
                                    
                                    
                                        
                                        Full-time
                                    
                                    
                                        
                                        Senior Level
                                    
                                    
                                        
                                        
                                    
                                    
                                        
                                        $164k-$193k per year
                                    

                                    

                                    
                                    
                                

                                
                                
                                    Gametime United
                                    Featured
                                    18 days ago
                                    18 days ago",Unknown,Remote - North America,https://www.workingnomads.com/jobs/senior-backend-engineer-gametime-united-1365404,Working Nomads,core-engineering,,2026-02-05T04:11:12.388054
"Rust Backend Engineer
                                        
                                        Svix
                                    

                                    
                                        
                                            Development
                                        

                                        

                                        
                                        Featured
                                        23 days ago
                                        23 days ago
                                    
                                

                                
                                    
                                        
                                        USA, Europe
                                    
                                    
                                        
                                        Full-time
                                    
                                    
                                        
                                        Mid Level
                                    
                                    
                                        
                                        
                                    
                                    
                                        
                                        $130k-$160k per year
                                    

                                    

                                    
                                    
                                

                                
                                
                                    Svix
                                    Featured
                                    23 days ago
                                    23 days ago",Unknown,Remote - North America,https://www.workingnomads.com/jobs/rust-backend-engineer-svix-1355867,Working Nomads,core-engineering,,2026-02-05T04:11:12.388054
"Backend Software Engineer
                                        
                                        ActiveState
                                    

                                    
                                        
                                            Development
                                        

                                        

                                        
                                        Featured
                                        29 days ago
                                        29 days ago
                                    
                                

                                
                                    
                                        
                                        North America
                                    
                                    
                                        
                                        Full-time
                                    
                                    
                                        
                                        Mid Level
                                    
                                    
                                        
                                        
                                    
                                    
                                        
                                        $95k-$115k per year
                                    

                                    

                                    
                                    
                                

                                
                                
                                    ActiveState
                                    Featured
                                    29 days ago
                                    29 days ago",Unknown,Remote - North America,https://www.workingnomads.com/jobs/backend-software-engineer-activestate,Working Nomads,core-engineering,,2026-02-05T04:11:12.388054
"Staff Backend Engineer
                                        
                                        Cloudbeds
                                    

                                    
                                        
                                            Development
                                        

                                        

                                        
                                        Featured
                                        30 days ago
                                        30 days ago
                                    
                                

                                
                                    
                                        
                                        Europe, Latin America, North America
                                    
                                    
                                        
                                        Full-time
                                    
                                    
                                        
                                        Senior Level
                                    
                                    
                                        
                                        
                                    
                                    
                                        
                                        
                                    

                                    

                                    
                                    
                                

                                
                                
                                    Cloudbeds
                                    Featured
                                    30 days ago
                                    30 days ago",Unknown,Remote - North America,https://www.workingnomads.com/jobs/staff-backend-engineer-cloudbeds-1339398,Working Nomads,core-engineering,,2026-02-05T04:11:12.388054
"Sr. Software Engineer, Workflow (Backend  and Full Stack - Backend leaning)
                                        
                                        Zapier
                                    

                                    
                                        
                                            Development
                                        

                                        

                                        
                                        Featured
                                        25 days ago
                                        25 days ago
                                    
                                

                                
                                    
                                        
                                        North America
                                    
                                    
                                        
                                        Full-time
                                    
                                    
                                        
                                        Senior Level
                                    
                                    
                                        
                                        
                                    
                                    
                                        
                                        $174k-$261k per year
                                    

                                    

                                    
                                    
                                

                                
                                
                                    Zapier
                                    Featured
                                    25 days ago
                                    25 days ago",Unknown,Remote - North America,https://www.workingnomads.com/jobs/sr-software-engineer-workflow-backend-and-full-stack-backend-leaning-zapier-1351306,Working Nomads,core-engineering,,2026-02-05T04:11:12.388054
"Backend Software Engineer - Storefronts
                                        
                                        Airbnb
                                    

                                    
                                        
                                            Development
                                        

                                        

                                        
                                        Featured
                                        7 hours ago
                                        7 hours ago
                                    
                                

                                
                                    
                                        
                                        USA
                                    
                                    
                                        
                                        Full-time
                                    
                                    
                                        
                                        Senior Level
                                    
                                    
                                        
                                        
                                    
                                    
                                        
                                        $157k-$181k per year
                                    

                                    

                                    
                                    
                                

                                
                                
                                    Airbnb
                                    Featured
                                    7 hours ago
                                    7 hours ago",Unknown,Remote - North America,https://www.workingnomads.com/jobs/backend-software-engineer-storefronts-airbnb,Working Nomads,core-engineering,,2026-02-05T04:11:12.388054
"Software Developer (Backend SaaS)
                                        
                                        Canonical
                                    

                                    
                                        
                                            Development
                                        

                                        

                                        
                                        Featured
                                        1 day ago
                                        1 day ago
                                    
                                

                                
                                    
                                        
                                        North America, Latin America
                                    
                                    
                                        
                                        Full-time
                                    
                                    
                                        
                                        Mid Level
                                    
                                    
                                        
                                        
                                    
                                    
                                        
                                        
                                    

                                    

                                    
                                    
                                

                                
                                
                                    Canonical
                                    Featured
                                    1 day ago
                                    1 day ago",Unknown,Remote - North America,https://www.workingnomads.com/jobs/software-developer-backend-saas-canonical-1397313,Working Nomads,core-engineering,,2026-02-05T04:11:12.388054
"RPA Back End Developer
                                        
                                        Guidehouse
                                    

                                    
                                        
                                            Development
                                        

                                        

                                        
                                        Featured
                                        1 day ago
                                        1 day ago
                                    
                                

                                
                                    
                                        
                                        USA
                                    
                                    
                                        
                                        Full-time
                                    
                                    
                                        
                                        Mid Level
                                    
                                    
                                        
                                        
                                    
                                    
                                        
                                        $92k-$153k per year
                                    

                                    

                                    
                                    
                                

                                
                                
                                    Guidehouse
                                    Featured
                                    1 day ago
                                    1 day ago",Unknown,Remote - North America,https://www.workingnomads.com/jobs/rpa-back-end-developer-guidehouse,Working Nomads,core-engineering,,2026-02-05T04:11:12.388054
"Backend Software Engineer - Custody
                                        
                                        Kraken
                                    

                                    
                                        
                                            Development
                                        

                                        

                                        
                                        Featured
                                        3 days ago
                                        3 days ago
                                    
                                

                                
                                    
                                        
                                        USA, Canada
                                    
                                    
                                        
                                        Full-time
                                    
                                    
                                        
                                        Senior Level
                                    
                                    
                                        
                                        
                                    
                                    
                                        
                                        $110k-$221k per year
                                    

                                    

                                    
                                    
                                

                                
                                
                                    Kraken
                                    Featured
                                    3 days ago
                                    3 days ago",Unknown,Remote - North America,https://www.workingnomads.com/jobs/backend-software-engineer-custody-kraken-1394579,Working Nomads,core-engineering,,2026-02-05T04:11:12.388054
"Backend Product Software Engineer
                                        
                                        Dropbox
                                    

                                    
                                        
                                            Development
                                        

                                        

                                        
                                        Featured
                                        5 days ago
                                        5 days ago
                                    
                                

                                
                                    
                                        
                                        USA
                                    
                                    
                                        
                                        Full-time
                                    
                                    
                                        
                                        Mid Level
                                    
                                    
                                        
                                        
                                    
                                    
                                        
                                        $135k-$276k per year
                                    

                                    

                                    
                                    
                                

                                
                                
                                    Dropbox
                                    Featured
                                    5 days ago
                                    5 days ago",Unknown,Remote - North America,https://www.workingnomads.com/jobs/backend-product-software-engineer-dropbox-1391390,Working Nomads,core-engineering,,2026-02-05T04:11:12.388054
"Backend Product Software Engineer
                                        
                                        Dropbox
                                    

                                    
                                        
                                            Development
                                        

                                        

                                        
                                        Featured
                                        5 days ago
                                        5 days ago
                                    
                                

                                
                                    
                                        
                                        Canada
                                    
                                    
                                        
                                        Full-time
                                    
                                    
                                        
                                        Mid Level
                                    
                                    
                                        
                                        
                                    
                                    
                                        
                                        C$134k-C$228k per year
                                    

                                    

                                    
                                    
                                

                                
                                
                                    Dropbox
                                    Featured
                                    5 days ago
                                    5 days ago",Unknown,Remote - North America,https://www.workingnomads.com/jobs/backend-product-software-engineer-dropbox-1391350,Working Nomads,core-engineering,,2026-02-05T04:11:12.388054
"Backend Engineer - Feeds Experience
                                        
                                        Reddit
                                    

                                    
                                        
                                            Development
                                        

                                        

                                        
                                        Featured
                                        9 days ago
                                        9 days ago
                                    
                                

                                
                                    
                                        
                                        USA
                                    
                                    
                                        
                                        Full-time
                                    
                                    
                                        
                                        Senior Level
                                    
                                    
                                        
                                        
                                    
                                    
                                        
                                        $164k-$230k per year
                                    

                                    

                                    
                                    
                                

                                
                                
                                    Reddit
                                    Featured
                                    9 days ago
                                    9 days ago",Unknown,Remote - North America,https://www.workingnomads.com/jobs/backend-engineer-feeds-experience-reddit,Working Nomads,core-engineering,,2026-02-05T04:11:12.388054
"Senior Backend Engineer - GraphQL
                                        
                                        Airbnb
                                    

                                    
                                        
                                            Development
                                        

                                        

                                        
                                        Featured
                                        12 days ago
                                        12 days ago
                                    
                                

                                
                                    
                                        
                                        USA
                                    
                                    
                                        
                                        Full-time
                                    
                                    
                                        
                                        Senior Level
                                    
                                    
                                        
                                        
                                    
                                    
                                        
                                        $191k-$225k per year
                                    

                                    

                                    
                                    
                                

                                
                                
                                    Airbnb
                                    Featured
                                    12 days ago
                                    12 days ago",Unknown,Remote - North America,https://www.workingnomads.com/jobs/senior-backend-engineer-graphql-airbnb,Working Nomads,core-engineering,,2026-02-05T04:11:12.388054
"Senior Backend Software Engineer
                                        
                                        Megaport
                                    

                                    
                                        
                                            Development
                                        

                                        

                                        
                                        Featured
                                        13 days ago
                                        13 days ago
                                    
                                

                                
                                    
                                        
                                        Canada
                                    
                                    
                                        
                                        Full-time
                                    
                                    
                                        
                                        Senior Level
                                    
                                    
                                        
                                        
                                    
                                    
                                        
                                        
                                    

                                    

                                    
                                    
                                

                                
                                
                                    Megaport
                                    Featured
                                    13 days ago
                                    13 days ago",Unknown,Remote - North America,https://www.workingnomads.com/jobs/senior-backend-software-engineer-megaport-1378794,Working Nomads,core-engineering,,2026-02-05T04:11:12.388054
"Senior Backend Engineer II
                                        
                                        Gametime United
                                    

                                    
                                        
                                            Development
                                        

                                        

                                        
                                        Featured
                                        18 days ago
                                        18 days ago
                                    
                                

                                
                                    
                                        
                                        USA
                                    
                                    
                                        
                                        Full-time
                                    
                                    
                                        
                                        Senior Level
                                    
                                    
                                        
                                        
                                    
                                    
                                        
                                        $189k-$222k per year
                                    

                                    

                                    
                                    
                                

                                
                                
                                    Gametime United
                                    Featured
                                    18 days ago
                                    18 days ago",Unknown,Remote - North America,https://www.workingnomads.com/jobs/senior-backend-engineer-ii-gametime-united-1365412,Working Nomads,core-engineering,,2026-02-05T04:11:12.388054
"Senior Backend Software Engineer
                                        
                                        The Zebra
                                    

                                    
                                        
                                            Development
                                        

                                        

                                        
                                        Featured
                                        23 days ago
                                        23 days ago
                                    
                                

                                
                                    
                                        
                                        USA
                                    
                                    
                                        
                                        Full-time
                                    
                                    
                                        
                                        Senior Level
                                    
                                    
                                        
                                        
                                    
                                    
                                        
                                        $145k-$180k per year
                                    

                                    

                                    
                                    
                                

                                
                                
                                    The Zebra
                                    Featured
                                    23 days ago
                                    23 days ago",Unknown,Remote - North America,https://www.workingnomads.com/jobs/senior-backend-software-engineer-the-zebra-1353761,Working Nomads,core-engineering,,2026-02-05T04:11:12.388054
"Engineer - Backend (Events Team)
                                        
                                        Zapier
                                    

                                    
                                        
                                            Development
                                        

                                        

                                        
                                        Featured
                                        25 days ago
                                        25 days ago
                                    
                                

                                
                                    
                                        
                                        North America
                                    
                                    
                                        
                                        Full-time
                                    
                                    
                                        
                                        Senior Level
                                    
                                    
                                        
                                        
                                    
                                    
                                        
                                        $144k-$216k per year
                                    

                                    

                                    
                                    
                                

                                
                                
                                    Zapier
                                    Featured
                                    25 days ago
                                    25 days ago",Unknown,Remote - North America,https://www.workingnomads.com/jobs/engineer-backend-events-team-zapier-1351322,Working Nomads,core-engineering,,2026-02-05T04:11:12.388054
"Backend Engineer (PHP/Python)
                                        
                                        Betr
                                    

                                    
                                        
                                            Development
                                        

                                        

                                        
                                        Featured
                                        27 days ago
                                        27 days ago
                                    
                                

                                
                                    
                                        
                                        Canada
                                    
                                    
                                        
                                        Full-time
                                    
                                    
                                        
                                        Senior Level
                                    
                                    
                                        
                                        
                                    
                                    
                                        
                                        
                                    

                                    

                                    
                                    
                                

                                
                                
                                    Betr
                                    Featured
                                    27 days ago
                                    27 days ago",Unknown,Remote - North America,https://www.workingnomads.com/jobs/backend-engineer-phppython-betr-1346621,Working Nomads,core-engineering,,2026-02-05T04:11:12.388054
"Senior Backend Engineer - Product
                                        
                                        Mercury
                                    

                                    
                                        
                                            Development
                                        

                                        

                                        
                                        Featured
                                        29 days ago
                                        29 days ago
                                    
                                

                                
                                    
                                        
                                        USA, Canada
                                    
                                    
                                        
                                        Full-time
                                    
                                    
                                        
                                        Senior Level
                                    
                                    
                                        
                                        
                                    
                                    
                                        
                                        $167k-$208k per year
                                    

                                    

                                    
                                    
                                

                                
                                
                                    Mercury
                                    Featured
                                    29 days ago
                                    29 days ago",Unknown,Remote - North America,https://www.workingnomads.com/jobs/senior-backend-engineer-product-mercury-1342174,Working Nomads,core-engineering,,2026-02-05T04:11:12.388054
"Software Engineering Manager (Backend SaaS)
                                        
                                        Canonical
                                    

                                    
                                        
                                            Management
                                        

                                        

                                        
                                        Featured
                                        1 day ago
                                        1 day ago
                                    
                                

                                
                                    
                                        
                                        North America, Latin America
                                    
                                    
                                        
                                        Full-time
                                    
                                    
                                        
                                        Senior Level
                                    
                                    
                                        
                                        
                                    
                                    
                                        
                                        
                                    

                                    

                                    
                                    
                                

                                
                                
                                    Canonical
                                    Featured
                                    1 day ago
                                    1 day ago",Unknown,Remote - North America,https://www.workingnomads.com/jobs/software-engineering-manager-backend-saas-canonical-1397485,Working Nomads,core-engineering,,2026-02-05T04:11:12.388054
"Software Engineer - Rust - Backend - Consumer
                                        
                                        Kraken
                                    

                                    
                                        
                                            Development
                                        

                                        

                                        
                                        Featured
                                        1 day ago
                                        1 day ago
                                    
                                

                                
                                    
                                        
                                        Europe, Canada, UK, Brazil, Mexico
                                    
                                    
                                        
                                        Full-time
                                    
                                    
                                        
                                        Mid Level
                                    
                                    
                                        
                                        
                                    
                                    
                                        
                                        
                                    

                                    

                                    
                                    
                                

                                
                                
                                    Kraken
                                    Featured
                                    1 day ago
                                    1 day ago",Unknown,Remote - North America,https://www.workingnomads.com/jobs/software-engineer-rust-backend-consumer-kraken-1396891,Working Nomads,core-engineering,,2026-02-05T04:11:12.388054
"Backend Engineer - MetaMask (API Platform)
                                        
                                        Consensys
                                    

                                    
                                        
                                            Development
                                        

                                        

                                        
                                        Featured
                                        3 days ago
                                        3 days ago
                                    
                                

                                
                                    
                                        
                                        USA, Canada, Latin America, EMEA
                                    
                                    
                                        
                                        Full-time
                                    
                                    
                                        
                                        Mid Level
                                    
                                    
                                        
                                        
                                    
                                    
                                        
                                        $155k-$186k per year
                                    

                                    

                                    
                                    
                                

                                
                                
                                    Consensys
                                    Featured
                                    3 days ago
                                    3 days ago",Unknown,Remote - North America,https://www.workingnomads.com/jobs/backend-engineer-metamask-api-platform-consensys-1394781,Working Nomads,core-engineering,,2026-02-05T04:11:12.388054
"Engineering Manager - MetaMask (Backend-Platform)
                                        
                                        Consensys
                                    

                                    
                                        
                                            Management
                                        

                                        

                                        
                                        Featured
                                        5 days ago
                                        5 days ago
                                    
                                

                                
                                    
                                        
                                        USA, EMEA, Canada, Latin America
                                    
                                    
                                        
                                        Full-time
                                    
                                    
                                        
                                        Mid Level
                                    
                                    
                                        
                                        
                                    
                                    
                                        
                                        $138k-$225k per year
                                    

                                    

                                    
                                    
                                

                                
                                
                                    Consensys
                                    Featured
                                    5 days ago
                                    5 days ago",Unknown,Remote - North America,https://www.workingnomads.com/jobs/engineering-manager-metamask-backend-platform-consensys-1392745,Working Nomads,core-engineering,,2026-02-05T04:11:12.388054
"Wikidata Platform Backend Migration Specialist
                                        
                                        Wikimedia Foundation
                                    

                                    
                                        
                                            Development
                                        

                                        

                                        
                                        Featured
                                        11 days ago
                                        11 days ago
                                    
                                

                                
                                    
                                        
                                        USA, Europe
                                    
                                    
                                        
                                        Contract
                                    
                                    
                                        
                                        Mid Level
                                    
                                    
                                        
                                        
                                    
                                    
                                        
                                        $70k-$86k per year
                                    

                                    

                                    
                                    
                                

                                
                                
                                    Wikimedia Foundation
                                    Featured
                                    11 days ago
                                    11 days ago",Unknown,Remote - North America,https://www.workingnomads.com/jobs/wikidata-platform-backend-migration-specialist-wikimedia-foundation,Working Nomads,core-engineering,,2026-02-05T04:11:12.388054
"Software Engineer - Rust - Backend - Pro
                                        
                                        Kraken
                                    

                                    
                                        
                                            Development
                                        

                                        

                                        
                                        Featured
                                        12 days ago
                                        12 days ago
                                    
                                

                                
                                    
                                        
                                        Europe, Canada, UK
                                    
                                    
                                        
                                        Full-time
                                    
                                    
                                        
                                        Mid Level
                                    
                                    
                                        
                                        
                                    
                                    
                                        
                                        
                                    

                                    

                                    
                                    
                                

                                
                                
                                    Kraken
                                    Featured
                                    12 days ago
                                    12 days ago",Unknown,Remote - North America,https://www.workingnomads.com/jobs/software-engineer-rust-backend-pro-kraken-1379365,Working Nomads,core-engineering,,2026-02-05T04:11:12.388054
"Senior Backend Engineer (DevOps)
                                        
                                        Guidebook
                                    

                                    
                                        
                                            System Administration
                                        

                                        

                                        
                                        Featured
                                        15 days ago
                                        15 days ago
                                    
                                

                                
                                    
                                        
                                        USA
                                    
                                    
                                        
                                        Full-time
                                    
                                    
                                        
                                        Senior Level
                                    
                                    
                                        
                                        
                                    
                                    
                                        
                                        $120k-$160k per year
                                    

                                    

                                    
                                    
                                

                                
                                
                                    Guidebook
                                    Featured
                                    15 days ago
                                    15 days ago",Unknown,Remote - North America,https://www.workingnomads.com/jobs/senior-backend-engineer-devops-guidebook,Working Nomads,core-engineering,,2026-02-05T04:11:12.388054
"Staff Backend Engineer - New Products
                                        
                                        Kalepa
                                    

                                    
                                        
                                            Development
                                        

                                        

                                        
                                        Featured
                                        16 days ago
                                        16 days ago
                                    
                                

                                
                                    
                                        
                                        USA
                                    
                                    
                                        
                                        Full-time
                                    
                                    
                                        
                                        Senior Level
                                    
                                    
                                        
                                        
                                    
                                    
                                        
                                        $200k-$235k per year
                                    

                                    

                                    
                                    
                                

                                
                                
                                    Kalepa
                                    Featured
                                    16 days ago
                                    16 days ago",Unknown,Remote - North America,https://www.workingnomads.com/jobs/staff-backend-engineer-new-products-kalepa-1370715,Working Nomads,core-engineering,,2026-02-05T04:11:12.388054
"Senior Backend Engineer - Client integrations
                                        
                                        Kalepa
                                    

                                    
                                        
                                            Development
                                        

                                        

                                        
                                        Featured
                                        17 days ago
                                        17 days ago
                                    
                                

                                
                                    
                                        
                                        USA
                                    
                                    
                                        
                                        Full-time
                                    
                                    
                                        
                                        Senior Level
                                    
                                    
                                        
                                        
                                    
                                    
                                        
                                        $170k-$210k per year
                                    

                                    

                                    
                                    
                                

                                
                                
                                    Kalepa
                                    Featured
                                    17 days ago
                                    17 days ago",Unknown,Remote - North America,https://www.workingnomads.com/jobs/senior-backend-engineer-client-integrations-kalepa-1367427,Working Nomads,core-engineering,,2026-02-05T04:11:12.388054
"Backend Engineer - AI Content Agents
                                        
                                        Hightouch
                                    

                                    
                                        
                                            Development
                                        

                                        

                                        
                                        Featured
                                        23 days ago
                                        23 days ago
                                    
                                

                                
                                    
                                        
                                        North America
                                    
                                    
                                        
                                        Full-time
                                    
                                    
                                        
                                        Senior Level
                                    
                                    
                                        
                                        
                                    
                                    
                                        
                                        $180k-$320k per year
                                    

                                    

                                    
                                    
                                

                                
                                
                                    Hightouch
                                    Featured
                                    23 days ago
                                    23 days ago",Unknown,Remote - North America,https://www.workingnomads.com/jobs/backend-engineer-ai-content-agents-hightouch-1354087,Working Nomads,core-engineering,,2026-02-05T04:11:12.388054
"Backend Engineer - Carrier Integrations Team
                                        
                                        Canopy Connect
                                    

                                    
                                        
                                            Development
                                        

                                        

                                        
                                        Featured
                                        25 days ago
                                        25 days ago
                                    
                                

                                
                                    
                                        
                                        USA, Canada
                                    
                                    
                                        
                                        Full-time
                                    
                                    
                                        
                                        Mid Level
                                    
                                    
                                        
                                        
                                    
                                    
                                        
                                        $100k-$150k per year
                                    

                                    

                                    
                                    
                                

                                
                                
                                    Canopy Connect
                                    Featured
                                    25 days ago
                                    25 days ago",Unknown,Remote - North America,https://www.workingnomads.com/jobs/backend-engineer-carrier-integrations-team-canopy-connect-1350148,Working Nomads,core-engineering,,2026-02-05T04:11:12.388054
"Software Engineer - Rust - Backend - Consumer
                                        
                                        Kraken
                                    

                                    
                                        
                                            Development
                                        

                                        

                                        
                                        Featured
                                        29 days ago
                                        29 days ago
                                    
                                

                                
                                    
                                        
                                        USA
                                    
                                    
                                        
                                        Full-time
                                    
                                    
                                        
                                        Senior Level
                                    
                                    
                                        
                                        
                                    
                                    
                                        
                                        $96k-$192k per year
                                    

                                    

                                    
                                    
                                

                                
                                
                                    Kraken
                                    Featured
                                    29 days ago
                                    29 days ago",Unknown,Remote - North America,https://www.workingnomads.com/jobs/software-engineer-rust-backend-consumer-kraken-1342143,Working Nomads,core-engineering,,2026-02-05T04:11:12.388054
"Senior Backend Product Software Engineer
                                        
                                        Dropbox
                                    

                                    
                                        
                                            Development
                                        

                                        

                                        
                                        Featured
                                        29 days ago
                                        29 days ago
                                    
                                

                                
                                    
                                        
                                        Canada
                                    
                                    
                                        
                                        Full-time
                                    
                                    
                                        
                                        Senior Level
                                    
                                    
                                        
                                        
                                    
                                    
                                        
                                        C$184k-C$250k per year
                                    

                                    

                                    
                                    
                                

                                
                                
                                    Dropbox
                                    Featured
                                    29 days ago
                                    29 days ago",Unknown,Remote - North America,https://www.workingnomads.com/jobs/senior-backend-product-software-engineer-dropbox-1340449,Working Nomads,core-engineering,,2026-02-05T04:11:12.388054
"Senior Backend Product Software Engineer
                                        
                                        Dropbox
                                    

                                    
                                        
                                            Development
                                        

                                        

                                        
                                        Featured
                                        29 days ago
                                        29 days ago
                                    
                                

                                
                                    
                                        
                                        USA
                                    
                                    
                                        
                                        Full-time
                                    
                                    
                                        
                                        Senior Level
                                    
                                    
                                        
                                        
                                    
                                    
                                        
                                        $174k-$265k per year
                                    

                                    

                                    
                                    
                                

                                
                                
                                    Dropbox
                                    Featured
                                    29 days ago
                                    29 days ago",Unknown,Remote - North America,https://www.workingnomads.com/jobs/senior-backend-product-software-engineer-dropbox-1340426,Working Nomads,core-engineering,,2026-02-05T04:11:12.388054
"Senior Software Engineer - Rust - Backend - Consumer
                                        
                                        Kraken
                                    

                                    
                                        
                                            Development
                                        

                                        

                                        
                                        Featured
                                        1 day ago
                                        1 day ago
                                    
                                

                                
                                    
                                        
                                        USA
                                    
                                    
                                        
                                        Full-time
                                    
                                    
                                        
                                        Senior Level
                                    
                                    
                                        
                                        
                                    
                                    
                                        
                                        $110k-$221k per year
                                    

                                    

                                    
                                    
                                

                                
                                
                                    Kraken
                                    Featured
                                    1 day ago
                                    1 day ago",Unknown,Remote - North America,https://www.workingnomads.com/jobs/senior-software-engineer-rust-backend-consumer-kraken-1396897,Working Nomads,core-engineering,,2026-02-05T04:11:12.388054
"Intermediate Backend Engineer, Verify: Runner Core
                                        
                                        GitLab
                                    

                                    
                                        
                                            Development
                                        

                                        

                                        
                                        Featured
                                        4 days ago
                                        4 days ago
                                    
                                

                                
                                    
                                        
                                        Canada
                                    
                                    
                                        
                                        Full-time
                                    
                                    
                                        
                                        Mid Level
                                    
                                    
                                        
                                        
                                    
                                    
                                        
                                        
                                    

                                    

                                    
                                    
                                

                                
                                
                                    GitLab
                                    Featured
                                    4 days ago
                                    4 days ago",Unknown,Remote - North America,https://www.workingnomads.com/jobs/intermediate-backend-engineer-verify-runner-core-gitlab,Working Nomads,core-engineering,,2026-02-05T04:11:12.388054
"Staff Backend Product Software Engineer - Core
                                        
                                        Dropbox
                                    

                                    
                                        
                                            Development
                                        

                                        

                                        
                                        Featured
                                        4 days ago
                                        4 days ago
                                    
                                

                                
                                    
                                        
                                        Canada
                                    
                                    
                                        
                                        Full-time
                                    
                                    
                                        
                                        Senior Level
                                    
                                    
                                        
                                        
                                    
                                    
                                        
                                        C$205k-C$277k per year
                                    

                                    

                                    
                                    
                                

                                
                                
                                    Dropbox
                                    Featured
                                    4 days ago
                                    4 days ago",Unknown,Remote - North America,https://www.workingnomads.com/jobs/staff-backend-product-software-engineer-core-dropbox-1393127,Working Nomads,core-engineering,,2026-02-05T04:11:12.388054
"Staff Backend Product Software Engineer - Core
                                        
                                        Dropbox
                                    

                                    
                                        
                                            Development
                                        

                                        

                                        
                                        Featured
                                        4 days ago
                                        4 days ago
                                    
                                

                                
                                    
                                        
                                        USA
                                    
                                    
                                        
                                        Full-time
                                    
                                    
                                        
                                        Senior Level
                                    
                                    
                                        
                                        
                                    
                                    
                                        
                                        $199k-$336k per year
                                    

                                    

                                    
                                    
                                

                                
                                
                                    Dropbox
                                    Featured
                                    4 days ago
                                    4 days ago",Unknown,Remote - North America,https://www.workingnomads.com/jobs/staff-backend-product-software-engineer-core-dropbox-1393083,Working Nomads,core-engineering,,2026-02-05T04:11:12.388054
"Senior Software Engineer - Rust - Backend - Pro
                                        
                                        Kraken
                                    

                                    
                                        
                                            Development
                                        

                                        

                                        
                                        Featured
                                        11 days ago
                                        11 days ago
                                    
                                

                                
                                    
                                        
                                        Europe, Canada, UK, Brazil, Mexico
                                    
                                    
                                        
                                        Full-time
                                    
                                    
                                        
                                        Senior Level
                                    
                                    
                                        
                                        
                                    
                                    
                                        
                                        
                                    

                                    

                                    
                                    
                                

                                
                                
                                    Kraken
                                    Featured
                                    11 days ago
                                    11 days ago",Unknown,Remote - North America,https://www.workingnomads.com/jobs/senior-software-engineer-rust-backend-pro-kraken-1381529,Working Nomads,core-engineering,,2026-02-05T04:11:12.388054
"Staff Backend Engineer - Core AI
                                        
                                        Anzen
                                    

                                    
                                        
                                            Development
                                        

                                        

                                        
                                        Featured
                                        16 days ago
                                        16 days ago
                                    
                                

                                
                                    
                                        
                                        USA
                                    
                                    
                                        
                                        Full-time
                                    
                                    
                                        
                                        Senior Level
                                    
                                    
                                        
                                        
                                    
                                    
                                        
                                        $200k-$230k per year
                                    

                                    

                                    
                                    
                                

                                
                                
                                    Anzen
                                    Featured
                                    16 days ago
                                    16 days ago",Unknown,Remote - North America,https://www.workingnomads.com/jobs/staff-backend-engineer-core-ai-anzen-1370867,Working Nomads,core-engineering,,2026-02-05T04:11:12.388054
"Senior Software Engineer - Backend - Growth Platform
                                        
                                        Kraken
                                    

                                    
                                        
                                            Development
                                        

                                        

                                        
                                        Featured
                                        20 days ago
                                        20 days ago
                                    
                                

                                
                                    
                                        
                                        USA
                                    
                                    
                                        
                                        Full-time
                                    
                                    
                                        
                                        Senior Level
                                    
                                    
                                        
                                        
                                    
                                    
                                        
                                        $110k-$221k per year
                                    

                                    

                                    
                                    
                                

                                
                                
                                    Kraken
                                    Featured
                                    20 days ago
                                    20 days ago",Unknown,Remote - North America,https://www.workingnomads.com/jobs/senior-software-engineer-backend-growth-platform-kraken-1361245,Working Nomads,core-engineering,,2026-02-05T04:11:12.388054
Remote Customer Success jobs,Unknown,Remote - North America,https://www.workingnomads.com/remote-customer-success-jobs,Working Nomads,core-engineering,,2026-02-05T04:11:12.388054
Remote Marketing jobs,Unknown,Remote - North America,https://www.workingnomads.com/remote-marketing-jobs,Working Nomads,core-engineering,,2026-02-05T04:11:12.388054
Remote Sales jobs,Unknown,Remote - North America,https://www.workingnomads.com/remote-sales-jobs,Working Nomads,core-engineering,,2026-02-05T04:11:12.388054
Remote Cyber Security jobs,Unknown,Remote - North America,https://www.workingnomads.com/remote-cyber-security-jobs,Working Nomads,core-engineering,,2026-02-05T04:11:12.388054
Remote Data Analyst jobs,Unknown,Remote - North America,https://www.workingnomads.com/remote-data-analyst-jobs,Working Nomads,core-engineering,,2026-02-05T04:11:12.388054
Remote Data Entry jobs,Unknown,Remote - North America,https://www.workingnomads.com/remote-data-entry-jobs,Working Nomads,core-engineering,,2026-02-05T04:11:12.388054
Remote QA jobs,Unknown,Remote - North America,https://www.workingnomads.com/remote-qa-jobs,Working Nomads,core-engineering,,2026-02-05T04:11:12.388054
Jr. Frontend Engineer,"397
            NextEra Energy Jobs","4,284",https://www.adzuna.com/land/ad/5611876408?se=IqyVyBAC8RGhTdvC07Z5qw&title=Jr._Frontend_Engineer&v=055D1A79A4AF5250127EABA394FAAFAD0ACF5FDD,Adzuna,core-engineering,1.0,2026-02-05T04:11:12.388054
Lead Frontend Engineer,"397
            NextEra Energy Jobs","4,284",https://www.adzuna.com/land/ad/5611161885?se=IqyVyBAC8RGhTdvC07Z5qw&title=Lead_Frontend_Engineer&v=3D3E04196282F8EA823D2CCE1D9847BDF7C3E7B4,Adzuna,core-engineering,1.0,2026-02-05T04:11:12.388054
Senior Frontend Engineer,"397
            NextEra Energy Jobs","4,284",https://www.adzuna.com/land/ad/5611165835?se=IqyVyBAC8RGhTdvC07Z5qw&title=Senior_Frontend_Engineer&v=54C636E5F7F788170A7999446ED78BA18FC019DE,Adzuna,core-engineering,1.0,2026-02-05T04:11:12.388054
Frontend Engineer,"397
            NextEra Energy Jobs","4,284",https://www.adzuna.com/land/ad/5584977800?se=IqyVyBAC8RGhTdvC07Z5qw&title=Frontend_Engineer&v=B6C849D9B51354EC8EA45DC12F9755FBABE3533B,Adzuna,core-engineering,1.0,2026-02-05T04:11:12.388054
Sr Frontend Engineer,"397
            NextEra Energy Jobs","4,284",https://www.adzuna.com/land/ad/5604004549?se=IqyVyBAC8RGhTdvC07Z5qw&title=Sr_Frontend_Engineer&v=DD487D5726685D29CADD70F9518B2D71D384A2A9,Adzuna,core-engineering,1.0,2026-02-05T04:11:12.388054
FPI Frontend Engineer,"397
            NextEra Energy Jobs","4,284",https://www.adzuna.com/land/ad/5550532908?se=IqyVyBAC8RGhTdvC07Z5qw&title=FPI_Frontend_Engineer&v=9092F0CE7B2058F403CDA703F3FE0E99E43E3925,Adzuna,core-engineering,1.0,2026-02-05T04:11:12.388054
"Senior Frontend Engineer, Unity Ads","397
            NextEra Energy Jobs","4,284",https://www.adzuna.com/land/ad/5555940396?se=IqyVyBAC8RGhTdvC07Z5qw&title=Senior_Frontend_Engineer%2C_Unity_Ads&v=68AEE4AD41C870BFFB97FF4F1723880530C651E7,Adzuna,core-engineering,1.0,2026-02-05T04:11:12.388054
"Senior Frontend Engineer, Unity Ads","397
            NextEra Energy Jobs","4,284",https://www.adzuna.com/land/ad/5556018603?se=IqyVyBAC8RGhTdvC07Z5qw&title=Senior_Frontend_Engineer%2C_Unity_Ads&v=73984F3F3470730163F6F115A065AB570F3EA1D7,Adzuna,core-engineering,1.0,2026-02-05T04:11:12.388054
"Frontend Engineer II, StoreCraft Team","397
            NextEra Energy Jobs","4,284",https://www.adzuna.com/land/ad/5482545489?se=IqyVyBAC8RGhTdvC07Z5qw&title=Frontend_Engineer_II%2C_StoreCraft_Team&v=3C70A588BAE75B1813D60F38F37D8AE15BCC651E,Adzuna,core-engineering,1.0,2026-02-05T04:11:12.388054
Frontend Software Engineer,"397
            NextEra Energy Jobs","4,284",https://www.adzuna.com/land/ad/5590512669?se=IqyVyBAC8RGhTdvC07Z5qw&title=Frontend_Software_Engineer&v=035A716DCE3BF174CB732009B1007392F25BE629,Adzuna,core-engineering,1.0,2026-02-05T04:11:12.388054
"Regional Sales ManagerHanwha Techwin America Inc$100,000 - $110,000 per year| United States (USA) (North America)  | Sales  12 hours ago",Unknown,Remote - US,https://www.ziprecruiter.com/kn/AAJWF1ux5n1zzr59yCajT4ZakN42PPg9buRwbetK9aeRT_RCoZwZ2jMJZBaY5gttLNj-q1MPA83IE_8iyr3cPOfr7RT234q2EtBkIFW8m0675RQcx_UtpszXqvz1DkusQy5VRD-X3WpjfD0o-D2RXxXJRPyzBnZeKFKcFqY4k60O0cMMpIAT5yTL1D2k8HtXtRC7lOBUJ_Up1x21BKoW8-CQH59zn8r5Ms7g3pQbx9Aft-n0HnKQ420mjgm1ZoxRZHX6O08L4oYGt8a9U_dk0EGc6hbyCPAHczl_vZl2C-3qvhnRnmBN-1awJOVZQPmJ9mh_A2jwn6rFj-Yr0_iiQ5I7I1T0RB4Pvd8gRw_7kcd-Yes7juZy1UuyA1htpqkkqkQF8y43yXs-tY4PgUdIiknJvsGuc0jKxaw62ao8I-yodZWyE1Mxaf39aqP4csFYcFLBlOgys1JVY3tyTm8,Pangian,core-engineering,,2026-02-05T04:11:12.388054
"Customer Experience Partner - 100% Commission | Los Angeles, CA (TSG-3038348)Strickland Group LLC$50,000 - $75,000 per year| United States (USA) (North America)  | Sales  12 hours ago",Unknown,Remote - US,https://www.ziprecruiter.com/kn/AAICYOQDsQOXjrwagodpAWIQ3MjnpDU7TZmZcewcSMQkSiKHNVkmvqh6YjZP34sSf0vvDPoc1CAGDU2bEFbr6JcgVDwSI9oJlzKeErS8QhEjeThEgVb-c5xDXAWOXxJaxouFv3EsDQv3a5Zvv6b0nkpPD6P2rC5eYMxg7S8kPOkRbWIMVYS2wKy56srLpe2eIHwc0a3nDHs_mbFH_zJlee-jQmIJzE8mrf5TDAKj-lQl2ZB6nzDvgQWJr8NGwhpkxQjhKtHODTrfQkbSbj96RxdgOqtKSpbwqIqwDE9gFcIl7z-FGKFsHbXxxtU6BlY4r51kJYk3IU9mh_NZCA95OpvsLo-ZnkYyoey3D4XhaocDNKdaZ_F3KFv0-Pkw6tx6y9ncQ8HXorMln9FT20CIvBjWbp7ZgGtvUzKu4Ax2EOnrrp4hkb0bZmBQCUnyM-7Vr6dBvc7qD3YIWPMUR93tRlDvtUDmE0PYzktGq64cKmaEgU3b6wjoydGmDin5kA0GmPuBw4wk6A,Pangian,core-engineering,,2026-02-05T04:11:12.388054
Customer Service Specialist - UTXACT$15 - $15 per year| United States (USA) (North America)  | Sales  12 hours ago,Unknown,Remote - US,https://www.ziprecruiter.com/kn/AAKTWB33CffKs50T6IMELzuNUTS7q2I-QrQFexEuEDtrCAIEjeUui0S1wBzl04_o3b7WtMnF3o9j5wBfGS8jiTzcC1eVgpLbMdMB4bVz7LLHkQLt04ygdPpM-2_jimnlcgYW_aOwhpIwk8k1fzF0b5lPsZLTqLNcA0JtmQBwNJBRMosmk-hZBvnZuxpyms3oe5-SMxi8ToKXlAgFboCM3wBd9hbDbBzHSIRp0XOue1-vaSmnN5usOBs-NVYhespPCgjjT7Y_-CS26G28uUA2WPR1oK06jNGZgcAf6ljdbs1DhpUv8JcD9vBepbTJrbtdyA4cNC18V5UwayCDy_KEGPSHRl6ckyHvDPSn9BP5SElU8YyfzH6C3eJSeEsw90_4GPm11yrp_CrG_-NQXmF_dIfxUmaSgibMhxbcAtmO2qK9XSJ61D7Ym1xE_O75qmfmoME,Pangian,core-engineering,,2026-02-05T04:11:12.388054
"Sales & Partnerships Lead (Player-Coach)
                                        
                                        Optimizee Group
                                    

                                    
                                        
                                            Sales
                                        

                                        

                                        
                                        Featured
                                        15 days ago
                                        15 days ago
                                    
                                

                                
                                    
                                        
                                        Anywhere
                                    
                                    
                                        
                                        Full-time
                                    
                                    
                                        
                                        Senior Level
                                    
                                    
                                        
                                        
                                    
                                    
                                        
                                        $84,000-$120,000 per year
                                    

                                    

                                    
                                    
                                

                                
                                
                                    Optimizee Group
                                    Featured
                                    15 days ago
                                    15 days ago",Unknown,Remote - North America,https://www.workingnomads.com/jobs/sales-partnerships-lead-player-coach-optimizee-group,Working Nomads,core-engineering,,2026-02-05T04:11:12.388054
"Front-End Web Developer
                                        
                                        Xapo Bank
                                    

                                    
                                        
                                            Development
                                        

                                        

                                        
                                        Featured
                                        21 days ago
                                        21 days ago
                                    
                                

                                
                                    
                                        
                                        Anywhere
                                    
                                    
                                        
                                        Full-time
                                    
                                    
                                        
                                        Mid Level
                                    
                                    
                                        
                                        
                                    
                                    
                                        
                                        
                                    

                                    

                                    
                                    
                                

                                
                                
                                    Xapo Bank
                                    Featured
                                    21 days ago
                                    21 days ago",Unknown,Remote - North America,https://www.workingnomads.com/jobs/front-end-web-developer-xapo-bank-1358737,Working Nomads,core-engineering,,2026-02-05T04:11:12.388054
"Frontend Engineer
                                        
                                        Aleph
                                    

                                    
                                        
                                            Development
                                        

                                        

                                        
                                        Featured
                                        8 days ago
                                        8 days ago
                                    
                                

                                
                                    
                                        
                                        USA, Canada, Latin America
                                    
                                    
                                        
                                        Full-time
                                    
                                    
                                        
                                        Mid Level
                                    
                                    
                                        
                                        
                                    
                                    
                                        
                                        $80k-$260k per year
                                    

                                    

                                    
                                    
                                

                                
                                
                                    Aleph
                                    Featured
                                    8 days ago
                                    8 days ago",Unknown,Remote - North America,https://www.workingnomads.com/jobs/frontend-engineer-aleph,Working Nomads,core-engineering,,2026-02-05T04:11:12.388054
"Frontend Engineer
                                        
                                        Elicit
                                    

                                    
                                        
                                            Development
                                        

                                        

                                        
                                        Featured
                                        27 days ago
                                        27 days ago
                                    
                                

                                
                                    
                                        
                                        USA
                                    
                                    
                                        
                                        Full-time
                                    
                                    
                                        
                                        Mid Level
                                    
                                    
                                        
                                        
                                    
                                    
                                        
                                        $170k-$305k per year
                                    

                                    

                                    
                                    
                                

                                
                                
                                    Elicit
                                    Featured
                                    27 days ago
                                    27 days ago",Unknown,Remote - North America,https://www.workingnomads.com/jobs/frontend-engineer-elicit-1345122,Working Nomads,core-engineering,,2026-02-05T04:11:12.388054
"Staff Front End TypeScript Developer
                                        
                                        Acquird.io
                                    

                                    
                                        
                                            Development
                                        

                                        

                                        
                                        Featured
                                        14 hours ago
                                        14 hours ago
                                    
                                

                                
                                    
                                        
                                        Canada
                                    
                                    
                                        
                                        Full-time
                                    
                                    
                                        
                                        Senior Level
                                    
                                    
                                        
                                        
                                    
                                    
                                        
                                        C$130k-C$200k per year
                                    

                                    

                                    
                                    
                                

                                
                                
                                    Acquird.io
                                    Featured
                                    14 hours ago
                                    14 hours ago",Unknown,Remote - North America,https://www.workingnomads.com/jobs/staff-front-end-typescript-developer-acquirdio-1398861,Working Nomads,core-engineering,,2026-02-05T04:11:12.388054
"Senior Front End Software Engineer
                                        
                                        Service Management Group (SMG)
                                    

                                    
                                        
                                            Development
                                        

                                        

                                        
                                        Featured
                                        5 days ago
                                        5 days ago
                                    
                                

                                
                                    
                                        
                                        USA
                                    
                                    
                                        
                                        Full-time
                                    
                                    
                                        
                                        Senior Level
                                    
                                    
                                        
                                        
                                    
                                    
                                        
                                        
                                    

                                    

                                    
                                    
                                

                                
                                
                                    Service Management Group (SMG)
                                    Featured
                                    5 days ago
                                    5 days ago",Unknown,Remote - North America,https://www.workingnomads.com/jobs/senior-front-end-software-engineer-service-management-group-smg,Working Nomads,core-engineering,,2026-02-05T04:11:12.388054
"Head of Front-End Engineering
                                        
                                        Tillster, Inc.
                                    

                                    
                                        
                                            Development
                                        

                                        

                                        
                                        Featured
                                        21 days ago
                                        21 days ago
                                    
                                

                                
                                    
                                        
                                        USA
                                    
                                    
                                        
                                        Full-time
                                    
                                    
                                        
                                        Senior Level
                                    
                                    
                                        
                                        
                                    
                                    
                                        
                                        $220k-$290k per year
                                    

                                    

                                    
                                    
                                

                                
                                
                                    Tillster, Inc.
                                    Featured
                                    21 days ago
                                    21 days ago",Unknown,Remote - North America,https://www.workingnomads.com/jobs/head-of-front-end-engineering-tillster-inc-1359196,Working Nomads,core-engineering,,2026-02-05T04:11:12.388054
"Senior Frontend Engineer
                                        
                                        Fluency Inc.
                                    

                                    
                                        
                                            Development
                                        

                                        

                                        
                                        Featured
                                        12 days ago
                                        12 days ago
                                    
                                

                                
                                    
                                        
                                        USA
                                    
                                    
                                        
                                        Full-time
                                    
                                    
                                        
                                        Senior Level
                                    
                                    
                                        
                                        
                                    
                                    
                                        
                                        
                                    

                                    

                                    
                                    
                                

                                
                                
                                    Fluency Inc.
                                    Featured
                                    12 days ago
                                    12 days ago",Unknown,Remote - North America,https://www.workingnomads.com/jobs/senior-frontend-engineer-fluency-inc-1379738,Working Nomads,core-engineering,,2026-02-05T04:11:12.388054
"Senior Frontend Engineer
                                        
                                        VibeIQ Inc.
                                    

                                    
                                        
                                            Development
                                        

                                        

                                        
                                        Featured
                                        15 days ago
                                        15 days ago
                                    
                                

                                
                                    
                                        
                                        USA
                                    
                                    
                                        
                                        Full-time
                                    
                                    
                                        
                                        Senior Level
                                    
                                    
                                        
                                        
                                    
                                    
                                        
                                        
                                    

                                    

                                    
                                    
                                

                                
                                
                                    VibeIQ Inc.
                                    Featured
                                    15 days ago
                                    15 days ago",Unknown,Remote - North America,https://www.workingnomads.com/jobs/senior-frontend-engineer-vibeiq-inc,Working Nomads,core-engineering,,2026-02-05T04:11:12.388054
"Web Engineer
                                        
                                        Hightouch
                                    

                                    
                                        
                                            Development
                                        

                                        

                                        
                                        Featured
                                        22 days ago
                                        22 days ago
                                    
                                

                                
                                    
                                        
                                        North America
                                    
                                    
                                        
                                        Full-time
                                    
                                    
                                        
                                        Senior Level
                                    
                                    
                                        
                                        
                                    
                                    
                                        
                                        $170k-$220k per year
                                    

                                    

                                    
                                    
                                

                                
                                
                                    Hightouch
                                    Featured
                                    22 days ago
                                    22 days ago",Unknown,Remote - North America,https://www.workingnomads.com/jobs/web-engineer-hightouch-1358131,Working Nomads,core-engineering,,2026-02-05T04:11:12.388054
"Senior Frontend Engineer
                                        
                                        Apollo.io
                                    

                                    
                                        
                                            Development
                                        

                                        

                                        
                                        Featured
                                        23 days ago
                                        23 days ago
                                    
                                

                                
                                    
                                        
                                        Canada, USA
                                    
                                    
                                        
                                        Full-time
                                    
                                    
                                        
                                        Senior Level
                                    
                                    
                                        
                                        
                                    
                                    
                                        
                                        
                                    

                                    

                                    
                                    
                                

                                
                                
                                    Apollo.io
                                    Featured
                                    23 days ago
                                    23 days ago",Unknown,Remote - North America,https://www.workingnomads.com/jobs/senior-frontend-engineer-apolloio-1355348,Working Nomads,core-engineering,,2026-02-05T04:11:12.388054
"Front End Engineer
                                        
                                        Outpatient, Inc
                                    

                                    
                                        
                                            Development
                                        

                                        

                                        
                                        Featured
                                        26 days ago
                                        26 days ago
                                    
                                

                                
                                    
                                        
                                        USA
                                    
                                    
                                        
                                        Full-time
                                    
                                    
                                        
                                        Mid Level
                                    
                                    
                                        
                                        
                                    
                                    
                                        
                                        
                                    

                                    

                                    
                                    
                                

                                
                                
                                    Outpatient, Inc
                                    Featured
                                    26 days ago
                                    26 days ago",Unknown,Remote - North America,https://www.workingnomads.com/jobs/front-end-engineer-outpatient-inc,Working Nomads,core-engineering,,2026-02-05T04:11:12.388054
"Senior Front End Engineer
                                        
                                        Vantage
                                    

                                    
                                        
                                            Development
                                        

                                        

                                        
                                        Featured
                                        10 days ago
                                        10 days ago
                                    
                                

                                
                                    
                                        
                                        Canada
                                    
                                    
                                        
                                        Full-time
                                    
                                    
                                        
                                        Senior Level
                                    
                                    
                                        
                                        
                                    
                                    
                                        
                                        C$150k-C$175k per year
                                    

                                    

                                    
                                    
                                

                                
                                
                                    Vantage
                                    Featured
                                    10 days ago
                                    10 days ago",Unknown,Remote - North America,https://www.workingnomads.com/jobs/senior-front-end-engineer-vantage,Working Nomads,core-engineering,,2026-02-05T04:11:12.388054
"Senior Frontend Software Engineer
                                        
                                        Megaport
                                    

                                    
                                        
                                            Development
                                        

                                        

                                        
                                        Featured
                                        14 days ago
                                        14 days ago
                                    
                                

                                
                                    
                                        
                                        Canada
                                    
                                    
                                        
                                        Full-time
                                    
                                    
                                        
                                        Senior Level
                                    
                                    
                                        
                                        
                                    
                                    
                                        
                                        
                                    

                                    

                                    
                                    
                                

                                
                                
                                    Megaport
                                    Featured
                                    14 days ago
                                    14 days ago",Unknown,Remote - North America,https://www.workingnomads.com/jobs/senior-frontend-software-engineer-megaport-1375709,Working Nomads,core-engineering,,2026-02-05T04:11:12.388054
"Lead Web Engineer
                                        
                                        Green Dot Corporation
                                    

                                    
                                        
                                            Development
                                        

                                        

                                        
                                        Featured
                                        16 days ago
                                        16 days ago
                                    
                                

                                
                                    
                                        
                                        USA
                                    
                                    
                                        
                                        Full-time
                                    
                                    
                                        
                                        Senior Level
                                    
                                    
                                        
                                        
                                    
                                    
                                        
                                        $97k-$146k per year
                                    

                                    

                                    
                                    
                                

                                
                                
                                    Green Dot Corporation
                                    Featured
                                    16 days ago
                                    16 days ago",Unknown,Remote - North America,https://www.workingnomads.com/jobs/lead-web-engineer-green-dot-corporation-1369637,Working Nomads,core-engineering,,2026-02-05T04:11:12.388054
"Drupal Front End Developer
                                        
                                        Portland Webworks
                                    

                                    
                                        
                                            Development
                                        

                                        

                                        
                                        Featured
                                        20 days ago
                                        20 days ago
                                    
                                

                                
                                    
                                        
                                        USA
                                    
                                    
                                        
                                        Full-time
                                    
                                    
                                        
                                        Mid Level
                                    
                                    
                                        
                                        
                                    
                                    
                                        
                                        
                                    

                                    

                                    
                                    
                                

                                
                                
                                    Portland Webworks
                                    Featured
                                    20 days ago
                                    20 days ago",Unknown,Remote - North America,https://www.workingnomads.com/jobs/drupal-front-end-developer-portland-webworks-1361493,Working Nomads,core-engineering,,2026-02-05T04:11:12.388054
"Sr. Web Developer
                                        
                                        Brave
                                    

                                    
                                        
                                            Development
                                        

                                        

                                        
                                        Featured
                                        25 days ago
                                        25 days ago
                                    
                                

                                
                                    
                                        
                                        USA, Canada
                                    
                                    
                                        
                                        Full-time
                                    
                                    
                                        
                                        Senior Level
                                    
                                    
                                        
                                        
                                    
                                    
                                        
                                        $120k-$150k per year
                                    

                                    

                                    
                                    
                                

                                
                                
                                    Brave
                                    Featured
                                    25 days ago
                                    25 days ago",Unknown,Remote - North America,https://www.workingnomads.com/jobs/sr-web-developer-brave-1350346,Working Nomads,core-engineering,,2026-02-05T04:11:12.388054
"Senior Front-End Developer
                                        
                                        PTP
                                    

                                    
                                        
                                            Development
                                        

                                        

                                        
                                        Featured
                                        26 days ago
                                        26 days ago
                                    
                                

                                
                                    
                                        
                                        USA
                                    
                                    
                                        
                                        Full-time
                                    
                                    
                                        
                                        Senior Level
                                    
                                    
                                        
                                        
                                    
                                    
                                        
                                        
                                    

                                    

                                    
                                    
                                

                                
                                
                                    PTP
                                    Featured
                                    26 days ago
                                    26 days ago",Unknown,Remote - North America,https://www.workingnomads.com/jobs/senior-front-end-developer-ptp-1349394,Working Nomads,core-engineering,,2026-02-05T04:11:12.388054
"Senior Frontend Engineer - Mobile
                                        
                                        Betr
                                    

                                    
                                        
                                            Development
                                        

                                        

                                        
                                        Featured
                                        27 days ago
                                        27 days ago
                                    
                                

                                
                                    
                                        
                                        Canada
                                    
                                    
                                        
                                        Full-time
                                    
                                    
                                        
                                        Senior Level
                                    
                                    
                                        
                                        
                                    
                                    
                                        
                                        
                                    

                                    

                                    
                                    
                                

                                
                                
                                    Betr
                                    Featured
                                    27 days ago
                                    27 days ago",Unknown,Remote - North America,https://www.workingnomads.com/jobs/senior-frontend-engineer-mobile-betr,Working Nomads,core-engineering,,2026-02-05T04:11:12.388054
"Senior Software Engineer - Frontend - Payments
                                        
                                        Kraken
                                    

                                    
                                        
                                            Development
                                        

                                        

                                        
                                        Featured
                                        6 days ago
                                        6 days ago
                                    
                                

                                
                                    
                                        
                                        USA
                                    
                                    
                                        
                                        Full-time
                                    
                                    
                                        
                                        Senior Level
                                    
                                    
                                        
                                        
                                    
                                    
                                        
                                        $110k-$221k per year
                                    

                                    

                                    
                                    
                                

                                
                                
                                    Kraken
                                    Featured
                                    6 days ago
                                    6 days ago",Unknown,Remote - North America,https://www.workingnomads.com/jobs/senior-software-engineer-frontend-payments-kraken-1389205,Working Nomads,core-engineering,,2026-02-05T04:11:12.388054
"Senior Web/Front-End Developer
                                        
                                        Abbott
                                    

                                    
                                        
                                            Development
                                        

                                        

                                        
                                        Featured
                                        6 days ago
                                        6 days ago
                                    
                                

                                
                                    
                                        
                                        USA
                                    
                                    
                                        
                                        Full-time
                                    
                                    
                                        
                                        Senior Level
                                    
                                    
                                        
                                        
                                    
                                    
                                        
                                        $87k-$173k per year
                                    

                                    

                                    
                                    
                                

                                
                                
                                    Abbott
                                    Featured
                                    6 days ago
                                    6 days ago",Unknown,Remote - North America,https://www.workingnomads.com/jobs/senior-webfront-end-developer-abbott-1389090,Working Nomads,core-engineering,,2026-02-05T04:11:12.388054
"Senior Front End Engineer - Experimentation
                                        
                                        Reddit
                                    

                                    
                                        
                                            Development
                                        

                                        

                                        
                                        Featured
                                        12 days ago
                                        12 days ago
                                    
                                

                                
                                    
                                        
                                        USA
                                    
                                    
                                        
                                        Full-time
                                    
                                    
                                        
                                        Senior Level
                                    
                                    
                                        
                                        
                                    
                                    
                                        
                                        $191k-$267k per year
                                    

                                    

                                    
                                    
                                

                                
                                
                                    Reddit
                                    Featured
                                    12 days ago
                                    12 days ago",Unknown,Remote - North America,https://www.workingnomads.com/jobs/senior-front-end-engineer-experimentation-reddit-1379500,Working Nomads,core-engineering,,2026-02-05T04:11:12.388054
"Front-End Engineer (Senior/ Staff)
                                        
                                        Equilibrium Energy
                                    

                                    
                                        
                                            Development
                                        

                                        

                                        
                                        Featured
                                        22 days ago
                                        22 days ago
                                    
                                

                                
                                    
                                        
                                        USA, Canada, Europe
                                    
                                    
                                        
                                        Full-time
                                    
                                    
                                        
                                        Senior Level
                                    
                                    
                                        
                                        
                                    
                                    
                                        
                                        
                                    

                                    

                                    
                                    
                                

                                
                                
                                    Equilibrium Energy
                                    Featured
                                    22 days ago
                                    22 days ago",Unknown,Remote - North America,https://www.workingnomads.com/jobs/front-end-engineer-senior-staff-equilibrium-energy-1356407,Working Nomads,core-engineering,,2026-02-05T04:11:12.388054
"Sr. Engineer - Frontend (UX Eng)
                                        
                                        Zapier
                                    

                                    
                                        
                                            Development
                                        

                                        

                                        
                                        Featured
                                        26 days ago
                                        26 days ago
                                    
                                

                                
                                    
                                        
                                        North America
                                    
                                    
                                        
                                        Full-time
                                    
                                    
                                        
                                        Senior Level
                                    
                                    
                                        
                                        
                                    
                                    
                                        
                                        $171k-$225k per year
                                    

                                    

                                    
                                    
                                

                                
                                
                                    Zapier
                                    Featured
                                    26 days ago
                                    26 days ago",Unknown,Remote - North America,https://www.workingnomads.com/jobs/sr-engineer-frontend-ux-eng-zapier,Working Nomads,core-engineering,,2026-02-05T04:11:12.388054
"Staff Frontend Software Engineer - Reddit Answers
                                        
                                        Reddit
                                    

                                    
                                        
                                            Development
                                        

                                        

                                        
                                        Featured
                                        1 day ago
                                        1 day ago
                                    
                                

                                
                                    
                                        
                                        USA
                                    
                                    
                                        
                                        Full-time
                                    
                                    
                                        
                                        Senior Level
                                    
                                    
                                        
                                        
                                    
                                    
                                        
                                        $217k-$304k per year
                                    

                                    

                                    
                                    
                                

                                
                                
                                    Reddit
                                    Featured
                                    1 day ago
                                    1 day ago",Unknown,Remote - North America,https://www.workingnomads.com/jobs/staff-frontend-software-engineer-reddit-answers-reddit-1396922,Working Nomads,core-engineering,,2026-02-05T04:11:12.388054
"Senior Web Developer / Digital Experience Manager
                                        
                                        Fortive
                                    

                                    
                                        
                                            Development
                                        

                                        

                                        
                                        Featured
                                        10 days ago
                                        10 days ago
                                    
                                

                                
                                    
                                        
                                        USA
                                    
                                    
                                        
                                        Full-time
                                    
                                    
                                        
                                        Senior Level
                                    
                                    
                                        
                                        
                                    
                                    
                                        
                                        $76k-$127k per year
                                    

                                    

                                    
                                    
                                

                                
                                
                                    Fortive
                                    Featured
                                    10 days ago
                                    10 days ago",Unknown,Remote - North America,https://www.workingnomads.com/jobs/senior-web-developer-digital-experience-manager-fortive,Working Nomads,core-engineering,,2026-02-05T04:11:12.388054
"Senior Frontend Engineer - GraphQL & Networking Platform
                                        
                                        Airbnb
                                    

                                    
                                        
                                            Development
                                        

                                        

                                        
                                        Featured
                                        27 days ago
                                        27 days ago
                                    
                                

                                
                                    
                                        
                                        USA
                                    
                                    
                                        
                                        Full-time
                                    
                                    
                                        
                                        Senior Level
                                    
                                    
                                        
                                        
                                    
                                    
                                        
                                        $191k-$223k per year
                                    

                                    

                                    
                                    
                                

                                
                                
                                    Airbnb
                                    Featured
                                    27 days ago
                                    27 days ago",Unknown,Remote - North America,https://www.workingnomads.com/jobs/senior-frontend-engineer-graphql-networking-platform-airbnb-1346653,Working Nomads,core-engineering,,2026-02-05T04:11:12.388054
"Staff Software Engineer - Mobile/Frontend - Consumer
                                        
                                        Kraken
                                    

                                    
                                        
                                            Development
                                        

                                        

                                        
                                        Featured
                                        29 days ago
                                        29 days ago
                                    
                                

                                
                                    
                                        
                                        USA
                                    
                                    
                                        
                                        Full-time
                                    
                                    
                                        
                                        Senior Level
                                    
                                    
                                        
                                        
                                    
                                    
                                        
                                        $127k-$254k per year
                                    

                                    

                                    
                                    
                                

                                
                                
                                    Kraken
                                    Featured
                                    29 days ago
                                    29 days ago",Unknown,Remote - North America,https://www.workingnomads.com/jobs/staff-software-engineer-mobilefrontend-consumer-kraken,Working Nomads,core-engineering,,2026-02-05T04:11:12.388054
"Senior Frontend Engineer - AI Engineering: Duo Chat
                                        
                                        GitLab
                                    

                                    
                                        
                                            Development
                                        

                                        

                                        
                                        Featured
                                        16 days ago
                                        16 days ago
                                    
                                

                                
                                    
                                        
                                        North America, Latin America, EMEA
                                    
                                    
                                        
                                        Full-time
                                    
                                    
                                        
                                        Senior Level
                                    
                                    
                                        
                                        
                                    
                                    
                                        
                                        
                                    

                                    

                                    
                                    
                                

                                
                                
                                    GitLab
                                    Featured
                                    16 days ago
                                    16 days ago",Unknown,Remote - North America,https://www.workingnomads.com/jobs/senior-frontend-engineer-ai-engineering-duo-chat-gitlab-1369176,Working Nomads,core-engineering,,2026-02-05T04:11:12.388054
"Senior Software Engineer - Frontend (React/React Native) - Data
                                        
                                        Kraken
                                    

                                    
                                        
                                            Development
                                        

                                        

                                        
                                        Featured
                                        7 hours ago
                                        7 hours ago
                                    
                                

                                
                                    
                                        
                                        USA
                                    
                                    
                                        
                                        Full-time
                                    
                                    
                                        
                                        Senior Level
                                    
                                    
                                        
                                        
                                    
                                    
                                        
                                        $110k-$221k per year
                                    

                                    

                                    
                                    
                                

                                
                                
                                    Kraken
                                    Featured
                                    7 hours ago
                                    7 hours ago",Unknown,Remote - North America,https://www.workingnomads.com/jobs/senior-software-engineer-frontend-reactreact-native-data-kraken,Working Nomads,core-engineering,,2026-02-05T04:11:12.388054
"Full Stack Product Engineer
                                        
                                        Hightouch
                                    

                                    
                                        
                                            Development
                                        

                                        

                                        
                                        Featured
                                        28 days ago
                                        28 days ago
                                    
                                

                                
                                    
                                        
                                        North America
                                    
                                    
                                        
                                        Full-time
                                    
                                    
                                        
                                        Mid Level
                                    
                                    
                                        
                                        
                                    
                                    
                                        
                                        $180k-$270k per year
                                    

                                    

                                    
                                    
                                

                                
                                
                                    Hightouch
                                    Featured
                                    28 days ago
                                    28 days ago",Unknown,Remote - North America,https://www.workingnomads.com/jobs/full-stack-product-engineer-hightouch-1344456,Working Nomads,core-engineering,,2026-02-05T04:11:12.388054
"Senior Svelte Software Engineer
                                        
                                        Array
                                    

                                    
                                        
                                            Development
                                        

                                        

                                        
                                        Featured
                                        16 days ago
                                        16 days ago
                                    
                                

                                
                                    
                                        
                                        USA, Canada
                                    
                                    
                                        
                                        Contract
                                    
                                    
                                        
                                        Senior Level
                                    
                                    
                                        
                                        
                                    
                                    
                                        
                                        $80-$100 per hour
                                    

                                    

                                    
                                    
                                

                                
                                
                                    Array
                                    Featured
                                    16 days ago
                                    16 days ago",Unknown,Remote - North America,https://www.workingnomads.com/jobs/senior-svelte-software-engineer-array-1369043,Working Nomads,core-engineering,,2026-02-05T04:11:12.388054
"Sr. Fullstack Developer
                                        
                                        iSpace, Inc.
                                    

                                    
                                        
                                            Development
                                        

                                        

                                        
                                        Featured
                                        4 days ago
                                        4 days ago
                                    
                                

                                
                                    
                                        
                                        USA
                                    
                                    
                                        
                                        Contract
                                    
                                    
                                        
                                        Senior Level
                                    
                                    
                                        
                                        
                                    
                                    
                                        
                                        
                                    

                                    

                                    
                                    
                                

                                
                                
                                    iSpace, Inc.
                                    Featured
                                    4 days ago
                                    4 days ago",Unknown,Remote - North America,https://www.workingnomads.com/jobs/sr-fullstack-developer-ispace-inc-1393193,Working Nomads,core-engineering,,2026-02-05T04:11:12.388054
"Sr. Software Engineer
                                        
                                        Torchlight Analytics LLC
                                    

                                    
                                        
                                            Development
                                        

                                        

                                        
                                        Featured
                                        5 days ago
                                        5 days ago
                                    
                                

                                
                                    
                                        
                                        USA
                                    
                                    
                                        
                                        Full-time
                                    
                                    
                                        
                                        Senior Level
                                    
                                    
                                        
                                        
                                    
                                    
                                        
                                        
                                    

                                    

                                    
                                    
                                

                                
                                
                                    Torchlight Analytics LLC
                                    Featured
                                    5 days ago
                                    5 days ago",Unknown,Remote - North America,https://www.workingnomads.com/jobs/sr-software-engineer-torchlight-analytics-llc,Working Nomads,core-engineering,,2026-02-05T04:11:12.388054
"Engineering Manager - Create:Source Code
                                        
                                        GitLab
                                    

                                    
                                        
                                            Management
                                        

                                        

                                        
                                        Featured
                                        22 days ago
                                        22 days ago
                                    
                                

                                
                                    
                                        
                                        North America, Latin America
                                    
                                    
                                        
                                        Full-time
                                    
                                    
                                        
                                        Senior Level
                                    
                                    
                                        
                                        
                                    
                                    
                                        
                                        
                                    

                                    

                                    
                                    
                                

                                
                                
                                    GitLab
                                    Featured
                                    22 days ago
                                    22 days ago",Unknown,Remote - North America,https://www.workingnomads.com/jobs/engineering-manager-createsource-code-gitlab-1358129,Working Nomads,core-engineering,,2026-02-05T04:11:12.388054
"Full Stack Ruby on Rails Developer
                                        
                                        Acquird.io
                                    

                                    
                                        
                                            Development
                                        

                                        

                                        
                                        Featured
                                        26 days ago
                                        26 days ago
                                    
                                

                                
                                    
                                        
                                        Canada
                                    
                                    
                                        
                                        Full-time
                                    
                                    
                                        
                                        Senior Level
                                    
                                    
                                        
                                        
                                    
                                    
                                        
                                        C$130k-C$200k per year
                                    

                                    

                                    
                                    
                                

                                
                                
                                    Acquird.io
                                    Featured
                                    26 days ago
                                    26 days ago",Unknown,Remote - North America,https://www.workingnomads.com/jobs/full-stack-ruby-on-rails-developer-acquirdio-1349485,Working Nomads,core-engineering,,2026-02-05T04:11:12.388054
"Full Stack Developer
                                        
                                        Improvado
                                    

                                    
                                        
                                            Development
                                        

                                        

                                        
                                        Featured
                                        29 days ago
                                        29 days ago
                                    
                                

                                
                                    
                                        
                                        USA
                                    
                                    
                                        
                                        Full-time
                                    
                                    
                                        
                                        Mid Level
                                    
                                    
                                        
                                        
                                    
                                    
                                        
                                        
                                    

                                    

                                    
                                    
                                

                                
                                
                                    Improvado
                                    Featured
                                    29 days ago
                                    29 days ago",Unknown,Remote - North America,https://www.workingnomads.com/jobs/full-stack-developer-improvado-1340316,Working Nomads,core-engineering,,2026-02-05T04:11:12.388054
"Full Stack Developer
                                        
                                        Improvado
                                    

                                    
                                        
                                            Development
                                        

                                        

                                        
                                        Featured
                                        29 days ago
                                        29 days ago
                                    
                                

                                
                                    
                                        
                                        USA
                                    
                                    
                                        
                                        Full-time
                                    
                                    
                                        
                                        Mid Level
                                    
                                    
                                        
                                        
                                    
                                    
                                        
                                        
                                    

                                    

                                    
                                    
                                

                                
                                
                                    Improvado
                                    Featured
                                    29 days ago
                                    29 days ago",Unknown,Remote - North America,https://www.workingnomads.com/jobs/full-stack-developer-improvado-1340306,Working Nomads,core-engineering,,2026-02-05T04:11:12.388054
"Full Stack Developer
                                        
                                        Improvado
                                    

                                    
                                        
                                            Development
                                        

                                        

                                        
                                        Featured
                                        29 days ago
                                        29 days ago
                                    
                                

                                
                                    
                                        
                                        USA
                                    
                                    
                                        
                                        Full-time
                                    
                                    
                                        
                                        Mid Level
                                    
                                    
                                        
                                        
                                    
                                    
                                        
                                        
                                    

                                    

                                    
                                    
                                

                                
                                
                                    Improvado
                                    Featured
                                    29 days ago
                                    29 days ago",Unknown,Remote - North America,https://www.workingnomads.com/jobs/full-stack-developer-improvado-1340294,Working Nomads,core-engineering,,2026-02-05T04:11:12.388054
"Full Stack Developer
                                        
                                        Improvado
                                    

                                    
                                        
                                            Development
                                        

                                        

                                        
                                        Featured
                                        29 days ago
                                        29 days ago
                                    
                                

                                
                                    
                                        
                                        USA
                                    
                                    
                                        
                                        Full-time
                                    
                                    
                                        
                                        Mid Level
                                    
                                    
                                        
                                        
                                    
                                    
                                        
                                        
                                    

                                    

                                    
                                    
                                

                                
                                
                                    Improvado
                                    Featured
                                    29 days ago
                                    29 days ago",Unknown,Remote - North America,https://www.workingnomads.com/jobs/full-stack-developer-improvado-1340265,Working Nomads,core-engineering,,2026-02-05T04:11:12.388054
"Full Stack Developer
                                        
                                        Improvado
                                    

                                    
                                        
                                            Development
                                        

                                        

                                        
                                        Featured
                                        29 days ago
                                        29 days ago
                                    
                                

                                
                                    
                                        
                                        USA
                                    
                                    
                                        
                                        Full-time
                                    
                                    
                                        
                                        Mid Level
                                    
                                    
                                        
                                        
                                    
                                    
                                        
                                        
                                    

                                    

                                    
                                    
                                

                                
                                
                                    Improvado
                                    Featured
                                    29 days ago
                                    29 days ago",Unknown,Remote - North America,https://www.workingnomads.com/jobs/full-stack-developer-improvado-1340263,Working Nomads,core-engineering,,2026-02-05T04:11:12.388054
"Full Stack Developer
                                        
                                        Improvado
                                    

                                    
                                        
                                            Development
                                        

                                        

                                        
                                        Featured
                                        29 days ago
                                        29 days ago
                                    
                                

                                
                                    
                                        
                                        USA
                                    
                                    
                                        
                                        Full-time
                                    
                                    
                                        
                                        Senior Level
                                    
                                    
                                        
                                        
                                    
                                    
                                        
                                        
                                    

                                    

                                    
                                    
                                

                                
                                
                                    Improvado
                                    Featured
                                    29 days ago
                                    29 days ago",Unknown,Remote - North America,https://www.workingnomads.com/jobs/full-stack-developer-improvado,Working Nomads,core-engineering,,2026-02-05T04:11:12.388054
"Sr.AI Full stack Developer
                                        
                                        Zealogics.com
                                    

                                    
                                        
                                            Development
                                        

                                        

                                        
                                        Featured
                                        17 days ago
                                        17 days ago
                                    
                                

                                
                                    
                                        
                                        USA
                                    
                                    
                                        
                                        Full-time
                                    
                                    
                                        
                                        Senior Level
                                    
                                    
                                        
                                        
                                    
                                    
                                        
                                        
                                    

                                    

                                    
                                    
                                

                                
                                
                                    Zealogics.com
                                    Featured
                                    17 days ago
                                    17 days ago",Unknown,Remote - North America,https://www.workingnomads.com/jobs/srai-full-stack-developer-zealogicscom,Working Nomads,core-engineering,,2026-02-05T04:11:12.388054
"AI Fullstack Developer
                                        
                                        Zealogics.com
                                    

                                    
                                        
                                            Development
                                        

                                        

                                        
                                        Featured
                                        24 days ago
                                        24 days ago
                                    
                                

                                
                                    
                                        
                                        USA
                                    
                                    
                                        
                                        Full-time
                                    
                                    
                                        
                                        Senior Level
                                    
                                    
                                        
                                        
                                    
                                    
                                        
                                        
                                    

                                    

                                    
                                    
                                

                                
                                
                                    Zealogics.com
                                    Featured
                                    24 days ago
                                    24 days ago",Unknown,Remote - North America,https://www.workingnomads.com/jobs/ai-fullstack-developer-zealogicscom-1352594,Working Nomads,core-engineering,,2026-02-05T04:11:12.388054
"Software Engineer Level 1
                                        
                                        Unified
                                    

                                    
                                        
                                            Development
                                        

                                        

                                        
                                        Featured
                                        25 days ago
                                        25 days ago
                                    
                                

                                
                                    
                                        
                                        USA
                                    
                                    
                                        
                                        Full-time
                                    
                                    
                                        
                                        Entry Level
                                    
                                    
                                        
                                        
                                    
                                    
                                        
                                        $87k-$109k per year
                                    

                                    

                                    
                                    
                                

                                
                                
                                    Unified
                                    Featured
                                    25 days ago
                                    25 days ago",Unknown,Remote - North America,https://www.workingnomads.com/jobs/software-engineer-level-1-unified-1351362,Working Nomads,core-engineering,,2026-02-05T04:11:12.388054
"Senior Fullstack Product Software Engineer - Corporate IT
                                        
                                        Dropbox
                                    

                                    
                                        
                                            Development
                                        

                                        

                                        
                                        Featured
                                        23 days ago
                                        23 days ago
                                    
                                

                                
                                    
                                        
                                        Canada
                                    
                                    
                                        
                                        Full-time
                                    
                                    
                                        
                                        Senior Level
                                    
                                    
                                        
                                        
                                    
                                    
                                        
                                        C$190k-C$258k per year
                                    

                                    

                                    
                                    
                                

                                
                                
                                    Dropbox
                                    Featured
                                    23 days ago
                                    23 days ago",Unknown,Remote - North America,https://www.workingnomads.com/jobs/senior-fullstack-product-software-engineer-corporate-it-dropbox-1355893,Working Nomads,core-engineering,,2026-02-05T04:11:12.388054
"Data Visualization Engineer (L4) - Ads
                                        
                                        Netflix
                                    

                                    
                                        
                                            Development
                                        

                                        

                                        
                                        Featured
                                        15 days ago
                                        15 days ago
                                    
                                

                                
                                    
                                        
                                        USA
                                    
                                    
                                        
                                        Full-time
                                    
                                    
                                        
                                        Mid Level
                                    
                                    
                                        
                                        
                                    
                                    
                                        
                                        $170k-$720k per year
                                    

                                    

                                    
                                    
                                

                                
                                
                                    Netflix
                                    Featured
                                    15 days ago
                                    15 days ago",Unknown,Remote - North America,https://www.workingnomads.com/jobs/data-visualization-engineer-l4-ads-netflix-1371431,Working Nomads,core-engineering,,2026-02-05T04:11:12.388054
"Angular Developer Consultant
                                        
                                        Bitovi
                                    

                                    
                                        
                                            Development
                                        

                                        

                                        
                                        Featured
                                        21 days ago
                                        21 days ago
                                    
                                

                                
                                    
                                        
                                        USA
                                    
                                    
                                        
                                        Full-time
                                    
                                    
                                        
                                        Senior Level
                                    
                                    
                                        
                                        
                                    
                                    
                                        
                                        
                                    

                                    

                                    
                                    
                                

                                
                                
                                    Bitovi
                                    Featured
                                    21 days ago
                                    21 days ago",Unknown,Remote - North America,https://www.workingnomads.com/jobs/angular-developer-consultant-bitovi,Working Nomads,core-engineering,,2026-02-05T04:11:12.388054
"Senior Full Stack Product Software Engineer
                                        
                                        Dropbox
                                    

                                    
                                        
                                            Development
                                        

                                        

                                        
                                        Featured
                                        18 days ago
                                        18 days ago
                                    
                                

                                
                                    
                                        
                                        USA
                                    
                                    
                                        
                                        Full-time
                                    
                                    
                                        
                                        Senior Level
                                    
                                    
                                        
                                        
                                    
                                    
                                        
                                        $180k-$274k per year
                                    

                                    

                                    
                                    
                                

                                
                                
                                    Dropbox
                                    Featured
                                    18 days ago
                                    18 days ago",Unknown,Remote - North America,https://www.workingnomads.com/jobs/senior-full-stack-product-software-engineer-dropbox-1366894,Working Nomads,core-engineering,,2026-02-05T04:11:12.388054
"Senior Full Stack Product Software Engineer
                                        
                                        Dropbox
                                    

                                    
                                        
                                            Development
                                        

                                        

                                        
                                        Featured
                                        18 days ago
                                        18 days ago
                                    
                                

                                
                                    
                                        
                                        Canada
                                    
                                    
                                        
                                        Full-time
                                    
                                    
                                        
                                        Senior Level
                                    
                                    
                                        
                                        
                                    
                                    
                                        
                                        C$190k-C$258k per year
                                    

                                    

                                    
                                    
                                

                                
                                
                                    Dropbox
                                    Featured
                                    18 days ago
                                    18 days ago",Unknown,Remote - North America,https://www.workingnomads.com/jobs/senior-full-stack-product-software-engineer-dropbox-1365809,Working Nomads,core-engineering,,2026-02-05T04:11:12.388054
AI-Powered Full-Stack App Build,Freelancer Client,Remote,https://www.freelancer.com/projects/full-stack-development/powered-full-stack-app-build,Freelancer,core-engineering,,2026-02-05T04:11:12.388054
Versatile Logo File Creation,Freelancer Client,Remote,https://www.freelancer.com/contest/versatile-logo-file-creation-2697091,Freelancer,core-engineering,,2026-02-05T04:11:12.388054
Generate Amazon Product Review Campaign,Freelancer Client,Remote,https://www.freelancer.com/projects/amazon/generate-amazon-product-review-campaign,Freelancer,core-engineering,,2026-02-05T04:11:12.388054
SPIDAcalc & O-Calc specialist,Freelancer Client,Remote,https://www.freelancer.com/projects/engineering/spidacalc-calc-specialist,Freelancer,core-engineering,,2026-02-05T04:11:12.388054
Commercial Plan CAD Conversion,Freelancer Client,Remote,https://www.freelancer.com/projects/2d-drafting/commercial-plan-cad-conversion,Freelancer,core-engineering,,2026-02-05T04:11:12.388054
Product Showcase Animation Partner,Freelancer Client,Remote,https://www.freelancer.com/projects/video-editing/product-showcase-animation-partner,Freelancer,core-engineering,,2026-02-05T04:11:12.388054
Targeted YouTuber Lead Generation,Freelancer Client,Remote,https://www.freelancer.com/projects/data-collection/targeted-youtuber-lead-generation,Freelancer,core-engineering,,2026-02-05T04:11:12.388054
"MATLAB, LabVIEW, Multisim Tutoring",Freelancer Client,Remote,https://www.freelancer.com/projects/matlab/matlab-labview-multisim-tutoring,Freelancer,core-engineering,,2026-02-05T04:11:12.388054
Interior Drawings & Quantity Survey -- 2,Freelancer Client,Remote,https://www.freelancer.com/projects/interior-design/interior-drawings-quantity-survey-40205341,Freelancer,core-engineering,,2026-02-05T04:11:12.388054
Photo realistic Rendering of curved desk with finishes based on plans,Freelancer Client,Remote,https://www.freelancer.com/projects/3d-visualization/photo-realistic-rendering-curved-desk,Freelancer,core-engineering,,2026-02-05T04:11:12.388054
Full-Stack Engineer,"397
            NextEra Energy Jobs","8,498",https://www.adzuna.com/land/ad/5612840292?se=Ev_quxEC8RGCE5zfuvG6jg&title=Full-Stack_Engineer&v=13328073CC212FA1330A8331D7FAACB80871DFC6,Adzuna,core-engineering,1.0,2026-02-05T04:11:12.388054
Full Stack Engineer,"397
            NextEra Energy Jobs","8,498",https://www.adzuna.com/land/ad/5607448783?se=Ev_quxEC8RGCE5zfuvG6jg&title=Full_Stack_Engineer&v=B980C4CD96767931B63A35DD52813559340BF1F3,Adzuna,core-engineering,1.0,2026-02-05T04:11:12.388054
Full Stack Engineer,"397
            NextEra Energy Jobs","8,498",https://www.adzuna.com/land/ad/5607451780?se=Ev_quxEC8RGCE5zfuvG6jg&title=Full_Stack_Engineer&v=E5D29AA072970B92CABF247BB05847CECE262E24,Adzuna,core-engineering,1.0,2026-02-05T04:11:12.388054
Full Stack Engineer,"397
            NextEra Energy Jobs","8,498",https://www.adzuna.com/land/ad/5607449449?se=Ev_quxEC8RGCE5zfuvG6jg&title=Full_Stack_Engineer&v=7F2196DFFBE8C9051765D76C5C7C0F641CFD802E,Adzuna,core-engineering,1.0,2026-02-05T04:11:12.388054
Full Stack Engineer,"397
            NextEra Energy Jobs","8,498",https://www.adzuna.com/land/ad/5552098959?se=Ev_quxEC8RGCE5zfuvG6jg&title=Full_Stack_Engineer&v=58E7DFB96B7BB40E9C4D87DCEB24035BD5ED88BB,Adzuna,core-engineering,1.0,2026-02-05T04:11:12.388054
Full Stack Engineer (AI Platform),"397
            NextEra Energy Jobs","8,498",https://www.adzuna.com/land/ad/5607450843?se=Ev_quxEC8RGCE5zfuvG6jg&title=Full_Stack_Engineer_%28AI_Platform%29&v=5CD9D3A732E7E23385CFADDFBF3DACC8DDDF7A59,Adzuna,core-engineering,1.0,2026-02-05T04:11:12.388054
Full-stack Engineer (front-end focused),"397
            NextEra Energy Jobs","8,498",https://www.adzuna.com/land/ad/5607451458?se=Ev_quxEC8RGCE5zfuvG6jg&title=Full-stack_Engineer_%28front-end_focused%29&v=E42101DAB902EE03032AF23541CA08EC39E5C16C,Adzuna,core-engineering,1.0,2026-02-05T04:11:12.388054
"Director, Full-Stack Engineer","397
            NextEra Energy Jobs","8,498",https://www.adzuna.com/land/ad/5600058463?se=Ev_quxEC8RGCE5zfuvG6jg&title=Director%2C_Full-Stack_Engineer&v=6E3697D8256C7D5A2DFC92DEFB35A5E634774CCC,Adzuna,core-engineering,1.0,2026-02-05T04:11:12.388054
"Senior Full Stack Engineer, Orchestration","397
            NextEra Energy Jobs","8,498",https://www.adzuna.com/land/ad/5571414256?se=Ev_quxEC8RGCE5zfuvG6jg&title=Senior_Full_Stack_Engineer%2C_Orchestration&v=A67FF929BEFA969216801B77E6F8B3B78E242A60,Adzuna,core-engineering,1.0,2026-02-05T04:11:12.388054
Senior Full Stack Engineer I,"397
            NextEra Energy Jobs","8,498",https://www.adzuna.com/land/ad/5589245004?se=Ev_quxEC8RGCE5zfuvG6jg&title=Senior_Full_Stack_Engineer_I&v=AFFA212FFF7C6949A2AA008469983402E74F98B6,Adzuna,core-engineering,1.0,2026-02-05T04:11:12.388054
"Full-Stack Engineer
                                        
                                        ElevenLabs
                                    

                                    
                                        
                                            Development
                                        

                                        

                                        
                                        Featured
                                        2 days ago
                                        2 days ago
                                    
                                

                                
                                    
                                        
                                        UK, USA, Bulgaria, Poland
                                    
                                    
                                        
                                        Full-time
                                    
                                    
                                        
                                        Entry Level
                                    
                                    
                                        
                                        
                                    
                                    
                                        
                                        
                                    

                                    

                                    
                                    
                                

                                
                                
                                    ElevenLabs
                                    Featured
                                    2 days ago
                                    2 days ago",Unknown,Remote - North America,https://www.workingnomads.com/jobs/full-stack-engineer-elevenlabs-1396740,Working Nomads,core-engineering,,2026-02-05T04:11:12.388054
"Senior Full Stack Engineer
                                        
                                        Gametime United
                                    

                                    
                                        
                                            Development
                                        

                                        

                                        
                                        Featured
                                        1 day ago
                                        1 day ago
                                    
                                

                                
                                    
                                        
                                        USA
                                    
                                    
                                        
                                        Full-time
                                    
                                    
                                        
                                        Senior Level
                                    
                                    
                                        
                                        
                                    
                                    
                                        
                                        $187k-$220k per year
                                    

                                    

                                    
                                    
                                

                                
                                
                                    Gametime United
                                    Featured
                                    1 day ago
                                    1 day ago",Unknown,Remote - North America,https://www.workingnomads.com/jobs/senior-full-stack-engineer-gametime-united,Working Nomads,core-engineering,,2026-02-05T04:11:12.388054
"Senior Full-Stack Engineer
                                        
                                        Mercury
                                    

                                    
                                        
                                            Development
                                        

                                        

                                        
                                        Featured
                                        29 days ago
                                        29 days ago
                                    
                                

                                
                                    
                                        
                                        USA, Canada
                                    
                                    
                                        
                                        Full-time
                                    
                                    
                                        
                                        Senior Level
                                    
                                    
                                        
                                        
                                    
                                    
                                        
                                        $167k-$208k per year
                                    

                                    

                                    
                                    
                                

                                
                                
                                    Mercury
                                    Featured
                                    29 days ago
                                    29 days ago",Unknown,Remote - North America,https://www.workingnomads.com/jobs/senior-full-stack-engineer-mercury-1340707,Working Nomads,core-engineering,,2026-02-05T04:11:12.388054
"Senior Full Stack Engineer - Account Linking
                                        
                                        Rocket Money
                                    

                                    
                                        
                                            Development
                                        

                                        

                                        
                                        Featured
                                        11 days ago
                                        11 days ago
                                    
                                

                                
                                    
                                        
                                        USA
                                    
                                    
                                        
                                        Full-time
                                    
                                    
                                        
                                        Senior Level
                                    
                                    
                                        
                                        
                                    
                                    
                                        
                                        $150k-$185k per year
                                    

                                    

                                    
                                    
                                

                                
                                
                                    Rocket Money
                                    Featured
                                    11 days ago
                                    11 days ago",Unknown,Remote - North America,https://www.workingnomads.com/jobs/senior-full-stack-engineer-account-linking-rocket-money,Working Nomads,core-engineering,,2026-02-05T04:11:12.388054
"Full-Stack Engineer (Back-End Leaning)
                                        
                                        ElevenLabs
                                    

                                    
                                        
                                            Development
                                        

                                        

                                        
                                        Featured
                                        30 days ago
                                        30 days ago
                                    
                                

                                
                                    
                                        
                                        UK, Bulgaria, Germany, USA, Poland, Portugal
                                    
                                    
                                        
                                        Full-time
                                    
                                    
                                        
                                        Mid Level
                                    
                                    
                                        
                                        
                                    
                                    
                                        
                                        
                                    

                                    

                                    
                                    
                                

                                
                                
                                    ElevenLabs
                                    Featured
                                    30 days ago
                                    30 days ago",Unknown,Remote - North America,https://www.workingnomads.com/jobs/full-stack-engineer-back-end-leaning-elevenlabs-1339728,Working Nomads,core-engineering,,2026-02-05T04:11:12.388054
"Senior Full Stack Engineer - Developer API, Poe
                                        
                                        Quora
                                    

                                    
                                        
                                            Development
                                        

                                        

                                        
                                        Featured
                                        6 days ago
                                        6 days ago
                                    
                                

                                
                                    
                                        
                                        USA, Canada, Ireland
                                    
                                    
                                        
                                        Full-time
                                    
                                    
                                        
                                        Senior Level
                                    
                                    
                                        
                                        
                                    
                                    
                                        
                                        $172k-$291k per year
                                    

                                    

                                    
                                    
                                

                                
                                
                                    Quora
                                    Featured
                                    6 days ago
                                    6 days ago",Unknown,Remote - North America,https://www.workingnomads.com/jobs/senior-full-stack-engineer-developer-api-poe-quora-1389421,Working Nomads,core-engineering,,2026-02-05T04:11:12.388054
"Full Stack Engineer 5 - Revenue & Growth Tools
                                        
                                        Netflix
                                    

                                    
                                        
                                            Development
                                        

                                        

                                        
                                        Featured
                                        10 days ago
                                        10 days ago
                                    
                                

                                
                                    
                                        
                                        USA
                                    
                                    
                                        
                                        Full-time
                                    
                                    
                                        
                                        Mid Level
                                    
                                    
                                        
                                        
                                    
                                    
                                        
                                        $388k-$558k per year
                                    

                                    

                                    
                                    
                                

                                
                                
                                    Netflix
                                    Featured
                                    10 days ago
                                    10 days ago",Unknown,Remote - North America,https://www.workingnomads.com/jobs/full-stack-engineer-5-revenue-growth-tools-netflix,Working Nomads,core-engineering,,2026-02-05T04:11:12.388054
"Senior Full Stack Engineer - Core UX
                                        
                                        Kalepa
                                    

                                    
                                        
                                            Development
                                        

                                        

                                        
                                        Featured
                                        18 days ago
                                        18 days ago
                                    
                                

                                
                                    
                                        
                                        USA
                                    
                                    
                                        
                                        Full-time
                                    
                                    
                                        
                                        Senior Level
                                    
                                    
                                        
                                        
                                    
                                    
                                        
                                        $170k-$210k per year
                                    

                                    

                                    
                                    
                                

                                
                                
                                    Kalepa
                                    Featured
                                    18 days ago
                                    18 days ago",Unknown,Remote - North America,https://www.workingnomads.com/jobs/senior-full-stack-engineer-core-ux-kalepa-1365888,Working Nomads,core-engineering,,2026-02-05T04:11:12.388054
"Full Stack Engineer (L5) - Consumer Data Systems
                                        
                                        Netflix
                                    

                                    
                                        
                                            Development
                                        

                                        

                                        
                                        Featured
                                        19 days ago
                                        19 days ago
                                    
                                

                                
                                    
                                        
                                        USA
                                    
                                    
                                        
                                        Full-time
                                    
                                    
                                        
                                        Mid Level
                                    
                                    
                                        
                                        
                                    
                                    
                                        
                                        $170k-$720k per year
                                    

                                    

                                    
                                    
                                

                                
                                
                                    Netflix
                                    Featured
                                    19 days ago
                                    19 days ago",Unknown,Remote - North America,https://www.workingnomads.com/jobs/full-stack-engineer-l5-consumer-data-systems-netflix-1363136,Working Nomads,core-engineering,,2026-02-05T04:11:12.388054
"Full-Stack Growth Engineer
                                        
                                        ElevenLabs
                                    

                                    
                                        
                                            Development
                                        

                                        

                                        
                                        Featured
                                        23 days ago
                                        23 days ago
                                    
                                

                                
                                    
                                        
                                        UK, USA, Poland
                                    
                                    
                                        
                                        Full-time
                                    
                                    
                                        
                                        Entry Level
                                    
                                    
                                        
                                        
                                    
                                    
                                        
                                        
                                    

                                    

                                    
                                    
                                

                                
                                
                                    ElevenLabs
                                    Featured
                                    23 days ago
                                    23 days ago",Unknown,Remote - North America,https://www.workingnomads.com/jobs/full-stack-growth-engineer-elevenlabs-1355875,Working Nomads,core-engineering,,2026-02-05T04:11:12.388054
"Engineer - Full Stack (Revenue Zone)
                                        
                                        Zapier
                                    

                                    
                                        
                                            Development
                                        

                                        

                                        
                                        Featured
                                        18 days ago
                                        18 days ago
                                    
                                

                                
                                    
                                        
                                        North America
                                    
                                    
                                        
                                        Full-time
                                    
                                    
                                        
                                        Senior Level
                                    
                                    
                                        
                                        
                                    
                                    
                                        
                                        $143k-$216k per year
                                    

                                    

                                    
                                    
                                

                                
                                
                                    Zapier
                                    Featured
                                    18 days ago
                                    18 days ago",Unknown,Remote - North America,https://www.workingnomads.com/jobs/engineer-full-stack-revenue-zone-zapier-1365478,Working Nomads,core-engineering,,2026-02-05T04:11:12.388054
"Automations Engineer
                                        
                                        ElevenLabs
                                    

                                    
                                        
                                            System Administration
                                        

                                        

                                        
                                        Featured
                                        21 days ago
                                        21 days ago
                                    
                                

                                
                                    
                                        
                                        Poland, Germany, Italy, Canada, USA, UK
                                    
                                    
                                        
                                        Full-time
                                    
                                    
                                        
                                        Mid Level
                                    
                                    
                                        
                                        
                                    
                                    
                                        
                                        
                                    

                                    

                                    
                                    
                                

                                
                                
                                    ElevenLabs
                                    Featured
                                    21 days ago
                                    21 days ago",Unknown,Remote - North America,https://www.workingnomads.com/jobs/automations-engineer-elevenlabs-1360543,Working Nomads,core-engineering,,2026-02-05T04:11:12.388054
"CX Software Engineer
                                        
                                        Dropbox
                                    

                                    
                                        
                                            Development
                                        

                                        

                                        
                                        Featured
                                        24 days ago
                                        24 days ago
                                    
                                

                                
                                    
                                        
                                        Canada
                                    
                                    
                                        
                                        Full-time
                                    
                                    
                                        
                                        Senior Level
                                    
                                    
                                        
                                        
                                    
                                    
                                        
                                        
                                    

                                    

                                    
                                    
                                

                                
                                
                                    Dropbox
                                    Featured
                                    24 days ago
                                    24 days ago",Unknown,Remote - North America,https://www.workingnomads.com/jobs/cx-software-engineer-dropbox-1351601,Working Nomads,core-engineering,,2026-02-05T04:11:12.388054
"CX Software Engineer - GTM Platforms
                                        
                                        Dropbox
                                    

                                    
                                        
                                            Development
                                        

                                        

                                        
                                        Featured
                                        23 days ago
                                        23 days ago
                                    
                                

                                
                                    
                                        
                                        USA
                                    
                                    
                                        
                                        Full-time
                                    
                                    
                                        
                                        Senior Level
                                    
                                    
                                        
                                        
                                    
                                    
                                        
                                        $135k-$205k per year
                                    

                                    

                                    
                                    
                                

                                
                                
                                    Dropbox
                                    Featured
                                    23 days ago
                                    23 days ago",Unknown,Remote - North America,https://www.workingnomads.com/jobs/cx-software-engineer-gtm-platforms-dropbox-1355897,Working Nomads,core-engineering,,2026-02-05T04:11:12.388054
"Senior Fullstack Product Software Engineer - Corporate IT
                                        
                                        Dropbox
                                    

                                    
                                        
                                            Development
                                        

                                        

                                        
                                        Featured
                                        23 days ago
                                        23 days ago
                                    
                                

                                
                                    
                                        
                                        USA
                                    
                                    
                                        
                                        Full-time
                                    
                                    
                                        
                                        Senior Level
                                    
                                    
                                        
                                        
                                    
                                    
                                        
                                        $180k-$274k per year
                                    

                                    

                                    
                                    
                                

                                
                                
                                    Dropbox
                                    Featured
                                    23 days ago
                                    23 days ago",Unknown,Remote - North America,https://www.workingnomads.com/jobs/senior-fullstack-product-software-engineer-corporate-it-dropbox-1355895,Working Nomads,core-engineering,,2026-02-05T04:11:12.388054
"iOS Engineer
                                        
                                        Grow Therapy
                                    

                                    
                                        
                                            Development
                                        

                                        

                                        
                                        Featured
                                        13 days ago
                                        13 days ago
                                    
                                

                                
                                    
                                        
                                        USA
                                    
                                    
                                        
                                        Full-time
                                    
                                    
                                        
                                        Mid Level
                                    
                                    
                                        
                                        
                                    
                                    
                                        
                                        $152k-$190k per year
                                    

                                    

                                    
                                    
                                

                                
                                
                                    Grow Therapy
                                    Featured
                                    13 days ago
                                    13 days ago",Unknown,Remote - North America,https://www.workingnomads.com/jobs/ios-engineer-grow-therapy-1376338,Working Nomads,core-engineering,,2026-02-05T04:11:12.388054
"Tech Lead Manager - Core UX
                                        
                                        Kalepa
                                    

                                    
                                        
                                            Management
                                        

                                        

                                        
                                        Featured
                                        24 days ago
                                        24 days ago
                                    
                                

                                
                                    
                                        
                                        USA
                                    
                                    
                                        
                                        Full-time
                                    
                                    
                                        
                                        Senior Level
                                    
                                    
                                        
                                        
                                    
                                    
                                        
                                        $210k-$240k per year
                                    

                                    

                                    
                                    
                                

                                
                                
                                    Kalepa
                                    Featured
                                    24 days ago
                                    24 days ago",Unknown,Remote - North America,https://www.workingnomads.com/jobs/tech-lead-manager-core-ux-kalepa-1353342,Working Nomads,core-engineering,,2026-02-05T04:11:12.388054
"Staff Fullstack Software Engineer - Growth Monetization
                                        
                                        Dropbox
                                    

                                    
                                        
                                            Development
                                        

                                        

                                        
                                        Featured
                                        27 days ago
                                        27 days ago
                                    
                                

                                
                                    
                                        
                                        Canada
                                    
                                    
                                        
                                        Full-time
                                    
                                    
                                        
                                        Senior Level
                                    
                                    
                                        
                                        
                                    
                                    
                                        
                                        C$205k-C$277k per year
                                    

                                    

                                    
                                    
                                

                                
                                
                                    Dropbox
                                    Featured
                                    27 days ago
                                    27 days ago",Unknown,Remote - North America,https://www.workingnomads.com/jobs/staff-fullstack-software-engineer-growth-monetization-dropbox-1346759,Working Nomads,core-engineering,,2026-02-05T04:11:12.388054
"Full-Stack Software Engineer
                                        
                                        Spruce
                                    

                                    
                                        
                                            Development
                                        

                                        

                                        
                                        Featured
                                        23 days ago
                                        23 days ago
                                    
                                

                                
                                    
                                        
                                        USA
                                    
                                    
                                        
                                        Full-time
                                    
                                    
                                        
                                        Senior Level
                                    
                                    
                                        
                                        
                                    
                                    
                                        
                                        $120k-$200k per year
                                    

                                    

                                    
                                    
                                

                                
                                
                                    Spruce
                                    Featured
                                    23 days ago
                                    23 days ago",Unknown,Remote - North America,https://www.workingnomads.com/jobs/full-stack-software-engineer-spruce-1355753,Working Nomads,core-engineering,,2026-02-05T04:11:12.388054
"Staff Fullstack Software Engineer - Growth Monetization
                                        
                                        Dropbox
                                    

                                    
                                        
                                            Development
                                        

                                        

                                        
                                        Featured
                                        27 days ago
                                        27 days ago
                                    
                                

                                
                                    
                                        
                                        USA
                                    
                                    
                                        
                                        Full-time
                                    
                                    
                                        
                                        Senior Level
                                    
                                    
                                        
                                        
                                    
                                    
                                        
                                        $199k-$302k per year
                                    

                                    

                                    
                                    
                                

                                
                                
                                    Dropbox
                                    Featured
                                    27 days ago
                                    27 days ago",Unknown,Remote - North America,https://www.workingnomads.com/jobs/staff-fullstack-software-engineer-growth-monetization-dropbox-1346739,Working Nomads,core-engineering,,2026-02-05T04:11:12.388054
"Manager, Software Engineering - Billing
                                        
                                        Figma
                                    

                                    
                                        
                                            Management
                                        

                                        

                                        
                                        Featured
                                        8 hours ago
                                        8 hours ago
                                    
                                

                                
                                    
                                        
                                        USA
                                    
                                    
                                        
                                        Full-time
                                    
                                    
                                        
                                        Senior Level
                                    
                                    
                                        
                                        
                                    
                                    
                                        
                                        $250k-$350k per year
                                    

                                    

                                    
                                    
                                

                                
                                
                                    Figma
                                    Featured
                                    8 hours ago
                                    8 hours ago",Unknown,Remote - North America,https://www.workingnomads.com/jobs/manager-software-engineering-billing-figma-1399332,Working Nomads,core-engineering,,2026-02-05T04:11:12.388054
"Manager, Software Engineering - Billing
                                        
                                        Figma
                                    

                                    
                                        
                                            Management
                                        

                                        

                                        
                                        Featured
                                        9 hours ago
                                        9 hours ago
                                    
                                

                                
                                    
                                        
                                        USA
                                    
                                    
                                        
                                        Full-time
                                    
                                    
                                        
                                        Senior Level
                                    
                                    
                                        
                                        
                                    
                                    
                                        
                                        $250k-$350k per year
                                    

                                    

                                    
                                    
                                

                                
                                
                                    Figma
                                    Featured
                                    9 hours ago
                                    9 hours ago",Unknown,Remote - North America,https://www.workingnomads.com/jobs/manager-software-engineering-billing-figma-1399233,Working Nomads,core-engineering,,2026-02-05T04:11:12.388054
"Full-Stack Software Engineer 5 - Member Foundations Health
                                        
                                        Netflix
                                    

                                    
                                        
                                            Development
                                        

                                        

                                        
                                        Featured
                                        5 days ago
                                        5 days ago
                                    
                                

                                
                                    
                                        
                                        USA
                                    
                                    
                                        
                                        Full-time
                                    
                                    
                                        
                                        Mid Level
                                    
                                    
                                        
                                        
                                    
                                    
                                        
                                        $388k-$558k per year
                                    

                                    

                                    
                                    
                                

                                
                                
                                    Netflix
                                    Featured
                                    5 days ago
                                    5 days ago",Unknown,Remote - North America,https://www.workingnomads.com/jobs/full-stack-software-engineer-5-member-foundations-health-netflix,Working Nomads,core-engineering,,2026-02-05T04:11:12.388054
"Senior Machine Learning Engineer
                                        
                                        Mercury
                                    

                                    
                                        
                                            Development
                                        

                                        

                                        
                                        Featured
                                        23 days ago
                                        23 days ago
                                    
                                

                                
                                    
                                        
                                        USA, Canada
                                    
                                    
                                        
                                        Full-time
                                    
                                    
                                        
                                        Senior Level
                                    
                                    
                                        
                                        
                                    
                                    
                                        
                                        $201k-$251k per year
                                    

                                    

                                    
                                    
                                

                                
                                
                                    Mercury
                                    Featured
                                    23 days ago
                                    23 days ago",Unknown,Remote - North America,https://www.workingnomads.com/jobs/senior-machine-learning-engineer-mercury-1353949,Working Nomads,core-engineering,,2026-02-05T04:11:12.388054
"Developer Relations Engineer
                                        
                                        ElevenLabs
                                    

                                    
                                        
                                            Development
                                        

                                        

                                        
                                        Featured
                                        25 days ago
                                        25 days ago
                                    
                                

                                
                                    
                                        
                                        UK, USA, Sweden, Poland
                                    
                                    
                                        
                                        Full-time
                                    
                                    
                                        
                                        Mid Level
                                    
                                    
                                        
                                        
                                    
                                    
                                        
                                        $150k-$250k per year
                                    

                                    

                                    
                                    
                                

                                
                                
                                    ElevenLabs
                                    Featured
                                    25 days ago
                                    25 days ago",Unknown,Remote - North America,https://www.workingnomads.com/jobs/developer-relations-engineer-elevenlabs-1351343,Working Nomads,core-engineering,,2026-02-05T04:11:12.388054
"Senior Fullstack Engineer (RoR/vue.js), Software Supply Chain Security: Authorization
                                        
                                        GitLab
                                    

                                    
                                        
                                            Development
                                        

                                        

                                        
                                        Featured
                                        23 days ago
                                        23 days ago
                                    
                                

                                
                                    
                                        
                                        Canada, Netherlands, UK
                                    
                                    
                                        
                                        Full-time
                                    
                                    
                                        
                                        Senior Level
                                    
                                    
                                        
                                        
                                    
                                    
                                        
                                        $118k-$252k per year
                                    

                                    

                                    
                                    
                                

                                
                                
                                    GitLab
                                    Featured
                                    23 days ago
                                    23 days ago",Unknown,Remote - North America,https://www.workingnomads.com/jobs/senior-fullstack-engineer-rorvuejs-software-supply-chain-security-authorization-gitlab-1354933,Working Nomads,core-engineering,,2026-02-05T04:11:12.388054
"Senior Software Engineer - BizTech
                                        
                                        Airbnb
                                    

                                    
                                        
                                            Development
                                        

                                        

                                        
                                        Featured
                                        7 days ago
                                        7 days ago
                                    
                                

                                
                                    
                                        
                                        USA
                                    
                                    
                                        
                                        Full-time
                                    
                                    
                                        
                                        Senior Level
                                    
                                    
                                        
                                        
                                    
                                    
                                        
                                        $191k-$223k per year
                                    

                                    

                                    
                                    
                                

                                
                                
                                    Airbnb
                                    Featured
                                    7 days ago
                                    7 days ago",Unknown,Remote - North America,https://www.workingnomads.com/jobs/senior-software-engineer-biztech-airbnb-1387205,Working Nomads,core-engineering,,2026-02-05T04:11:12.388054
"Senior Software Engineer - Bank Accounts
                                        
                                        Mercury
                                    

                                    
                                        
                                            Development
                                        

                                        

                                        
                                        Featured
                                        15 days ago
                                        15 days ago
                                    
                                

                                
                                    
                                        
                                        USA, Canada
                                    
                                    
                                        
                                        Full-time
                                    
                                    
                                        
                                        Senior Level
                                    
                                    
                                        
                                        
                                    
                                    
                                        
                                        $201k-$251k per year
                                    

                                    

                                    
                                    
                                

                                
                                
                                    Mercury
                                    Featured
                                    15 days ago
                                    15 days ago",Unknown,Remote - North America,https://www.workingnomads.com/jobs/senior-software-engineer-bank-accounts-mercury-1371264,Working Nomads,core-engineering,,2026-02-05T04:11:12.388054
"Software Engineer 5
                                        
                                        Netflix
                                    

                                    
                                        
                                            Development
                                        

                                        

                                        
                                        Featured
                                        7 days ago
                                        7 days ago
                                    
                                

                                
                                    
                                        
                                        USA
                                    
                                    
                                        
                                        Full-time
                                    
                                    
                                        
                                        Senior Level
                                    
                                    
                                        
                                        
                                    
                                    
                                        
                                        $388k-$558k per year
                                    

                                    

                                    
                                    
                                

                                
                                
                                    Netflix
                                    Featured
                                    7 days ago
                                    7 days ago",Unknown,Remote - North America,https://www.workingnomads.com/jobs/software-engineer-5-netflix-1387323,Working Nomads,core-engineering,,2026-02-05T04:11:12.388054
"Technical Recruiter
                                        
                                        ElevenLabs
                                    

                                    
                                        
                                            Human Resources
                                        

                                        

                                        
                                        Featured
                                        25 days ago
                                        25 days ago
                                    
                                

                                
                                    
                                        
                                        UK, Poland, USA
                                    
                                    
                                        
                                        Full-time
                                    
                                    
                                        
                                        Mid Level
                                    
                                    
                                        
                                        
                                    
                                    
                                        
                                        
                                    

                                    

                                    
                                    
                                

                                
                                
                                    ElevenLabs
                                    Featured
                                    25 days ago
                                    25 days ago",Unknown,Remote - North America,https://www.workingnomads.com/jobs/technical-recruiter-elevenlabs-1351318,Working Nomads,core-engineering,,2026-02-05T04:11:12.388054
"Full Stack Software Engineer (L5) - Game Developer Tools
                                        
                                        Netflix
                                    

                                    
                                        
                                            Development
                                        

                                        

                                        
                                        Featured
                                        23 days ago
                                        23 days ago
                                    
                                

                                
                                    
                                        
                                        USA
                                    
                                    
                                        
                                        Full-time
                                    
                                    
                                        
                                        Senior Level
                                    
                                    
                                        
                                        
                                    
                                    
                                        
                                        $100k-$720k per year
                                    

                                    

                                    
                                    
                                

                                
                                
                                    Netflix
                                    Featured
                                    23 days ago
                                    23 days ago",Unknown,Remote - North America,https://www.workingnomads.com/jobs/full-stack-software-engineer-l5-game-developer-tools-netflix-1354085,Working Nomads,core-engineering,,2026-02-05T04:11:12.388054
"Senior Full Stack Software Engineer
                                        
                                        Tillster, Inc.
                                    

                                    
                                        
                                            Development
                                        

                                        

                                        
                                        Featured
                                        3 days ago
                                        3 days ago
                                    
                                

                                
                                    
                                        
                                        USA
                                    
                                    
                                        
                                        Full-time
                                    
                                    
                                        
                                        Senior Level
                                    
                                    
                                        
                                        
                                    
                                    
                                        
                                        $135k-$165k per year
                                    

                                    

                                    
                                    
                                

                                
                                
                                    Tillster, Inc.
                                    Featured
                                    3 days ago
                                    3 days ago",Unknown,Remote - North America,https://www.workingnomads.com/jobs/senior-full-stack-software-engineer-tillster-inc-1394179,Working Nomads,core-engineering,,2026-02-05T04:11:12.388054
"Sr. Software Engineer - Capital Markets & Treasury
                                        
                                        Kraken
                                    

                                    
                                        
                                            Development
                                        

                                        

                                        
                                        Featured
                                        10 days ago
                                        10 days ago
                                    
                                

                                
                                    
                                        
                                        USA
                                    
                                    
                                        
                                        Full-time
                                    
                                    
                                        
                                        Senior Level
                                    
                                    
                                        
                                        
                                    
                                    
                                        
                                        $127k-$203k per year
                                    

                                    

                                    
                                    
                                

                                
                                
                                    Kraken
                                    Featured
                                    10 days ago
                                    10 days ago",Unknown,Remote - North America,https://www.workingnomads.com/jobs/sr-software-engineer-capital-markets-treasury-kraken,Working Nomads,core-engineering,,2026-02-05T04:11:12.388054
"Senior Software Engineer - Resware
                                        
                                        Qualia
                                    

                                    
                                        
                                            Development
                                        

                                        

                                        
                                        Featured
                                        15 days ago
                                        15 days ago
                                    
                                

                                
                                    
                                        
                                        USA
                                    
                                    
                                        
                                        Full-time
                                    
                                    
                                        
                                        Senior Level
                                    
                                    
                                        
                                        
                                    
                                    
                                        
                                        $150k-$175k per year
                                    

                                    

                                    
                                    
                                

                                
                                
                                    Qualia
                                    Featured
                                    15 days ago
                                    15 days ago",Unknown,Remote - North America,https://www.workingnomads.com/jobs/senior-software-engineer-resware-qualia-1373199,Working Nomads,core-engineering,,2026-02-05T04:11:12.388054
"Software Engineer
                                        
                                        Buildout
                                    

                                    
                                        
                                            Development
                                        

                                        

                                        
                                        Featured
                                        21 days ago
                                        21 days ago
                                    
                                

                                
                                    
                                        
                                        USA
                                    
                                    
                                        
                                        Full-time
                                    
                                    
                                        
                                        Mid Level
                                    
                                    
                                        
                                        
                                    
                                    
                                        
                                        $100k-$135k per year
                                    

                                    

                                    
                                    
                                

                                
                                
                                    Buildout
                                    Featured
                                    21 days ago
                                    21 days ago",Unknown,Remote - North America,https://www.workingnomads.com/jobs/software-engineer-buildout-1358626,Working Nomads,core-engineering,,2026-02-05T04:11:12.388054
"Applied AI Engineer
                                        
                                        Zapier
                                    

                                    
                                        
                                            Development
                                        

                                        

                                        
                                        Featured
                                        11 days ago
                                        11 days ago
                                    
                                

                                
                                    
                                        
                                        North America, UK
                                    
                                    
                                        
                                        Full-time
                                    
                                    
                                        
                                        Senior Level
                                    
                                    
                                        
                                        
                                    
                                    
                                        
                                        $192k-$287k per year
                                    

                                    

                                    
                                    
                                

                                
                                
                                    Zapier
                                    Featured
                                    11 days ago
                                    11 days ago",Unknown,Remote - North America,https://www.workingnomads.com/jobs/applied-ai-engineer-zapier-1381540,Working Nomads,core-engineering,,2026-02-05T04:11:12.388054
Mobile Engineering,"397
            NextEra Energy Jobs","3,841",https://www.adzuna.com/land/ad/5598112676?se=YlFzqRIC8RGJdNwd9GyhzQ&title=Mobile_Engineering&v=E6EF8F3081DDACBF5662D2E260258ED98535C339,Adzuna,core-engineering,1.0,2026-02-05T04:11:12.388054
Mobile Engineer,"397
            NextEra Energy Jobs","3,841",https://www.adzuna.com/land/ad/5512339260?se=YlFzqRIC8RGJdNwd9GyhzQ&title=Mobile_Engineer&v=C49656D0CD520567F8EBADCD17596CA9ECA61B35,Adzuna,core-engineering,1.0,2026-02-05T04:11:12.388054
Mobile Engineering,"397
            NextEra Energy Jobs","3,841",https://www.adzuna.com/land/ad/5611540542?se=YlFzqRIC8RGJdNwd9GyhzQ&title=Mobile_Engineering&v=40D746D249D050D0E018A4CA73CF185DFF8D00D6,Adzuna,core-engineering,1.0,2026-02-05T04:11:12.388054
Mobile Engineer,"397
            NextEra Energy Jobs","3,841",https://www.adzuna.com/land/ad/5577855935?se=YlFzqRIC8RGJdNwd9GyhzQ&title=Mobile_Engineer&v=E3EC3231CC6BB54FEF921BDD9A1624257CF4DF10,Adzuna,core-engineering,1.0,2026-02-05T04:11:12.388054
Mobile Engineering,"397
            NextEra Energy Jobs","3,841",https://www.adzuna.com/land/ad/5598972516?se=YlFzqRIC8RGJdNwd9GyhzQ&title=Mobile_Engineering&v=62747BFF558E5BA613C98EC327BA3957B48BD678,Adzuna,core-engineering,1.0,2026-02-05T04:11:12.388054
Mobile Engineer,"397
            NextEra Energy Jobs","3,841",https://www.adzuna.com/land/ad/5590964989?se=YlFzqRIC8RGJdNwd9GyhzQ&title=Mobile_Engineer&v=836467D6B11DDE2859664BF48216DF06C4E2B37C,Adzuna,core-engineering,1.0,2026-02-05T04:11:12.388054
Junior Mobile Engineer,"397
            NextEra Energy Jobs","3,841",https://www.adzuna.com/land/ad/5528367044?se=YlFzqRIC8RGJdNwd9GyhzQ&title=Junior_Mobile_Engineer&v=A35D49A3F1FF95EAE3A7565C80DB57490AD10BCF,Adzuna,core-engineering,1.0,2026-02-05T04:11:12.388054
Mobility Engineer,"397
            NextEra Energy Jobs","3,841",https://www.adzuna.com/land/ad/5453060701?se=YlFzqRIC8RGJdNwd9GyhzQ&title=Mobility_Engineer&v=B6DC281A3062A6FC4001D6F0D970EAE5FE758F57,Adzuna,core-engineering,1.0,2026-02-05T04:11:12.388054
Mobile Engineer,"397
            NextEra Energy Jobs","3,841",https://www.adzuna.com/land/ad/5607910811?se=YlFzqRIC8RGJdNwd9GyhzQ&title=Mobile_Engineer&v=8CB8DF3CB56307DEBA15985055040CC3B551C7BA,Adzuna,core-engineering,1.0,2026-02-05T04:11:12.388054
Mobile Engineer,"397
            NextEra Energy Jobs","3,841",https://www.adzuna.com/land/ad/5577319725?se=YlFzqRIC8RGJdNwd9GyhzQ&title=Mobile_Engineer&v=B7BA9B997E9F1144BED25C20516779CF3E2B97DE,Adzuna,core-engineering,1.0,2026-02-05T04:11:12.388054
"Mobile Engineer - Digital Identity
                                        
                                        Spruce
                                    

                                    
                                        
                                            Development
                                        

                                        

                                        
                                        Featured
                                        16 days ago
                                        16 days ago
                                    
                                

                                
                                    
                                        
                                        USA
                                    
                                    
                                        
                                        Full-time
                                    
                                    
                                        
                                        Senior Level
                                    
                                    
                                        
                                        
                                    
                                    
                                        
                                        $120k-$200k per year
                                    

                                    

                                    
                                    
                                

                                
                                
                                    Spruce
                                    Featured
                                    16 days ago
                                    16 days ago",Unknown,Remote - North America,https://www.workingnomads.com/jobs/mobile-engineer-digital-identity-spruce-1369558,Working Nomads,core-engineering,,2026-02-05T04:11:12.388054
"Android Software Engineer - Mobile Experience
                                        
                                        Dropbox
                                    

                                    
                                        
                                            Development
                                        

                                        

                                        
                                        Featured
                                        5 days ago
                                        5 days ago
                                    
                                

                                
                                    
                                        
                                        Canada
                                    
                                    
                                        
                                        Full-time
                                    
                                    
                                        
                                        Senior Level
                                    
                                    
                                        
                                        
                                    
                                    
                                        
                                        C$168k-C$228k per year
                                    

                                    

                                    
                                    
                                

                                
                                
                                    Dropbox
                                    Featured
                                    5 days ago
                                    5 days ago",Unknown,Remote - North America,https://www.workingnomads.com/jobs/android-software-engineer-mobile-experience-dropbox-1391222,Working Nomads,core-engineering,,2026-02-05T04:11:12.388054
"Android Software Engineer - Mobile Experience
                                        
                                        Dropbox
                                    

                                    
                                        
                                            Development
                                        

                                        

                                        
                                        Featured
                                        5 days ago
                                        5 days ago
                                    
                                

                                
                                    
                                        
                                        USA
                                    
                                    
                                        
                                        Full-time
                                    
                                    
                                        
                                        Senior Level
                                    
                                    
                                        
                                        
                                    
                                    
                                        
                                        $163k-$248k per year
                                    

                                    

                                    
                                    
                                

                                
                                
                                    Dropbox
                                    Featured
                                    5 days ago
                                    5 days ago",Unknown,Remote - North America,https://www.workingnomads.com/jobs/android-software-engineer-mobile-experience-dropbox,Working Nomads,core-engineering,,2026-02-05T04:11:12.388054
"Senior Forward Deployed Engineer - Mobile
                                        
                                        Spruce
                                    

                                    
                                        
                                            Development
                                        

                                        

                                        
                                        Featured
                                        25 days ago
                                        25 days ago
                                    
                                

                                
                                    
                                        
                                        USA
                                    
                                    
                                        
                                        Full-time
                                    
                                    
                                        
                                        Senior Level
                                    
                                    
                                        
                                        
                                    
                                    
                                        
                                        $150k-$175k per year
                                    

                                    

                                    
                                    
                                

                                
                                
                                    Spruce
                                    Featured
                                    25 days ago
                                    25 days ago",Unknown,Remote - North America,https://www.workingnomads.com/jobs/senior-forward-deployed-engineer-mobile-spruce-1350434,Working Nomads,core-engineering,,2026-02-05T04:11:12.388054
"Senior Engineering Manager - Core Mobile Experience
                                        
                                        Dropbox
                                    

                                    
                                        
                                            Management
                                        

                                        

                                        
                                        Featured
                                        1 day ago
                                        1 day ago
                                    
                                

                                
                                    
                                        
                                        Canada
                                    
                                    
                                        
                                        Full-time
                                    
                                    
                                        
                                        Senior Level
                                    
                                    
                                        
                                        
                                    
                                    
                                        
                                        C$205k-C$277k per year
                                    

                                    

                                    
                                    
                                

                                
                                
                                    Dropbox
                                    Featured
                                    1 day ago
                                    1 day ago",Unknown,Remote - North America,https://www.workingnomads.com/jobs/senior-engineering-manager-core-mobile-experience-dropbox,Working Nomads,core-engineering,,2026-02-05T04:11:12.388054
"Product Engineer - Mobile (Senior/Staff/Principle)
                                        
                                        Monarch Money
                                    

                                    
                                        
                                            Development
                                        

                                        

                                        
                                        Featured
                                        12 days ago
                                        12 days ago
                                    
                                

                                
                                    
                                        
                                        Canada, USA
                                    
                                    
                                        
                                        Full-time
                                    
                                    
                                        
                                        Senior Level
                                    
                                    
                                        
                                        
                                    
                                    
                                        
                                        $165k-$230k per year
                                    

                                    

                                    
                                    
                                

                                
                                
                                    Monarch Money
                                    Featured
                                    12 days ago
                                    12 days ago",Unknown,Remote - North America,https://www.workingnomads.com/jobs/product-engineer-mobile-seniorstaffprinciple-monarch-money,Working Nomads,core-engineering,,2026-02-05T04:11:12.388054
"Senior iOS Engineer - Guest Displays & Platforms
                                        
                                        Airbnb
                                    

                                    
                                        
                                            Development
                                        

                                        

                                        
                                        Featured
                                        22 days ago
                                        22 days ago
                                    
                                

                                
                                    
                                        
                                        USA
                                    
                                    
                                        
                                        Full-time
                                    
                                    
                                        
                                        Senior Level
                                    
                                    
                                        
                                        
                                    
                                    
                                        
                                        $191k-$223k per year
                                    

                                    

                                    
                                    
                                

                                
                                
                                    Airbnb
                                    Featured
                                    22 days ago
                                    22 days ago",Unknown,Remote - North America,https://www.workingnomads.com/jobs/senior-ios-engineer-guest-displays-platforms-airbnb-1358277,Working Nomads,core-engineering,,2026-02-05T04:11:12.388054
"Senior Test Engineer (L5) - Games Platform Quality
                                        
                                        Netflix
                                    

                                    
                                        
                                            Development
                                        

                                        

                                        
                                        Featured
                                        22 days ago
                                        22 days ago
                                    
                                

                                
                                    
                                        
                                        USA
                                    
                                    
                                        
                                        Full-time
                                    
                                    
                                        
                                        Senior Level
                                    
                                    
                                        
                                        
                                    
                                    
                                        
                                        $170k-$720k per year
                                    

                                    

                                    
                                    
                                

                                
                                
                                    Netflix
                                    Featured
                                    22 days ago
                                    22 days ago",Unknown,Remote - North America,https://www.workingnomads.com/jobs/senior-test-engineer-l5-games-platform-quality-netflix-1356823,Working Nomads,core-engineering,,2026-02-05T04:11:12.388054
"Senior iOS Engineer - Poe
                                        
                                        Quora
                                    

                                    
                                        
                                            Development
                                        

                                        

                                        
                                        Featured
                                        9 days ago
                                        9 days ago
                                    
                                

                                
                                    
                                        
                                        USA, Canada, Ireland
                                    
                                    
                                        
                                        Full-time
                                    
                                    
                                        
                                        Senior Level
                                    
                                    
                                        
                                        
                                    
                                    
                                        
                                        $172k-$250k per year
                                    

                                    

                                    
                                    
                                

                                
                                
                                    Quora
                                    Featured
                                    9 days ago
                                    9 days ago",Unknown,Remote - North America,https://www.workingnomads.com/jobs/senior-ios-engineer-poe-quora-1384910,Working Nomads,core-engineering,,2026-02-05T04:11:12.388054
"Staff Software Engineer - Mobile Applications
                                        
                                        Abbott
                                    

                                    
                                        
                                            Development
                                        

                                        

                                        
                                        Featured
                                        23 days ago
                                        23 days ago
                                    
                                

                                
                                    
                                        
                                        USA
                                    
                                    
                                        
                                        Full-time
                                    
                                    
                                        
                                        Senior Level
                                    
                                    
                                        
                                        
                                    
                                    
                                        
                                        $99k-$199k per year
                                    

                                    

                                    
                                    
                                

                                
                                
                                    Abbott
                                    Featured
                                    23 days ago
                                    23 days ago",Unknown,Remote - North America,https://www.workingnomads.com/jobs/staff-software-engineer-mobile-applications-abbott-1355533,Working Nomads,core-engineering,,2026-02-05T04:11:12.388054
"Engineering Manager - Mobile Platform
                                        
                                        Platform Science
                                    

                                    
                                        
                                            Management
                                        

                                        

                                        
                                        Featured
                                        16 days ago
                                        16 days ago
                                    
                                

                                
                                    
                                        
                                        USA
                                    
                                    
                                        
                                        Full-time
                                    
                                    
                                        
                                        Mid Level
                                    
                                    
                                        
                                        
                                    
                                    
                                        
                                        $131k-$200k per year
                                    

                                    

                                    
                                    
                                

                                
                                
                                    Platform Science
                                    Featured
                                    16 days ago
                                    16 days ago",Unknown,Remote - North America,https://www.workingnomads.com/jobs/engineering-manager-mobile-platform-platform-science-1369378,Working Nomads,core-engineering,,2026-02-05T04:11:12.388054
Simple WordPress Business Site Build,Freelancer Client,Remote,https://www.freelancer.com/projects/seo/simple-wordpress-business-site-build,Freelancer,core-engineering,,2026-02-05T04:11:12.388054
Convert Pascal Application to Web,Freelancer Client,Remote,https://www.freelancer.com/projects/web-development/convert-pascal-application-web,Freelancer,core-engineering,,2026-02-05T04:11:12.388054
Accessible Website for Vision Services,Freelancer Client,Remote,https://www.freelancer.com/projects/web-design/accessible-website-for-vision-services,Freelancer,core-engineering,,2026-02-05T04:11:12.388054
Three.js Marketplace MVP Build,Freelancer Client,Remote,https://www.freelancer.com/projects/3d-modelling/three-marketplace-mvp-build,Freelancer,core-engineering,,2026-02-05T04:11:12.388054
German Voice Recording Work for Native Speakers – 725 Short Sentences,Freelancer Client,Remote,https://www.freelancer.com/projects/voice-over/german-voice-recording-work-for,Freelancer,core-engineering,,2026-02-05T04:11:12.388054
YouTube Vlog Videographer Needed,Freelancer Client,Remote,https://www.freelancer.com/projects/video-ads/youtube-vlog-videographer-needed,Freelancer,core-engineering,,2026-02-05T04:11:12.388054
360 Drone Sports Coverage,Freelancer Client,Remote,https://www.freelancer.com/projects/drone-photography/drone-sports-coverage,Freelancer,core-engineering,,2026-02-05T04:11:12.388054
Full-Featured Multivendor Ecommerce Site,Freelancer Client,Remote,https://www.freelancer.com/projects/web-development/full-featured-multivendor-ecommerce-site,Freelancer,core-engineering,,2026-02-05T04:11:12.388054
Rental Agency PM Support,Freelancer Client,Remote,https://www.freelancer.com/projects/documentation/rental-agency-support,Freelancer,core-engineering,,2026-02-05T04:11:12.388054
2D CAD Mechanical Drawing,Freelancer Client,Remote,https://www.freelancer.com/projects/2d-drafting/cad-mechanical-drawing,Freelancer,core-engineering,,2026-02-05T04:11:12.388054
Antique Fantasy World Map,Freelancer Client,Remote,https://www.freelancer.com/projects/cartography-maps/antique-fantasy-world-map,Freelancer,core-engineering,,2026-02-05T04:11:12.388054
Bold Text Logo for Hair Brand,Freelancer Client,Remote,https://www.freelancer.com/contest/bold-text-logo-for-hair-brand-2697092,Freelancer,core-engineering,,2026-02-05T04:11:12.388054
Eye-Catching Van Wrap Design,Freelancer Client,Remote,https://www.freelancer.com/projects/advertisement-design/eye-catching-van-wrap-design,Freelancer,core-engineering,,2026-02-05T04:11:12.388054
Excel Workbook for Inventory Management  urgent,Freelancer Client,Remote,https://www.freelancer.com/projects/visual-basic/excel-workbook-for-inventory-management-40203729,Freelancer,core-engineering,,2026-02-05T04:11:12.388054
Vibrant Modern Fish Flyer Design,Freelancer Client,Remote,https://www.freelancer.com/projects/adobe-creative-suite/vibrant-modern-fish-flyer-design,Freelancer,core-engineering,,2026-02-05T04:11:12.388054
Outlook Email Forwarding Setup,Freelancer Client,Remote,https://www.freelancer.com/projects/project-management/outlook-email-forwarding-setup,Freelancer,core-engineering,,2026-02-05T04:11:12.388054
Software Engineering Manager (Software Engineering Mgmt),"397
            NextEra Energy Jobs","133,324",https://www.adzuna.com/land/ad/5610241599?se=HhAofhMC8RGPitZTGfOutQ&title=Software_Engineering_Manager_%28Software_Engineering_Mgmt%29&v=BA048D7B65FAE589FEDF4BF1BD53D4DFA0FAD0A5,Adzuna,core-engineering,1.0,2026-02-05T04:11:12.388054
Software Engineering Manager (Software Engineering Mgmt),"397
            NextEra Energy Jobs","133,324",https://www.adzuna.com/land/ad/5610492338?se=HhAofhMC8RGPitZTGfOutQ&title=Software_Engineering_Manager_%28Software_Engineering_Mgmt%29&v=A8356415ED6623C37404759E89178971A6C72F31,Adzuna,core-engineering,1.0,2026-02-05T04:11:12.388054
Software Engineer–Developer,"397
            NextEra Energy Jobs","133,324",https://www.adzuna.com/land/ad/5613921602?se=HhAofhMC8RGPitZTGfOutQ&title=Software_Engineer%E2%80%93Developer&v=00A751E14964D5CAFB00C42AFCD8F286DD77D54D,Adzuna,core-engineering,1.0,2026-02-05T04:11:12.388054
Senior Software Engineer,"397
            NextEra Energy Jobs","133,324",https://www.adzuna.com/land/ad/5610241638?se=HhAofhMC8RGPitZTGfOutQ&title=Senior_Software_Engineer&v=D4BA3BFC289C0996CC5CC5F1703DAE6DA62E8F62,Adzuna,core-engineering,1.0,2026-02-05T04:11:12.388054
Associate Embedded Software Engineers,"397
            NextEra Energy Jobs","133,324",https://www.adzuna.com/land/ad/5613921605?se=HhAofhMC8RGPitZTGfOutQ&title=Associate_Embedded_Software_Engineers&v=79FBC961E7686C8D07553BAA7D2E1E6E8C229E76,Adzuna,core-engineering,1.0,2026-02-05T04:11:12.388054
Chief Software Engineering Manager,"397
            NextEra Energy Jobs","133,324",https://www.adzuna.com/land/ad/5612558344?se=HhAofhMC8RGPitZTGfOutQ&title=Chief_Software_Engineering_Manager&v=F1B5B5B177A35E9F50B34EC2475C67A750EFD800,Adzuna,core-engineering,1.0,2026-02-05T04:11:12.388054
Senior Software Engineer–DevSecOps,"397
            NextEra Energy Jobs","133,324",https://www.adzuna.com/land/ad/5610241735?se=HhAofhMC8RGPitZTGfOutQ&title=Senior_Software_Engineer%E2%80%93DevSecOps&v=FAC7EBB3338816F317A0F3D341FF8E2A5E6FC731,Adzuna,core-engineering,1.0,2026-02-05T04:11:12.388054
Senior Software Engineer - DevSecOps,"397
            NextEra Energy Jobs","133,324",https://www.adzuna.com/land/ad/5613921614?se=HhAofhMC8RGPitZTGfOutQ&title=Senior_Software_Engineer_-_DevSecOps&v=DE58145F76AC85A6BC1DF7B0D0FA53132F39E433,Adzuna,core-engineering,1.0,2026-02-05T04:11:12.388054
Senior Software Engineer–Test & Verification,"397
            NextEra Energy Jobs","133,324",https://www.adzuna.com/land/ad/5610241675?se=HhAofhMC8RGPitZTGfOutQ&title=Senior_Software_Engineer%E2%80%93Test_%26_Verification&v=84EC7BACC86ABE2A43693D23FCC6060EB8774BFE,Adzuna,core-engineering,1.0,2026-02-05T04:11:12.388054
Experienced Software Engineer/Product Owner,"397
            NextEra Energy Jobs","133,324",https://www.adzuna.com/land/ad/5610241692?se=HhAofhMC8RGPitZTGfOutQ&title=Experienced_Software_Engineer%2FProduct_Owner&v=90E091591CB2D2823FCA09C1A13EE91B383BA548,Adzuna,core-engineering,1.0,2026-02-05T04:11:12.388054
"Software Engineer – C++ (Fully Remote)
                                        
                                        Octo Horizon
                                    

                                    
                                        
                                            Development
                                        

                                        

                                        
                                        Featured
                                        21 days ago
                                        21 days ago
                                    
                                

                                
                                    
                                        
                                        Anywhere
                                    
                                    
                                        
                                        Full-time
                                    
                                    
                                        
                                        Mid Level
                                    
                                    
                                        
                                        
                                    
                                    
                                        
                                        $ 120,000.00 + bonus up to 50%
                                    

                                    

                                    
                                    
                                

                                
                                
                                    Octo Horizon
                                    Featured
                                    21 days ago
                                    21 days ago",Unknown,Remote - North America,https://www.workingnomads.com/jobs/software-engineer-c-fully-remote-hired-octo-horizon,Working Nomads,core-engineering,,2026-02-05T04:11:12.388054
"Senior React.js Full-stack Developer
                                        
                                        Lemon.io
                                    

                                    
                                        
                                            Development
                                        

                                        

                                        
                                        Featured
                                        26 days ago
                                        26 days ago
                                    
                                

                                
                                    
                                        
                                        Europe, North America, Latin America, APAC
                                    
                                    
                                        
                                        Full-time
                                    
                                    
                                        
                                        Senior Level
                                    
                                    
                                        
                                        
                                    
                                    
                                        
                                        
                                    

                                    

                                    
                                    
                                

                                
                                
                                    Lemon.io
                                    Featured
                                    26 days ago
                                    26 days ago",Unknown,Remote - North America,https://www.workingnomads.com/jobs/senior-reactjs-full-stack-developer-lemonio-1347921,Working Nomads,core-engineering,,2026-02-05T04:11:12.388054
"Senior Java & React Developer
                                        
                                        Lemon.io
                                    

                                    
                                        
                                            Development
                                        

                                        

                                        
                                        Featured
                                        7 days ago
                                        7 days ago
                                    
                                

                                
                                    
                                        
                                        Europe, North America, Latin America, APAC
                                    
                                    
                                        
                                        Full-time
                                    
                                    
                                        
                                        Senior Level
                                    
                                    
                                        
                                        
                                    
                                    
                                        
                                        
                                    

                                    

                                    
                                    
                                

                                
                                
                                    Lemon.io
                                    Featured
                                    7 days ago
                                    7 days ago",Unknown,Remote - North America,https://www.workingnomads.com/jobs/senior-java-react-developer-lemonio,Working Nomads,core-engineering,,2026-02-05T04:11:12.388054
"Software Engineer
                                        
                                        Zencore
                                    

                                    
                                        
                                            Development
                                        

                                        

                                        
                                        Featured
                                        5 days ago
                                        5 days ago
                                    
                                

                                
                                    
                                        
                                        Anywhere
                                    
                                    
                                        
                                        Contract
                                    
                                    
                                        
                                        Senior Level
                                    
                                    
                                        
                                        
                                    
                                    
                                        
                                        
                                    

                                    

                                    
                                    
                                

                                
                                
                                    Zencore
                                    Featured
                                    5 days ago
                                    5 days ago",Unknown,Remote - North America,https://www.workingnomads.com/jobs/software-engineer-zencore-1392846,Working Nomads,core-engineering,,2026-02-05T04:11:12.388054
"Software Engineer
                                        
                                        Douro Labs
                                    

                                    
                                        
                                            Development
                                        

                                        

                                        
                                        Featured
                                        10 days ago
                                        10 days ago
                                    
                                

                                
                                    
                                        
                                        North America, Europe, Latin America
                                    
                                    
                                        
                                        Full-time
                                    
                                    
                                        
                                        Mid Level
                                    
                                    
                                        
                                        
                                    
                                    
                                        
                                        
                                    

                                    

                                    
                                    
                                

                                
                                
                                    Douro Labs
                                    Featured
                                    10 days ago
                                    10 days ago",Unknown,Remote - North America,https://www.workingnomads.com/jobs/software-engineer-douro-labs-1383517,Working Nomads,core-engineering,,2026-02-05T04:11:12.388054
"Software Engineer
                                        
                                        Twilio
                                    

                                    
                                        
                                            Development
                                        

                                        

                                        
                                        Featured
                                        15 days ago
                                        15 days ago
                                    
                                

                                
                                    
                                        
                                        USA
                                    
                                    
                                        
                                        Full-time
                                    
                                    
                                        
                                        Mid Level
                                    
                                    
                                        
                                        
                                    
                                    
                                        
                                        $139k-$204k per year
                                    

                                    

                                    
                                    
                                

                                
                                
                                    Twilio
                                    Featured
                                    15 days ago
                                    15 days ago",Unknown,Remote - North America,https://www.workingnomads.com/jobs/software-engineer-twilio-1371227,Working Nomads,core-engineering,,2026-02-05T04:11:12.388054
"Software Engineer
                                        
                                        Xapo Bank
                                    

                                    
                                        
                                            Development
                                        

                                        

                                        
                                        Featured
                                        16 days ago
                                        16 days ago
                                    
                                

                                
                                    
                                        
                                        Anywhere
                                    
                                    
                                        
                                        Full-time
                                    
                                    
                                        
                                        Mid Level
                                    
                                    
                                        
                                        
                                    
                                    
                                        
                                        
                                    

                                    

                                    
                                    
                                

                                
                                
                                    Xapo Bank
                                    Featured
                                    16 days ago
                                    16 days ago",Unknown,Remote - North America,https://www.workingnomads.com/jobs/software-engineer-xapo-bank-1368992,Working Nomads,core-engineering,,2026-02-05T04:11:12.388054
"Software Engineer
                                        
                                        Spinwheel Solutions Inc.
                                    

                                    
                                        
                                            Development
                                        

                                        

                                        
                                        Featured
                                        20 days ago
                                        20 days ago
                                    
                                

                                
                                    
                                        
                                        USA, Canada
                                    
                                    
                                        
                                        Full-time
                                    
                                    
                                        
                                        Mid Level
                                    
                                    
                                        
                                        
                                    
                                    
                                        
                                        
                                    

                                    

                                    
                                    
                                

                                
                                
                                    Spinwheel Solutions Inc.
                                    Featured
                                    20 days ago
                                    20 days ago",Unknown,Remote - North America,https://www.workingnomads.com/jobs/software-engineer-spinwheel-solutions-inc-1361560,Working Nomads,core-engineering,,2026-02-05T04:11:12.388054
"Software Engineer
                                        
                                        DataHub
                                    

                                    
                                        
                                            Development
                                        

                                        

                                        
                                        Featured
                                        20 days ago
                                        20 days ago
                                    
                                

                                
                                    
                                        
                                        USA
                                    
                                    
                                        
                                        Full-time
                                    
                                    
                                        
                                        Senior Level
                                    
                                    
                                        
                                        
                                    
                                    
                                        
                                        
                                    

                                    

                                    
                                    
                                

                                
                                
                                    DataHub
                                    Featured
                                    20 days ago
                                    20 days ago",Unknown,Remote - North America,https://www.workingnomads.com/jobs/software-engineer-datahub-1360840,Working Nomads,core-engineering,,2026-02-05T04:11:12.388054
"Software Developer
                                        
                                        Fortive
                                    

                                    
                                        
                                            Development
                                        

                                        

                                        
                                        Featured
                                        23 days ago
                                        23 days ago
                                    
                                

                                
                                    
                                        
                                        USA, Canada
                                    
                                    
                                        
                                        Full-time
                                    
                                    
                                        
                                        Mid Level
                                    
                                    
                                        
                                        
                                    
                                    
                                        
                                        
                                    

                                    

                                    
                                    
                                

                                
                                
                                    Fortive
                                    Featured
                                    23 days ago
                                    23 days ago",Unknown,Remote - North America,https://www.workingnomads.com/jobs/software-developer-fortive-1354079,Working Nomads,core-engineering,,2026-02-05T04:11:12.388054
"Software Engineer
                                        
                                        Warp
                                    

                                    
                                        
                                            Development
                                        

                                        

                                        
                                        Featured
                                        25 days ago
                                        25 days ago
                                    
                                

                                
                                    
                                        
                                        USA, Canada
                                    
                                    
                                        
                                        Full-time
                                    
                                    
                                        
                                        Mid Level
                                    
                                    
                                        
                                        
                                    
                                    
                                        
                                        $145k-$260k per year
                                    

                                    

                                    
                                    
                                

                                
                                
                                    Warp
                                    Featured
                                    25 days ago
                                    25 days ago",Unknown,Remote - North America,https://www.workingnomads.com/jobs/software-engineer-warp-1350336,Working Nomads,core-engineering,,2026-02-05T04:11:12.388054
"Software Engineer
                                        
                                        SpiderOak Mission Systems LLC
                                    

                                    
                                        
                                            Development
                                        

                                        

                                        
                                        Featured
                                        26 days ago
                                        26 days ago
                                    
                                

                                
                                    
                                        
                                        USA
                                    
                                    
                                        
                                        Full-time
                                    
                                    
                                        
                                        Mid Level
                                    
                                    
                                        
                                        
                                    
                                    
                                        
                                        
                                    

                                    

                                    
                                    
                                

                                
                                
                                    SpiderOak Mission Systems LLC
                                    Featured
                                    26 days ago
                                    26 days ago",Unknown,Remote - North America,https://www.workingnomads.com/jobs/software-engineer-spideroak-mission-systems-llc,Working Nomads,core-engineering,,2026-02-05T04:11:12.388054
"Software Developer
                                        
                                        Nulogy
                                    

                                    
                                        
                                            Development
                                        

                                        

                                        
                                        Featured
                                        28 days ago
                                        28 days ago
                                    
                                

                                
                                    
                                        
                                        USA
                                    
                                    
                                        
                                        Full-time
                                    
                                    
                                        
                                        Senior Level
                                    
                                    
                                        
                                        
                                    
                                    
                                        
                                        
                                    

                                    

                                    
                                    
                                

                                
                                
                                    Nulogy
                                    Featured
                                    28 days ago
                                    28 days ago",Unknown,Remote - North America,https://www.workingnomads.com/jobs/software-developer-nulogy,Working Nomads,core-engineering,,2026-02-05T04:11:12.388054
"Software Engineer - L2
                                        
                                        Twilio
                                    

                                    
                                        
                                            Development
                                        

                                        

                                        
                                        Featured
                                        6 hours ago
                                        6 hours ago
                                    
                                

                                
                                    
                                        
                                        USA
                                    
                                    
                                        
                                        Full-time
                                    
                                    
                                        
                                        Mid Level
                                    
                                    
                                        
                                        
                                    
                                    
                                        
                                        $115k-$143k per year
                                    

                                    

                                    
                                    
                                

                                
                                
                                    Twilio
                                    Featured
                                    6 hours ago
                                    6 hours ago",Unknown,Remote - North America,https://www.workingnomads.com/jobs/software-engineer-l2-twilio-1399559,Working Nomads,core-engineering,,2026-02-05T04:11:12.388054
"Software Engineer - OpenStack
                                        
                                        Canonical
                                    

                                    
                                        
                                            Development
                                        

                                        

                                        
                                        Featured
                                        6 hours ago
                                        6 hours ago
                                    
                                

                                
                                    
                                        
                                        North America, Latin America, EMEA
                                    
                                    
                                        
                                        Full-time
                                    
                                    
                                        
                                        Mid Level
                                    
                                    
                                        
                                        
                                    
                                    
                                        
                                        
                                    

                                    

                                    
                                    
                                

                                
                                
                                    Canonical
                                    Featured
                                    6 hours ago
                                    6 hours ago",Unknown,Remote - North America,https://www.workingnomads.com/jobs/software-engineer-openstack-canonical-1399551,Working Nomads,core-engineering,,2026-02-05T04:11:12.388054
"Test Software Engineer
                                        
                                        VSP Vision
                                    

                                    
                                        
                                            Development
                                        

                                        

                                        
                                        Featured
                                        1 day ago
                                        1 day ago
                                    
                                

                                
                                    
                                        
                                        USA
                                    
                                    
                                        
                                        Full-time
                                    
                                    
                                        
                                        Mid Level
                                    
                                    
                                        
                                        
                                    
                                    
                                        
                                        $63k-$109k per year
                                    

                                    

                                    
                                    
                                

                                
                                
                                    VSP Vision
                                    Featured
                                    1 day ago
                                    1 day ago",Unknown,Remote - North America,https://www.workingnomads.com/jobs/test-software-engineer-vsp-vision,Working Nomads,core-engineering,,2026-02-05T04:11:12.388054
"Software Engineer III
                                        
                                        SpryPoint
                                    

                                    
                                        
                                            Development
                                        

                                        

                                        
                                        Featured
                                        4 days ago
                                        4 days ago
                                    
                                

                                
                                    
                                        
                                        Canada
                                    
                                    
                                        
                                        Full-time
                                    
                                    
                                        
                                        Senior Level
                                    
                                    
                                        
                                        
                                    
                                    
                                        
                                        
                                    

                                    

                                    
                                    
                                

                                
                                
                                    SpryPoint
                                    Featured
                                    4 days ago
                                    4 days ago",Unknown,Remote - North America,https://www.workingnomads.com/jobs/software-engineer-iii-sprypoint-1393948,Working Nomads,core-engineering,,2026-02-05T04:11:12.388054
"Principal Software Engineer
                                        
                                        Insight
                                    

                                    
                                        
                                            Development
                                        

                                        

                                        
                                        Featured
                                        4 days ago
                                        4 days ago
                                    
                                

                                
                                    
                                        
                                        USA
                                    
                                    
                                        
                                        Full-time
                                    
                                    
                                        
                                        Senior Level
                                    
                                    
                                        
                                        
                                    
                                    
                                        
                                        
                                    

                                    

                                    
                                    
                                

                                
                                
                                    Insight
                                    Featured
                                    4 days ago
                                    4 days ago",Unknown,Remote - North America,https://www.workingnomads.com/jobs/principal-software-engineer-insight-1393215,Working Nomads,core-engineering,,2026-02-05T04:11:12.388054
"HPC Software Engineer
                                        
                                        Canonical
                                    

                                    
                                        
                                            Development
                                        

                                        

                                        
                                        Featured
                                        4 days ago
                                        4 days ago
                                    
                                

                                
                                    
                                        
                                        North America, Latin America, EMEA
                                    
                                    
                                        
                                        Full-time
                                    
                                    
                                        
                                        Mid Level
                                    
                                    
                                        
                                        
                                    
                                    
                                        
                                        
                                    

                                    

                                    
                                    
                                

                                
                                
                                    Canonical
                                    Featured
                                    4 days ago
                                    4 days ago",Unknown,Remote - North America,https://www.workingnomads.com/jobs/hpc-software-engineer-canonical-1393191,Working Nomads,core-engineering,,2026-02-05T04:11:12.388054
"Lead Software Developer
                                        
                                        ImageTrend
                                    

                                    
                                        
                                            Development
                                        

                                        

                                        
                                        Featured
                                        4 days ago
                                        4 days ago
                                    
                                

                                
                                    
                                        
                                        USA
                                    
                                    
                                        
                                        Full-time
                                    
                                    
                                        
                                        Senior Level
                                    
                                    
                                        
                                        
                                    
                                    
                                        
                                        $85k-$130k per year
                                    

                                    

                                    
                                    
                                

                                
                                
                                    ImageTrend
                                    Featured
                                    4 days ago
                                    4 days ago",Unknown,Remote - North America,https://www.workingnomads.com/jobs/lead-software-developer-imagetrend-1393065,Working Nomads,core-engineering,,2026-02-05T04:11:12.388054
"Software Engineer - Marketing
                                        
                                        Monarch Money
                                    

                                    
                                        
                                            Development
                                        

                                        

                                        
                                        Featured
                                        5 days ago
                                        5 days ago
                                    
                                

                                
                                    
                                        
                                        USA, Canada, Latin America
                                    
                                    
                                        
                                        Full-time
                                    
                                    
                                        
                                        Senior Level
                                    
                                    
                                        
                                        
                                    
                                    
                                        
                                        $90k-$230k per year
                                    

                                    

                                    
                                    
                                

                                
                                
                                    Monarch Money
                                    Featured
                                    5 days ago
                                    5 days ago",Unknown,Remote - North America,https://www.workingnomads.com/jobs/software-engineer-marketing-monarch-money,Working Nomads,core-engineering,,2026-02-05T04:11:12.388054
"Principal Software Engineer
                                        
                                        Insight
                                    

                                    
                                        
                                            Development
                                        

                                        

                                        
                                        Featured
                                        5 days ago
                                        5 days ago
                                    
                                

                                
                                    
                                        
                                        USA
                                    
                                    
                                        
                                        Full-time
                                    
                                    
                                        
                                        Senior Level
                                    
                                    
                                        
                                        
                                    
                                    
                                        
                                        
                                    

                                    

                                    
                                    
                                

                                
                                
                                    Insight
                                    Featured
                                    5 days ago
                                    5 days ago",Unknown,Remote - North America,https://www.workingnomads.com/jobs/principal-software-engineer-insight-1391486,Working Nomads,core-engineering,,2026-02-05T04:11:12.388054
"Senior Software Engineer
                                        
                                        Wiser Solutions
                                    

                                    
                                        
                                            Development
                                        

                                        

                                        
                                        Featured
                                        5 days ago
                                        5 days ago
                                    
                                

                                
                                    
                                        
                                        Canada
                                    
                                    
                                        
                                        Full-time
                                    
                                    
                                        
                                        Senior Level
                                    
                                    
                                        
                                        
                                    
                                    
                                        
                                        C$110k-C$145k per year
                                    

                                    

                                    
                                    
                                

                                
                                
                                    Wiser Solutions
                                    Featured
                                    5 days ago
                                    5 days ago",Unknown,Remote - North America,https://www.workingnomads.com/jobs/senior-software-engineer-wiser-solutions-1391355,Working Nomads,core-engineering,,2026-02-05T04:11:12.388054
"Senior Software Engineer
                                        
                                        Wiser Solutions
                                    

                                    
                                        
                                            Development
                                        

                                        

                                        
                                        Featured
                                        9 days ago
                                        9 days ago
                                    
                                

                                
                                    
                                        
                                        Canada
                                    
                                    
                                        
                                        Full-time
                                    
                                    
                                        
                                        Senior Level
                                    
                                    
                                        
                                        
                                    
                                    
                                        
                                        C$110k-C$145k per year
                                    

                                    

                                    
                                    
                                

                                
                                
                                    Wiser Solutions
                                    Featured
                                    9 days ago
                                    9 days ago",Unknown,Remote - North America,https://www.workingnomads.com/jobs/senior-software-engineer-wiser-solutions-1385141,Working Nomads,core-engineering,,2026-02-05T04:11:12.388054
"Software Engineer (L3)
                                        
                                        Twilio
                                    

                                    
                                        
                                            Development
                                        

                                        

                                        
                                        Featured
                                        9 days ago
                                        9 days ago
                                    
                                

                                
                                    
                                        
                                        USA
                                    
                                    
                                        
                                        Full-time
                                    
                                    
                                        
                                        Senior Level
                                    
                                    
                                        
                                        
                                    
                                    
                                        
                                        $139k-$204k per year
                                    

                                    

                                    
                                    
                                

                                
                                
                                    Twilio
                                    Featured
                                    9 days ago
                                    9 days ago",Unknown,Remote - North America,https://www.workingnomads.com/jobs/software-engineer-l3-twilio-1385019,Working Nomads,core-engineering,,2026-02-05T04:11:12.388054
"Software Engineer (L2)
                                        
                                        Twilio
                                    

                                    
                                        
                                            Development
                                        

                                        

                                        
                                        Featured
                                        10 days ago
                                        10 days ago
                                    
                                

                                
                                    
                                        
                                        USA
                                    
                                    
                                        
                                        Full-time
                                    
                                    
                                        
                                        Mid Level
                                    
                                    
                                        
                                        
                                    
                                    
                                        
                                        $117k-$172k per year
                                    

                                    

                                    
                                    
                                

                                
                                
                                    Twilio
                                    Featured
                                    10 days ago
                                    10 days ago",Unknown,Remote - North America,https://www.workingnomads.com/jobs/software-engineer-l2-twilio-1382588,Working Nomads,core-engineering,,2026-02-05T04:11:12.388054
"Software Engineer (L3)
                                        
                                        Twilio
                                    

                                    
                                        
                                            Development
                                        

                                        

                                        
                                        Featured
                                        11 days ago
                                        11 days ago
                                    
                                

                                
                                    
                                        
                                        USA
                                    
                                    
                                        
                                        Full-time
                                    
                                    
                                        
                                        Senior Level
                                    
                                    
                                        
                                        
                                    
                                    
                                        
                                        $142k-$208k per year
                                    

                                    

                                    
                                    
                                

                                
                                
                                    Twilio
                                    Featured
                                    11 days ago
                                    11 days ago",Unknown,Remote - North America,https://www.workingnomads.com/jobs/software-engineer-l3-twilio-1381563,Working Nomads,core-engineering,,2026-02-05T04:11:12.388054
"Senior Software Engineer
                                        
                                        Green Dot Corporation
                                    

                                    
                                        
                                            Development
                                        

                                        

                                        
                                        Featured
                                        11 days ago
                                        11 days ago
                                    
                                

                                
                                    
                                        
                                        USA
                                    
                                    
                                        
                                        Full-time
                                    
                                    
                                        
                                        Senior Level
                                    
                                    
                                        
                                        
                                    
                                    
                                        
                                        $121k-$173k per year
                                    

                                    

                                    
                                    
                                

                                
                                
                                    Green Dot Corporation
                                    Featured
                                    11 days ago
                                    11 days ago",Unknown,Remote - North America,https://www.workingnomads.com/jobs/senior-software-engineer-green-dot-corporation-1381461,Working Nomads,core-engineering,,2026-02-05T04:11:12.388054
"Lead Software Engineer
                                        
                                        Green Dot Corporation
                                    

                                    
                                        
                                            Development
                                        

                                        

                                        
                                        Featured
                                        12 days ago
                                        12 days ago
                                    
                                

                                
                                    
                                        
                                        USA
                                    
                                    
                                        
                                        Full-time
                                    
                                    
                                        
                                        Senior Level
                                    
                                    
                                        
                                        
                                    
                                    
                                        
                                        $140k-$199k per year
                                    

                                    

                                    
                                    
                                

                                
                                
                                    Green Dot Corporation
                                    Featured
                                    12 days ago
                                    12 days ago",Unknown,Remote - North America,https://www.workingnomads.com/jobs/lead-software-engineer-green-dot-corporation-1379856,Working Nomads,core-engineering,,2026-02-05T04:11:12.388054
"Lead Software Engineer
                                        
                                        Green Dot Corporation
                                    

                                    
                                        
                                            Development
                                        

                                        

                                        
                                        Featured
                                        12 days ago
                                        12 days ago
                                    
                                

                                
                                    
                                        
                                        USA
                                    
                                    
                                        
                                        Full-time
                                    
                                    
                                        
                                        Senior Level
                                    
                                    
                                        
                                        
                                    
                                    
                                        
                                        $140k-$199k per year
                                    

                                    

                                    
                                    
                                

                                
                                
                                    Green Dot Corporation
                                    Featured
                                    12 days ago
                                    12 days ago",Unknown,Remote - North America,https://www.workingnomads.com/jobs/lead-software-engineer-green-dot-corporation-1379740,Working Nomads,core-engineering,,2026-02-05T04:11:12.388054
"Staff Software Engineer
                                        
                                        Sparrow
                                    

                                    
                                        
                                            Development
                                        

                                        

                                        
                                        Featured
                                        12 days ago
                                        12 days ago
                                    
                                

                                
                                    
                                        
                                        USA
                                    
                                    
                                        
                                        Full-time
                                    
                                    
                                        
                                        Senior Level
                                    
                                    
                                        
                                        
                                    
                                    
                                        
                                        $170k-$250k per year
                                    

                                    

                                    
                                    
                                

                                
                                
                                    Sparrow
                                    Featured
                                    12 days ago
                                    12 days ago",Unknown,Remote - North America,https://www.workingnomads.com/jobs/staff-software-engineer-sparrow-1379593,Working Nomads,core-engineering,,2026-02-05T04:11:12.388054
"Senior Software Engineer
                                        
                                        Wiser Solutions
                                    

                                    
                                        
                                            Development
                                        

                                        

                                        
                                        Featured
                                        12 days ago
                                        12 days ago
                                    
                                

                                
                                    
                                        
                                        Canada
                                    
                                    
                                        
                                        Full-time
                                    
                                    
                                        
                                        Senior Level
                                    
                                    
                                        
                                        
                                    
                                    
                                        
                                        C$110k-C$145k per year
                                    

                                    

                                    
                                    
                                

                                
                                
                                    Wiser Solutions
                                    Featured
                                    12 days ago
                                    12 days ago",Unknown,Remote - North America,https://www.workingnomads.com/jobs/senior-software-engineer-wiser-solutions,Working Nomads,core-engineering,,2026-02-05T04:11:12.388054
"Senior Software Engineer
                                        
                                        Circle
                                    

                                    
                                        
                                            Development
                                        

                                        

                                        
                                        Featured
                                        13 days ago
                                        13 days ago
                                    
                                

                                
                                    
                                        
                                        USA
                                    
                                    
                                        
                                        Full-time
                                    
                                    
                                        
                                        Senior Level
                                    
                                    
                                        
                                        
                                    
                                    
                                        
                                        $152k-$205k per year
                                    

                                    

                                    
                                    
                                

                                
                                
                                    Circle
                                    Featured
                                    13 days ago
                                    13 days ago",Unknown,Remote - North America,https://www.workingnomads.com/jobs/senior-software-engineer-circle-1375864,Working Nomads,core-engineering,,2026-02-05T04:11:12.388054
"Infrastructure Software Engineer
                                        
                                        Dropbox
                                    

                                    
                                        
                                            System Administration
                                        

                                        

                                        
                                        Featured
                                        14 days ago
                                        14 days ago
                                    
                                

                                
                                    
                                        
                                        Canada
                                    
                                    
                                        
                                        Full-time
                                    
                                    
                                        
                                        Mid Level
                                    
                                    
                                        
                                        
                                    
                                    
                                        
                                        C$134k-C$228k per year
                                    

                                    

                                    
                                    
                                

                                
                                
                                    Dropbox
                                    Featured
                                    14 days ago
                                    14 days ago",Unknown,Remote - North America,https://www.workingnomads.com/jobs/infrastructure-software-engineer-dropbox-1375729,Working Nomads,core-engineering,,2026-02-05T04:11:12.388054
"Infrastructure Software Engineer
                                        
                                        Dropbox
                                    

                                    
                                        
                                            System Administration
                                        

                                        

                                        
                                        Featured
                                        14 days ago
                                        14 days ago
                                    
                                

                                
                                    
                                        
                                        USA
                                    
                                    
                                        
                                        Full-time
                                    
                                    
                                        
                                        Mid Level
                                    
                                    
                                        
                                        
                                    
                                    
                                        
                                        $131k-$267k per year
                                    

                                    

                                    
                                    
                                

                                
                                
                                    Dropbox
                                    Featured
                                    14 days ago
                                    14 days ago",Unknown,Remote - North America,https://www.workingnomads.com/jobs/infrastructure-software-engineer-dropbox-1374989,Working Nomads,core-engineering,,2026-02-05T04:11:12.388054
"Software Engineer - Platform
                                        
                                        Vesta
                                    

                                    
                                        
                                            Development
                                        

                                        

                                        
                                        Featured
                                        14 days ago
                                        14 days ago
                                    
                                

                                
                                    
                                        
                                        USA
                                    
                                    
                                        
                                        Full-time
                                    
                                    
                                        
                                        Senior Level
                                    
                                    
                                        
                                        
                                    
                                    
                                        
                                        $170k-$220k per year
                                    

                                    

                                    
                                    
                                

                                
                                
                                    Vesta
                                    Featured
                                    14 days ago
                                    14 days ago",Unknown,Remote - North America,https://www.workingnomads.com/jobs/software-engineer-platform-vesta,Working Nomads,core-engineering,,2026-02-05T04:11:12.388054
"Lead Software Engineer
                                        
                                        Green Dot Corporation
                                    

                                    
                                        
                                            Development
                                        

                                        

                                        
                                        Featured
                                        16 days ago
                                        16 days ago
                                    
                                

                                
                                    
                                        
                                        USA
                                    
                                    
                                        
                                        Full-time
                                    
                                    
                                        
                                        Senior Level
                                    
                                    
                                        
                                        
                                    
                                    
                                        
                                        $140k-$199k per year
                                    

                                    

                                    
                                    
                                

                                
                                
                                    Green Dot Corporation
                                    Featured
                                    16 days ago
                                    16 days ago",Unknown,Remote - North America,https://www.workingnomads.com/jobs/lead-software-engineer-green-dot-corporation-1369635,Working Nomads,core-engineering,,2026-02-05T04:11:12.388054
"Staff Software Engineer
                                        
                                        Form Health
                                    

                                    
                                        
                                            Development
                                        

                                        

                                        
                                        Featured
                                        16 days ago
                                        16 days ago
                                    
                                

                                
                                    
                                        
                                        USA
                                    
                                    
                                        
                                        Full-time
                                    
                                    
                                        
                                        Senior Level
                                    
                                    
                                        
                                        
                                    
                                    
                                        
                                        $140k-$170k per year
                                    

                                    

                                    
                                    
                                

                                
                                
                                    Form Health
                                    Featured
                                    16 days ago
                                    16 days ago",Unknown,Remote - North America,https://www.workingnomads.com/jobs/staff-software-engineer-form-health,Working Nomads,core-engineering,,2026-02-05T04:11:12.388054
"Software Engineer 5
                                        
                                        Netflix
                                    

                                    
                                        
                                            Development
                                        

                                        

                                        
                                        Featured
                                        17 days ago
                                        17 days ago
                                    
                                

                                
                                    
                                        
                                        USA
                                    
                                    
                                        
                                        Full-time
                                    
                                    
                                        
                                        Senior Level
                                    
                                    
                                        
                                        
                                    
                                    
                                        
                                        $100k-$600k per year
                                    

                                    

                                    
                                    
                                

                                
                                
                                    Netflix
                                    Featured
                                    17 days ago
                                    17 days ago",Unknown,Remote - North America,https://www.workingnomads.com/jobs/software-engineer-5-netflix,Working Nomads,core-engineering,,2026-02-05T04:11:12.388054
"Staff Software Engineer
                                        
                                        Check
                                    

                                    
                                        
                                            Development
                                        

                                        

                                        
                                        Featured
                                        17 days ago
                                        17 days ago
                                    
                                

                                
                                    
                                        
                                        USA
                                    
                                    
                                        
                                        Full-time
                                    
                                    
                                        
                                        Senior Level
                                    
                                    
                                        
                                        
                                    
                                    
                                        
                                        $214k-$248k per year
                                    

                                    

                                    
                                    
                                

                                
                                
                                    Check
                                    Featured
                                    17 days ago
                                    17 days ago",Unknown,Remote - North America,https://www.workingnomads.com/jobs/staff-software-engineer-check-1367586,Working Nomads,core-engineering,,2026-02-05T04:11:12.388054
"Fullstack Software Engineer
                                        
                                        Lumos
                                    

                                    
                                        
                                            Development
                                        

                                        

                                        
                                        Featured
                                        17 days ago
                                        17 days ago
                                    
                                

                                
                                    
                                        
                                        USA, Canada
                                    
                                    
                                        
                                        Full-time
                                    
                                    
                                        
                                        Mid Level
                                    
                                    
                                        
                                        
                                    
                                    
                                        
                                        $145k-$175k per year
                                    

                                    

                                    
                                    
                                

                                
                                
                                    Lumos
                                    Featured
                                    17 days ago
                                    17 days ago",Unknown,Remote - North America,https://www.workingnomads.com/jobs/fullstack-software-engineer-lumos-1367419,Working Nomads,core-engineering,,2026-02-05T04:11:12.388054
"Staff Software Engineer
                                        
                                        Check
                                    

                                    
                                        
                                            Development
                                        

                                        

                                        
                                        Featured
                                        18 days ago
                                        18 days ago
                                    
                                

                                
                                    
                                        
                                        USA
                                    
                                    
                                        
                                        Full-time
                                    
                                    
                                        
                                        Senior Level
                                    
                                    
                                        
                                        
                                    
                                    
                                        
                                        $214k-$248k per year
                                    

                                    

                                    
                                    
                                

                                
                                
                                    Check
                                    Featured
                                    18 days ago
                                    18 days ago",Unknown,Remote - North America,https://www.workingnomads.com/jobs/staff-software-engineer-check-1366324,Working Nomads,core-engineering,,2026-02-05T04:11:12.388054
"Software Engineer - Compute
                                        
                                        Vercel
                                    

                                    
                                        
                                            Development
                                        

                                        

                                        
                                        Featured
                                        20 days ago
                                        20 days ago
                                    
                                

                                
                                    
                                        
                                        USA
                                    
                                    
                                        
                                        Full-time
                                    
                                    
                                        
                                        Senior Level
                                    
                                    
                                        
                                        
                                    
                                    
                                        
                                        $180k-$280k per year
                                    

                                    

                                    
                                    
                                

                                
                                
                                    Vercel
                                    Featured
                                    20 days ago
                                    20 days ago",Unknown,Remote - North America,https://www.workingnomads.com/jobs/software-engineer-compute-vercel-1361251,Working Nomads,core-engineering,,2026-02-05T04:11:12.388054
"Senior Software Engineer
                                        
                                        Green Dot Corporation
                                    

                                    
                                        
                                            Development
                                        

                                        

                                        
                                        Featured
                                        20 days ago
                                        20 days ago
                                    
                                

                                
                                    
                                        
                                        USA
                                    
                                    
                                        
                                        Full-time
                                    
                                    
                                        
                                        Senior Level
                                    
                                    
                                        
                                        
                                    
                                    
                                        
                                        $121k-$173k per year
                                    

                                    

                                    
                                    
                                

                                
                                
                                    Green Dot Corporation
                                    Featured
                                    20 days ago
                                    20 days ago",Unknown,Remote - North America,https://www.workingnomads.com/jobs/senior-software-engineer-green-dot-corporation-1360982,Working Nomads,core-engineering,,2026-02-05T04:11:12.388054
"Experienced Software Engineer
                                        
                                        Automattic Careers
                                    

                                    
                                        
                                            Development
                                        

                                        

                                        
                                        Featured
                                        21 days ago
                                        21 days ago
                                    
                                

                                
                                    
                                        
                                        North America, Latin America, Europe, Africa, APAC
                                    
                                    
                                        
                                        Full-time
                                    
                                    
                                        
                                        Mid Level
                                    
                                    
                                        
                                        
                                    
                                    
                                        
                                        $70k-$170k per year
                                    

                                    

                                    
                                    
                                

                                
                                
                                    Automattic Careers
                                    Featured
                                    21 days ago
                                    21 days ago",Unknown,Remote - North America,https://www.workingnomads.com/jobs/experienced-software-engineer-automattic-careers-1360437,Working Nomads,core-engineering,,2026-02-05T04:11:12.388054
"Software Engineer (Senior)
                                        
                                        Vesta
                                    

                                    
                                        
                                            Development
                                        

                                        

                                        
                                        Featured
                                        22 days ago
                                        22 days ago
                                    
                                

                                
                                    
                                        
                                        USA
                                    
                                    
                                        
                                        Full-time
                                    
                                    
                                        
                                        Senior Level
                                    
                                    
                                        
                                        
                                    
                                    
                                        
                                        $200k-$225k per year
                                    

                                    

                                    
                                    
                                

                                
                                
                                    Vesta
                                    Featured
                                    22 days ago
                                    22 days ago",Unknown,Remote - North America,https://www.workingnomads.com/jobs/software-engineer-senior-vesta-1358439,Working Nomads,core-engineering,,2026-02-05T04:11:12.388054
"Staff Software Engineer
                                        
                                        Magnet Forensics
                                    

                                    
                                        
                                            Development
                                        

                                        

                                        
                                        Featured
                                        22 days ago
                                        22 days ago
                                    
                                

                                
                                    
                                        
                                        USA, Canada
                                    
                                    
                                        
                                        Full-time
                                    
                                    
                                        
                                        Senior Level
                                    
                                    
                                        
                                        
                                    
                                    
                                        
                                        $154k-$264k per year
                                    

                                    

                                    
                                    
                                

                                
                                
                                    Magnet Forensics
                                    Featured
                                    22 days ago
                                    22 days ago",Unknown,Remote - North America,https://www.workingnomads.com/jobs/staff-software-engineer-magnet-forensics-1358034,Working Nomads,core-engineering,,2026-02-05T04:11:12.388054
Illustration City Map Sets,Freelancer Client,Remote,https://www.freelancer.com/projects/adobe-illustrator/illustration-city-map-sets,Freelancer,core-engineering,,2026-02-05T04:11:12.388054
Install windows 2022 on hetzner dedicated server,Freelancer Client,Remote,https://www.freelancer.com/projects/windows-server/install-windows-hetzner-dedicated-server-40205382,Freelancer,core-engineering,,2026-02-05T04:11:12.388054
"Build a large scale multi device platform with website Looking for an experienced moroccan developer to build a scalable platform with responsive website and mobile app, android e iOS . must have proven experience and provide examples of previous work.inc",Freelancer Client,Remote,https://www.freelancer.com/projects/mobile-app-development/build-large-scale-multi-device,Freelancer,core-engineering,,2026-02-05T04:11:12.388054
Picture Editing Needed -- 2,Freelancer Client,Remote,https://www.freelancer.com/projects/image-processing/picture-editing-needed-40205377,Freelancer,core-engineering,,2026-02-05T04:11:12.388054
Metal Dome-Roofed Observation Rotunda,Freelancer Client,Remote,https://www.freelancer.com/projects/building-designer/metal-dome-roofed-observation-rotunda,Freelancer,core-engineering,,2026-02-05T04:11:12.388054
Modern Casino Logo Redesign + Web Logo Set (SVG + Favicon) - 02/02/2026 15:41 EST,Freelancer Client,Remote,https://www.freelancer.com/contest/modern-casino-logo-redesign-web-logo-set-svg-favicon-est-2696239,Freelancer,core-engineering,,2026-02-05T04:11:12.388054
High-Res Event Graphics,Freelancer Client,Remote,https://www.freelancer.com/projects/adobe-creative-cloud/high-res-event-graphics,Freelancer,core-engineering,,2026-02-05T04:11:12.388054
In-Store Promotions Update,Freelancer Client,Remote,https://www.freelancer.com/projects/advertising/store-promotions-update,Freelancer,core-engineering,,2026-02-05T04:11:12.388054
Senior Platforms Engineer,"397
            NextEra Energy Jobs","27,602",https://www.adzuna.com/land/ad/5593383219?se=UEXSVxQC8RGR1I5QTFlZ9Q&title=Senior_Platforms_Engineer&v=D7A6C7AB22FBB452FA3852DA3FFE8AC6BCD30126,Adzuna,core-engineering,1.0,2026-02-05T04:11:12.388054
Senior Electrical Engineer - Vehicle Platform Engineering,"397
            NextEra Energy Jobs","27,602",https://www.adzuna.com/land/ad/5613685774?se=UEXSVxQC8RGR1I5QTFlZ9Q&title=Senior_Electrical_Engineer_-_Vehicle_Platform_Engineering&v=3DD15DEF535269AC70EF3D0023120B8FC96D2193,Adzuna,core-engineering,1.0,2026-02-05T04:11:12.388054
Platform Engineer,"397
            NextEra Energy Jobs","27,602",https://www.adzuna.com/land/ad/5603148778?se=UEXSVxQC8RGR1I5QTFlZ9Q&title=Platform_Engineer&v=E336498515E2DB565DD799241D2A504774B5F150,Adzuna,core-engineering,1.0,2026-02-05T04:11:12.388054
Platform Engineer,"397
            NextEra Energy Jobs","27,602",https://www.adzuna.com/land/ad/5596774713?se=UEXSVxQC8RGR1I5QTFlZ9Q&title=Platform_Engineer&v=D8C7FEB70D30528ADD501918DDF31108060A098F,Adzuna,core-engineering,1.0,2026-02-05T04:11:12.388054
Senior Platform Engineer,"397
            NextEra Energy Jobs","27,602",https://www.adzuna.com/land/ad/5586242561?se=UEXSVxQC8RGR1I5QTFlZ9Q&title=Senior_Platform_Engineer&v=BE324DC81B98AD0EC8EF707F8DDB54322208DEE2,Adzuna,core-engineering,1.0,2026-02-05T04:11:12.388054
Starburst Platform Engineer,"397
            NextEra Energy Jobs","27,602",https://www.adzuna.com/land/ad/5611557108?se=UEXSVxQC8RGR1I5QTFlZ9Q&title=Starburst_Platform_Engineer&v=BDA342B75DF3180309C0B22ABD2B53721F5AF68E,Adzuna,core-engineering,1.0,2026-02-05T04:11:12.388054
Anaplan Platform Engineer,"397
            NextEra Energy Jobs","27,602",https://www.adzuna.com/land/ad/5577847870?se=UEXSVxQC8RGR1I5QTFlZ9Q&title=Anaplan_Platform_Engineer&v=EA2FD0074DFACD6645EC5B8D0AD4887469B7757A,Adzuna,core-engineering,1.0,2026-02-05T04:11:12.388054
Power Platform Engineer,"397
            NextEra Energy Jobs","27,602",https://www.adzuna.com/land/ad/5581939160?se=UEXSVxQC8RGR1I5QTFlZ9Q&title=Power_Platform_Engineer&v=20FB53904A1C1C3F8229DAD8EB66317B57ACC6B2,Adzuna,core-engineering,1.0,2026-02-05T04:11:12.388054
Staff Data Platform Engineer,"397
            NextEra Energy Jobs","27,602",https://www.adzuna.com/land/ad/5577856165?se=UEXSVxQC8RGR1I5QTFlZ9Q&title=Staff_Data_Platform_Engineer&v=37A2FE73957E38243CD6967E86DEF2E24105D511,Adzuna,core-engineering,1.0,2026-02-05T04:11:12.388054
"Platform Engineer, Unstructured AI","397
            NextEra Energy Jobs","27,602",https://www.adzuna.com/land/ad/5584104536?se=UEXSVxQC8RGR1I5QTFlZ9Q&title=Platform_Engineer%2C_Unstructured_AI&v=A6666C63CA00F10B98011C02EB310BA2957D0197,Adzuna,core-engineering,1.0,2026-02-05T04:11:12.388054
Easy Apply,Unknown,USA,https://www.dice.com/job-detail/7b1f6faf-98ee-42bb-96e2-f2f65232a272,Dice,core-engineering,1.0,2026-02-05T04:11:12.388054
Apply Now,Unknown,USA,https://www.dice.com/job-detail/4468e1c5-7f33-4dc7-b9b2-736a2cc090b4,Dice,core-engineering,1.0,2026-02-05T04:11:12.388054
Easy Apply,Unknown,USA,https://www.dice.com/job-detail/ec097263-bd32-44b9-99bd-3e7592de5d5f,Dice,core-engineering,1.0,2026-02-05T04:11:12.388054
Easy Apply,Unknown,USA,https://www.dice.com/job-detail/5d2b58e1-c292-420c-9d62-3604434953e8,Dice,core-engineering,1.0,2026-02-05T04:11:12.388054
Easy Apply,Unknown,USA,https://www.dice.com/job-detail/db37c982-bad5-4db6-b00d-0b26addbc421,Dice,core-engineering,1.0,2026-02-05T04:11:12.388054
Easy Apply,Unknown,USA,https://www.dice.com/job-detail/e3518cc9-c39a-4b64-b443-58e2eb5cdcb7,Dice,core-engineering,1.0,2026-02-05T04:11:12.388054
Easy Apply,Unknown,USA,https://www.dice.com/job-detail/83f87ef1-0714-46df-acc5-9000f773a5ae,Dice,core-engineering,1.0,2026-02-05T04:11:12.388054
Easy Apply,Unknown,USA,https://www.dice.com/job-detail/a164d9fe-daf2-4c5a-bbd6-5eeb143934e7,Dice,core-engineering,1.0,2026-02-05T04:11:12.388054
Easy Apply,Unknown,USA,https://www.dice.com/job-detail/26495ed9-5e00-4468-bbbd-6aaa5e615614,Dice,core-engineering,1.0,2026-02-05T04:11:12.388054
Easy Apply,Unknown,USA,https://www.dice.com/job-detail/48142097-9b21-4eca-9995-e140472b655c,Dice,core-engineering,1.0,2026-02-05T04:11:12.388054
Easy Apply,Unknown,USA,https://www.dice.com/job-detail/e3322c44-15a7-44f4-b4ed-f3c8ab02c88a,Dice,core-engineering,1.0,2026-02-05T04:11:12.388054
Easy Apply,Unknown,USA,https://www.dice.com/job-detail/3a33cb9a-1e4b-437c-88bb-4af5b1801824,Dice,core-engineering,1.0,2026-02-05T04:11:12.388054
Easy Apply,Unknown,USA,https://www.dice.com/job-detail/7bd80ab6-0bd3-46e4-a4cd-c75498b968c4,Dice,core-engineering,1.0,2026-02-05T04:11:12.388054
Easy Apply,Unknown,USA,https://www.dice.com/job-detail/117f3204-c843-4441-a120-78c5c6b708d3,Dice,core-engineering,1.0,2026-02-05T04:11:12.388054
Easy Apply,Unknown,USA,https://www.dice.com/job-detail/47545788-9493-4b8c-bbe3-2eee967b835e,Dice,core-engineering,1.0,2026-02-05T04:11:12.388054
Apply Now,Unknown,USA,https://www.dice.com/job-detail/6881ec9b-e109-486c-a320-ee5b1d4869f0,Dice,core-engineering,1.0,2026-02-05T04:11:12.388054
Easy Apply,Unknown,USA,https://www.dice.com/job-detail/a5718892-c185-4cbd-b12b-920fceb9401a,Dice,core-engineering,1.0,2026-02-05T04:11:12.388054
Apply Now,Unknown,USA,https://www.dice.com/job-detail/f8e26892-df98-4652-a333-45a411b82166,Dice,core-engineering,1.0,2026-02-05T04:11:12.388054
Apply Now,Unknown,USA,https://www.dice.com/job-detail/15978907-b45a-4a4f-a7e4-c1faca01fa7d,Dice,core-engineering,1.0,2026-02-05T04:11:12.388054
Apply Now,Unknown,USA,https://www.dice.com/job-detail/54a8b3fc-4d2c-46a7-a316-aa11dc46e237,Dice,core-engineering,2.0,2026-02-05T04:11:12.388054
Apply Now,Unknown,USA,https://www.dice.com/job-detail/1355e8cc-4d7b-4fc9-b009-d110976b17df,Dice,core-engineering,2.0,2026-02-05T04:11:12.388054
Apply Now,Unknown,USA,https://www.dice.com/job-detail/47085223-7983-4cac-9167-3ba86c4f7503,Dice,core-engineering,2.0,2026-02-05T04:11:12.388054
Easy Apply,Unknown,USA,https://www.dice.com/job-detail/96e9205b-1051-41b0-938e-1591d0d8c392,Dice,core-engineering,2.0,2026-02-05T04:11:12.388054
Apply Now,Unknown,USA,https://www.dice.com/job-detail/64262b60-ca88-4d0f-96c4-3bb8b3a38d62,Dice,core-engineering,2.0,2026-02-05T04:11:12.388054
Easy Apply,Unknown,USA,https://www.dice.com/job-detail/86ab7a66-fe04-4f01-837b-367d33f84347,Dice,core-engineering,2.0,2026-02-05T04:11:12.388054
Apply Now,Unknown,USA,https://www.dice.com/job-detail/505c1e53-f096-4d73-a1c5-74ece626a78d,Dice,core-engineering,2.0,2026-02-05T04:11:12.388054
Easy Apply,Unknown,USA,https://www.dice.com/job-detail/8672cee9-856b-4274-a311-d2910ea88e30,Dice,core-engineering,2.0,2026-02-05T04:11:12.388054
Apply Now,Unknown,USA,https://www.dice.com/job-detail/e77a874f-a7f7-432c-a940-f2b625a27873,Dice,core-engineering,2.0,2026-02-05T04:11:12.388054
Apply Now,Unknown,USA,https://www.dice.com/job-detail/f12a5c4f-bd88-4286-9bf7-597864040cf5,Dice,core-engineering,2.0,2026-02-05T04:11:12.388054
Easy Apply,Unknown,USA,https://www.dice.com/job-detail/d526b410-b4e7-47ec-9048-4c8f8888d04a,Dice,core-engineering,2.0,2026-02-05T04:11:12.388054
Apply Now,Unknown,USA,https://www.dice.com/job-detail/473e8c3c-2aa1-467b-81ef-0635a3bf6d82,Dice,core-engineering,2.0,2026-02-05T04:11:12.388054
Apply Now,Unknown,USA,https://www.dice.com/job-detail/1f738e0b-8725-4465-8444-a8c05a7afdb7,Dice,core-engineering,2.0,2026-02-05T04:11:12.388054
Easy Apply,Unknown,USA,https://www.dice.com/job-detail/d3dab122-8dd3-4419-925a-bc4f22755ef5,Dice,core-engineering,2.0,2026-02-05T04:11:12.388054
Easy Apply,Unknown,USA,https://www.dice.com/job-detail/25b48495-e720-4843-9b2a-89ad4a159e22,Dice,core-engineering,2.0,2026-02-05T04:11:12.388054
Easy Apply,Unknown,USA,https://www.dice.com/job-detail/b993fd4e-9de2-4cb1-ad6e-7cdd967fe614,Dice,core-engineering,2.0,2026-02-05T04:11:12.388054
Easy Apply,Unknown,USA,https://www.dice.com/job-detail/8fcd4b78-bb42-43b9-9301-6b94deec6da2,Dice,core-engineering,2.0,2026-02-05T04:11:12.388054
Easy Apply,Unknown,USA,https://www.dice.com/job-detail/5a9ca8f6-f172-4591-9d96-6140a5ea2c51,Dice,core-engineering,2.0,2026-02-05T04:11:12.388054
Easy Apply,Unknown,USA,https://www.dice.com/job-detail/c07f17b4-7dce-4807-b1a3-d48ae2818070,Dice,core-engineering,2.0,2026-02-05T04:11:12.388054
Easy Apply,Unknown,USA,https://www.dice.com/job-detail/76f87891-7248-41ce-b3a3-7e7e2d8de1d7,Dice,core-engineering,2.0,2026-02-05T04:11:12.388054
Apply Now,Unknown,USA,https://www.dice.com/job-detail/f35f8e52-7319-4933-97cd-8009cd17a304,Dice,core-engineering,3.0,2026-02-05T04:11:12.388054
Easy Apply,Unknown,USA,https://www.dice.com/job-detail/71a464a4-b8ba-4916-a563-ee6f250523ab,Dice,core-engineering,3.0,2026-02-05T04:11:12.388054
Apply Now,Unknown,USA,https://www.dice.com/job-detail/56521b9d-d3f7-4f9e-bcdb-9118f86b4fc5,Dice,core-engineering,3.0,2026-02-05T04:11:12.388054
Apply Now,Unknown,USA,https://www.dice.com/job-detail/0143ce09-d2a5-4709-9f86-b8d1bb5f74d9,Dice,core-engineering,3.0,2026-02-05T04:11:12.388054
Easy Apply,Unknown,USA,https://www.dice.com/job-detail/d13e4d19-5ae5-45e9-bc78-0d6a3b0ebc6c,Dice,core-engineering,3.0,2026-02-05T04:11:12.388054
Easy Apply,Unknown,USA,https://www.dice.com/job-detail/b1dc7622-e0e5-413e-a304-0b2ed6be7877,Dice,core-engineering,3.0,2026-02-05T04:11:12.388054
Apply Now,Unknown,USA,https://www.dice.com/job-detail/f354e353-460e-43d2-904b-785026110e77,Dice,core-engineering,3.0,2026-02-05T04:11:12.388054
Apply Now,Unknown,USA,https://www.dice.com/job-detail/90ccee4d-a0f0-4611-919d-f47ed4fee384,Dice,core-engineering,3.0,2026-02-05T04:11:12.388054
Easy Apply,Unknown,USA,https://www.dice.com/job-detail/bf91d1cf-b31b-4290-9178-1855fe4ef718,Dice,core-engineering,3.0,2026-02-05T04:11:12.388054
Apply Now,Unknown,USA,https://www.dice.com/job-detail/b1937b1d-6bfa-4f11-b4aa-b38b667d5498,Dice,core-engineering,3.0,2026-02-05T04:11:12.388054
Easy Apply,Unknown,USA,https://www.dice.com/job-detail/2e70e607-64b5-4a1c-972d-252e1c8e93f0,Dice,core-engineering,3.0,2026-02-05T04:11:12.388054
Apply Now,Unknown,USA,https://www.dice.com/job-detail/b52c92dd-4330-45b4-913d-cae24e926327,Dice,core-engineering,3.0,2026-02-05T04:11:12.388054
Easy Apply,Unknown,USA,https://www.dice.com/job-detail/761d6e2f-95fd-45e5-ab8e-4e77ef1a2a10,Dice,core-engineering,3.0,2026-02-05T04:11:12.388054
Easy Apply,Unknown,USA,https://www.dice.com/job-detail/0bcb2f6c-2fdf-4986-beb3-de7d6ee8bbb2,Dice,core-engineering,3.0,2026-02-05T04:11:12.388054
Easy Apply,Unknown,USA,https://www.dice.com/job-detail/ae320313-f3f1-4219-803b-c463cc102d8a,Dice,core-engineering,3.0,2026-02-05T04:11:12.388054
Apply Now,Unknown,USA,https://www.dice.com/job-detail/97bc2a38-2d07-4d75-aed1-b4687c04c5a4,Dice,core-engineering,3.0,2026-02-05T04:11:12.388054
Apply Now,Unknown,USA,https://www.dice.com/job-detail/e35d7eeb-1a62-4695-bec0-e4f8c3e846f2,Dice,core-engineering,3.0,2026-02-05T04:11:12.388054
Apply Now,Unknown,USA,https://www.dice.com/job-detail/35d1e8a0-9da3-4989-a1d1-d3643a61c9c2,Dice,core-engineering,3.0,2026-02-05T04:11:12.388054
Easy Apply,Unknown,USA,https://www.dice.com/job-detail/988147f9-3d81-4a9c-9309-e202b7a24dbb,Dice,core-engineering,3.0,2026-02-05T04:11:12.388054
Easy Apply,Unknown,USA,https://www.dice.com/job-detail/965acd95-c040-4415-8af8-1df0b2b4e25c,Dice,core-engineering,3.0,2026-02-05T04:11:12.388054
Easy Apply,Unknown,USA,https://www.dice.com/job-detail/7240a345-a3c9-4d70-9c34-fdc37174a4cb,Dice,core-engineering,4.0,2026-02-05T04:11:12.388054
Apply Now,Unknown,USA,https://www.dice.com/job-detail/703f8e48-72ce-4a28-8259-b07ec84790a1,Dice,core-engineering,4.0,2026-02-05T04:11:12.388054
Apply Now,Unknown,USA,https://www.dice.com/job-detail/4d7f9876-23da-46db-be99-ddce3cb036f0,Dice,core-engineering,4.0,2026-02-05T04:11:12.388054
Apply Now,Unknown,USA,https://www.dice.com/job-detail/b227a7ea-c2df-4a9e-93d6-50e229d219c4,Dice,core-engineering,4.0,2026-02-05T04:11:12.388054
Apply Now,Unknown,USA,https://www.dice.com/job-detail/7228a749-9e98-4861-aee2-3581cbb8637e,Dice,core-engineering,4.0,2026-02-05T04:11:12.388054
Apply Now,Unknown,USA,https://www.dice.com/job-detail/b0b89dc2-5486-41ae-a406-a9cbbc7b5faf,Dice,core-engineering,4.0,2026-02-05T04:11:12.388054
Apply Now,Unknown,USA,https://www.dice.com/job-detail/87c57c43-0caa-42b1-afbc-76f2f9617708,Dice,core-engineering,4.0,2026-02-05T04:11:12.388054
Apply Now,Unknown,USA,https://www.dice.com/job-detail/062a1751-4d90-4ca3-aed0-3f562fbe8c62,Dice,core-engineering,4.0,2026-02-05T04:11:12.388054
Apply Now,Unknown,USA,https://www.dice.com/job-detail/58a88399-717e-4a72-84e4-b4cb0142a235,Dice,core-engineering,4.0,2026-02-05T04:11:12.388054
Apply Now,Unknown,USA,https://www.dice.com/job-detail/c5414061-d1cc-4e64-a4d3-a1dab630417d,Dice,core-engineering,4.0,2026-02-05T04:11:12.388054
Easy Apply,Unknown,USA,https://www.dice.com/job-detail/df63f914-1ba6-4c97-b05c-92b803ed514e,Dice,core-engineering,4.0,2026-02-05T04:11:12.388054
Easy Apply,Unknown,USA,https://www.dice.com/job-detail/4162ace9-8b32-446f-a1d7-f22fa7520e60,Dice,core-engineering,4.0,2026-02-05T04:11:12.388054
Apply Now,Unknown,USA,https://www.dice.com/job-detail/d3647048-18e6-44d3-bfeb-d61f6a7eac67,Dice,core-engineering,4.0,2026-02-05T04:11:12.388054
Apply Now,Unknown,USA,https://www.dice.com/job-detail/d42e0641-d6ad-491a-946e-ed3c83ab6bad,Dice,core-engineering,4.0,2026-02-05T04:11:12.388054
Apply Now,Unknown,USA,https://www.dice.com/job-detail/27f9552c-e8fd-487e-90e0-5700733e3612,Dice,core-engineering,4.0,2026-02-05T04:11:12.388054
Apply Now,Unknown,USA,https://www.dice.com/job-detail/8f508e19-f7d4-4192-aa9d-e34ab84a80b6,Dice,core-engineering,4.0,2026-02-05T04:11:12.388054
Apply Now,Unknown,USA,https://www.dice.com/job-detail/2863f13a-be9a-430a-b7ea-9750189d8eb4,Dice,core-engineering,4.0,2026-02-05T04:11:12.388054
Apply Now,Unknown,USA,https://www.dice.com/job-detail/a8c439d3-d4d6-4b89-95c4-95f314ab16aa,Dice,core-engineering,4.0,2026-02-05T04:11:12.388054
Easy Apply,Unknown,USA,https://www.dice.com/job-detail/abf41d5b-c36a-4c87-b584-7e7ed3f54459,Dice,core-engineering,4.0,2026-02-05T04:11:12.388054
Easy Apply,Unknown,USA,https://www.dice.com/job-detail/18a58acf-78fc-4728-bfe8-f5a440378ae8,Dice,core-engineering,4.0,2026-02-05T04:11:12.388054
Apply Now,Unknown,USA,https://www.dice.com/job-detail/8f075aad-09dc-4d9c-bd1f-041adc5a23c1,Dice,core-engineering,5.0,2026-02-05T04:11:12.388054
Apply Now,Unknown,USA,https://www.dice.com/job-detail/2b24814d-7feb-4563-b70c-f684aa15e541,Dice,core-engineering,5.0,2026-02-05T04:11:12.388054
Apply Now,Unknown,USA,https://www.dice.com/job-detail/6bc4bfae-f9ec-45f2-ba50-50442980d9bb,Dice,core-engineering,5.0,2026-02-05T04:11:12.388054
Apply Now,Unknown,USA,https://www.dice.com/job-detail/ac2496e6-e94f-4e1d-8129-eae616b97da4,Dice,core-engineering,5.0,2026-02-05T04:11:12.388054
Easy Apply,Unknown,USA,https://www.dice.com/job-detail/2168518f-8b8c-4eb7-89f6-d30311a7c353,Dice,core-engineering,5.0,2026-02-05T04:11:12.388054
Apply Now,Unknown,USA,https://www.dice.com/job-detail/ce4050d0-42ea-4e83-9ee1-c2b60c835fac,Dice,core-engineering,5.0,2026-02-05T04:11:12.388054
Apply Now,Unknown,USA,https://www.dice.com/job-detail/2a9a6b3c-e5bb-4ef2-93f7-21ec2f2b6ec6,Dice,core-engineering,5.0,2026-02-05T04:11:12.388054
Easy Apply,Unknown,USA,https://www.dice.com/job-detail/3d89ae0a-6603-43a7-afb0-f836fa45144e,Dice,core-engineering,5.0,2026-02-05T04:11:12.388054
Easy Apply,Unknown,USA,https://www.dice.com/job-detail/b84a376b-512b-4153-9d33-83a942aa4585,Dice,core-engineering,5.0,2026-02-05T04:11:12.388054
Apply Now,Unknown,USA,https://www.dice.com/job-detail/11887dca-f39c-40fe-b835-2d7d43bdb1ef,Dice,core-engineering,5.0,2026-02-05T04:11:12.388054
Easy Apply,Unknown,USA,https://www.dice.com/job-detail/03edaecc-92e1-4cba-ae91-ec76632495fe,Dice,core-engineering,5.0,2026-02-05T04:11:12.388054
Apply Now,Unknown,USA,https://www.dice.com/job-detail/a5a4b4cd-caa2-4c8b-9bf9-1b2a37d0a79e,Dice,core-engineering,5.0,2026-02-05T04:11:12.388054
Apply Now,Unknown,USA,https://www.dice.com/job-detail/b3c2d367-fcd8-4c2b-9497-c8b5f10d175f,Dice,core-engineering,5.0,2026-02-05T04:11:12.388054
Easy Apply,Unknown,USA,https://www.dice.com/job-detail/c8ef8862-4a12-4f9e-b1c4-9eb64a97ff25,Dice,core-engineering,5.0,2026-02-05T04:11:12.388054
Easy Apply,Unknown,USA,https://www.dice.com/job-detail/892fb94c-990b-41c3-99db-9d1b51f0c7ff,Dice,core-engineering,5.0,2026-02-05T04:11:12.388054
Apply Now,Unknown,USA,https://www.dice.com/job-detail/d5ffa839-eabc-43e5-ae77-998861d8b71d,Dice,core-engineering,5.0,2026-02-05T04:11:12.388054
Easy Apply,Unknown,USA,https://www.dice.com/job-detail/969058cf-2d31-4119-a1f2-31c5fd7d428e,Dice,core-engineering,5.0,2026-02-05T04:11:12.388054
Easy Apply,Unknown,USA,https://www.dice.com/job-detail/2c5f0595-d553-407a-8415-66de9611dd73,Dice,core-engineering,5.0,2026-02-05T04:11:12.388054
Apply Now,Unknown,USA,https://www.dice.com/job-detail/719f5b87-8fa0-472e-a9b9-75730677b92f,Dice,core-engineering,5.0,2026-02-05T04:11:12.388054
Easy Apply,Unknown,USA,https://www.dice.com/job-detail/5756fd56-94e4-4e6a-9c29-3b6eaff65a91,Dice,core-engineering,6.0,2026-02-05T04:11:12.388054
Apply Now,Unknown,USA,https://www.dice.com/job-detail/866224fb-49d2-4eda-9c5e-a5021450a497,Dice,core-engineering,6.0,2026-02-05T04:11:12.388054
Easy Apply,Unknown,USA,https://www.dice.com/job-detail/4b4845c3-4d75-4e03-be24-a912d25fa06e,Dice,core-engineering,6.0,2026-02-05T04:11:12.388054
Easy Apply,Unknown,USA,https://www.dice.com/job-detail/1c805115-c672-4dbf-acb2-f15897e8dd84,Dice,core-engineering,6.0,2026-02-05T04:11:12.388054
Apply Now,Unknown,USA,https://www.dice.com/job-detail/18965ee9-0728-45c5-a742-ea448f2ff126,Dice,core-engineering,6.0,2026-02-05T04:11:12.388054
Apply Now,Unknown,USA,https://www.dice.com/job-detail/8a030b4d-7e30-40a4-a34a-123cf835007e,Dice,core-engineering,6.0,2026-02-05T04:11:12.388054
Easy Apply,Unknown,USA,https://www.dice.com/job-detail/4f528743-7f8d-4d36-ad6d-fa9f5d953b76,Dice,core-engineering,6.0,2026-02-05T04:11:12.388054
Easy Apply,Unknown,USA,https://www.dice.com/job-detail/2cb4a677-6df3-441a-b9e0-452f62d1ef8b,Dice,core-engineering,6.0,2026-02-05T04:11:12.388054
Apply Now,Unknown,USA,https://www.dice.com/job-detail/6097616c-a5aa-45fa-a3cc-a1c9df39c8f4,Dice,core-engineering,6.0,2026-02-05T04:11:12.388054
Apply Now,Unknown,USA,https://www.dice.com/job-detail/378489c9-f2b9-4242-b92c-af872d3cd8fd,Dice,core-engineering,6.0,2026-02-05T04:11:12.388054
Easy Apply,Unknown,USA,https://www.dice.com/job-detail/deae81ea-19d1-4d51-ba5c-994be6d840df,Dice,core-engineering,6.0,2026-02-05T04:11:12.388054
Easy Apply,Unknown,USA,https://www.dice.com/job-detail/f8661b4f-41d4-4210-8a56-c9ccb54b54a2,Dice,core-engineering,6.0,2026-02-05T04:11:12.388054
Easy Apply,Unknown,USA,https://www.dice.com/job-detail/ddd90b27-b644-456c-827d-f1d780f91cad,Dice,core-engineering,6.0,2026-02-05T04:11:12.388054
Apply Now,Unknown,USA,https://www.dice.com/job-detail/074f9a3b-596a-49ae-b9ed-ded907b60393,Dice,core-engineering,6.0,2026-02-05T04:11:12.388054
Apply Now,Unknown,USA,https://www.dice.com/job-detail/085f92c8-1414-4737-acf7-61fead1f91e5,Dice,core-engineering,6.0,2026-02-05T04:11:12.388054
Apply Now,Unknown,USA,https://www.dice.com/job-detail/e73412ce-3cef-420b-ac07-b8ad7f387f31,Dice,core-engineering,6.0,2026-02-05T04:11:12.388054
Apply Now,Unknown,USA,https://www.dice.com/job-detail/ddcb97f8-3b84-4e72-8298-8c626ed7776a,Dice,core-engineering,6.0,2026-02-05T04:11:12.388054
Apply Now,Unknown,USA,https://www.dice.com/job-detail/52b39a05-ce8d-40e7-94e0-a7a5aa0e6d5e,Dice,core-engineering,6.0,2026-02-05T04:11:12.388054
Apply Now,Unknown,USA,https://www.dice.com/job-detail/a527d7e6-c974-4d6b-b8da-4cbd009909a4,Dice,core-engineering,6.0,2026-02-05T04:11:12.388054
Apply Now,Unknown,USA,https://www.dice.com/job-detail/2fd4145e-dddc-493a-8051-d8b4cad5a02f,Dice,core-engineering,6.0,2026-02-05T04:11:12.388054
Apply Now,Unknown,USA,https://www.dice.com/job-detail/d393ff80-8d01-454d-85f9-58d9819b2081,Dice,core-engineering,7.0,2026-02-05T04:11:12.388054
Apply Now,Unknown,USA,https://www.dice.com/job-detail/5a6e446e-7964-4e7e-9f3b-8db50c1b4003,Dice,core-engineering,7.0,2026-02-05T04:11:12.388054
Apply Now,Unknown,USA,https://www.dice.com/job-detail/dad8eaa2-1d46-4c7a-852a-3bf73ad4d001,Dice,core-engineering,7.0,2026-02-05T04:11:12.388054
Apply Now,Unknown,USA,https://www.dice.com/job-detail/92c32109-3a48-4861-8a33-b0a197344ae5,Dice,core-engineering,7.0,2026-02-05T04:11:12.388054
Apply Now,Unknown,USA,https://www.dice.com/job-detail/d42a642f-30e4-4e4c-bce5-ec0207d4d43d,Dice,core-engineering,7.0,2026-02-05T04:11:12.388054
Apply Now,Unknown,USA,https://www.dice.com/job-detail/8ff99214-5beb-437e-bc9f-acf2d3f09457,Dice,core-engineering,7.0,2026-02-05T04:11:12.388054
Apply Now,Unknown,USA,https://www.dice.com/job-detail/ae31599d-c307-4db6-ab98-17674d143a81,Dice,core-engineering,7.0,2026-02-05T04:11:12.388054
Apply Now,Unknown,USA,https://www.dice.com/job-detail/75c2a7ab-21f2-44e2-b35a-e0ce054706ce,Dice,core-engineering,7.0,2026-02-05T04:11:12.388054
Easy Apply,Unknown,USA,https://www.dice.com/job-detail/790bce3b-85a6-4991-ad1a-752669c52b3d,Dice,core-engineering,7.0,2026-02-05T04:11:12.388054
Apply Now,Unknown,USA,https://www.dice.com/job-detail/09959918-0c19-48e8-ae6e-35c1ea21ed8f,Dice,core-engineering,7.0,2026-02-05T04:11:12.388054
Easy Apply,Unknown,USA,https://www.dice.com/job-detail/b2c0e3a2-2957-4509-8c39-0c5f0b5c28b6,Dice,core-engineering,7.0,2026-02-05T04:11:12.388054
Apply Now,Unknown,USA,https://www.dice.com/job-detail/50b370fd-1a06-47d0-901e-66412d3bd143,Dice,core-engineering,7.0,2026-02-05T04:11:12.388054
Apply Now,Unknown,USA,https://www.dice.com/job-detail/c7dfc645-5dca-47a2-b369-02769a1a3095,Dice,core-engineering,7.0,2026-02-05T04:11:12.388054
Apply Now,Unknown,USA,https://www.dice.com/job-detail/42ba097a-15da-4d14-b10b-13309c4528be,Dice,core-engineering,7.0,2026-02-05T04:11:12.388054
Easy Apply,Unknown,USA,https://www.dice.com/job-detail/a5550308-5891-4b4c-bc9b-5bb8fe0fc9b9,Dice,core-engineering,7.0,2026-02-05T04:11:12.388054
Easy Apply,Unknown,USA,https://www.dice.com/job-detail/9c1b8983-9d59-4505-8695-e73dbd25901c,Dice,core-engineering,7.0,2026-02-05T04:11:12.388054
Apply Now,Unknown,USA,https://www.dice.com/job-detail/66eff3ce-8d6f-41b6-87ff-82206f198cda,Dice,core-engineering,7.0,2026-02-05T04:11:12.388054
Apply Now,Unknown,USA,https://www.dice.com/job-detail/fe514fba-beac-4129-a6d5-1293ab27b68e,Dice,core-engineering,7.0,2026-02-05T04:11:12.388054
Apply Now,Unknown,USA,https://www.dice.com/job-detail/b67935fc-ba3c-4c9c-8ef8-2f0939206a2c,Dice,core-engineering,7.0,2026-02-05T04:11:12.388054
Apply Now,Unknown,USA,https://www.dice.com/job-detail/7067df07-ea76-4a1b-b76d-026bfde81e06,Dice,core-engineering,7.0,2026-02-05T04:11:12.388054
Apply Now,Unknown,USA,https://www.dice.com/job-detail/56f5a63f-6112-42a6-8c97-eba9b0abbf08,Dice,core-engineering,8.0,2026-02-05T04:11:12.388054
Apply Now,Unknown,USA,https://www.dice.com/job-detail/033b85be-9bb6-48ad-90ea-28f41ffdec0d,Dice,core-engineering,8.0,2026-02-05T04:11:12.388054
Apply Now,Unknown,USA,https://www.dice.com/job-detail/88a48bad-57b5-484c-98df-bcbaff23112e,Dice,core-engineering,8.0,2026-02-05T04:11:12.388054
Easy Apply,Unknown,USA,https://www.dice.com/job-detail/bb96ce26-43f8-4488-973c-75c046a204b3,Dice,core-engineering,8.0,2026-02-05T04:11:12.388054
Easy Apply,Unknown,USA,https://www.dice.com/job-detail/b7bfd43a-4dc2-4d39-8c5b-40c87ac80037,Dice,core-engineering,8.0,2026-02-05T04:11:12.388054
Apply Now,Unknown,USA,https://www.dice.com/job-detail/67d60ce8-559d-4e3f-aee6-6bb80d0d830e,Dice,core-engineering,8.0,2026-02-05T04:11:12.388054
Apply Now,Unknown,USA,https://www.dice.com/job-detail/eae3c2fa-b7ea-4039-b164-ded2afb2c307,Dice,core-engineering,8.0,2026-02-05T04:11:12.388054
Easy Apply,Unknown,USA,https://www.dice.com/job-detail/f98e9376-96a6-44eb-be79-13909c0fd9e1,Dice,core-engineering,8.0,2026-02-05T04:11:12.388054
Easy Apply,Unknown,USA,https://www.dice.com/job-detail/4ef25b60-e3c5-4702-bf4c-f4ad77c10e44,Dice,core-engineering,8.0,2026-02-05T04:11:12.388054
Apply Now,Unknown,USA,https://www.dice.com/job-detail/8d0cc7c3-2ecd-4177-a915-7fedfd99b794,Dice,core-engineering,8.0,2026-02-05T04:11:12.388054
Easy Apply,Unknown,USA,https://www.dice.com/job-detail/608d11b6-d1cd-4e86-ae57-edb4b17c3859,Dice,core-engineering,8.0,2026-02-05T04:11:12.388054
Apply Now,Unknown,USA,https://www.dice.com/job-detail/036e6b73-c7ab-4b61-a01a-2e4d0f9fd1b0,Dice,core-engineering,8.0,2026-02-05T04:11:12.388054
Apply Now,Unknown,USA,https://www.dice.com/job-detail/a29022c4-34bf-4f73-b0a7-ce45026b9502,Dice,core-engineering,8.0,2026-02-05T04:11:12.388054
Easy Apply,Unknown,USA,https://www.dice.com/job-detail/57af4625-df1b-4d16-99b9-bfe8d9ece665,Dice,core-engineering,8.0,2026-02-05T04:11:12.388054
Easy Apply,Unknown,USA,https://www.dice.com/job-detail/e98fb398-6644-4d9e-82f6-2b8cb6cfcc86,Dice,core-engineering,8.0,2026-02-05T04:11:12.388054
Apply Now,Unknown,USA,https://www.dice.com/job-detail/667165bb-b706-42fa-9910-489e703786d3,Dice,core-engineering,8.0,2026-02-05T04:11:12.388054
Apply Now,Unknown,USA,https://www.dice.com/job-detail/ded2f17e-4745-4852-98ce-94771e952ab8,Dice,core-engineering,8.0,2026-02-05T04:11:12.388054
Apply Now,Unknown,USA,https://www.dice.com/job-detail/a1236b9a-8de0-496d-97a8-56f9b5a99f56,Dice,core-engineering,8.0,2026-02-05T04:11:12.388054
Apply Now,Unknown,USA,https://www.dice.com/job-detail/5dec0106-2609-430e-9df2-be32fd944f61,Dice,core-engineering,8.0,2026-02-05T04:11:12.388054
Apply Now,Unknown,USA,https://www.dice.com/job-detail/22035360-1c1e-4493-a032-4e1018fca7ba,Dice,core-engineering,8.0,2026-02-05T04:11:12.388054
Apply Now,Unknown,USA,https://www.dice.com/job-detail/73f30fb8-b49d-4b19-b11d-1b5fbb3df913,Dice,core-engineering,9.0,2026-02-05T04:11:12.388054
Apply Now,Unknown,USA,https://www.dice.com/job-detail/eab53275-5431-4a6b-94eb-cac5c4691a85,Dice,core-engineering,9.0,2026-02-05T04:11:12.388054
Apply Now,Unknown,USA,https://www.dice.com/job-detail/995d7859-48c8-4d95-9819-00a1327c677f,Dice,core-engineering,9.0,2026-02-05T04:11:12.388054
Apply Now,Unknown,USA,https://www.dice.com/job-detail/8625b839-75df-43c8-af08-33d2d28e12bd,Dice,core-engineering,9.0,2026-02-05T04:11:12.388054
Easy Apply,Unknown,USA,https://www.dice.com/job-detail/c0cb7384-81b3-4cbb-ac6c-01c14860d44c,Dice,core-engineering,9.0,2026-02-05T04:11:12.388054
Apply Now,Unknown,USA,https://www.dice.com/job-detail/872de355-b087-49df-bd0c-8c8a76a405c7,Dice,core-engineering,9.0,2026-02-05T04:11:12.388054
Apply Now,Unknown,USA,https://www.dice.com/job-detail/1c8b8b35-c066-4bb1-8f84-b30027fbedf6,Dice,core-engineering,9.0,2026-02-05T04:11:12.388054
Easy Apply,Unknown,USA,https://www.dice.com/job-detail/441cc3ae-95be-44da-ac06-f20de3e61802,Dice,core-engineering,9.0,2026-02-05T04:11:12.388054
Apply Now,Unknown,USA,https://www.dice.com/job-detail/26ddfbb1-03ae-42d0-aa56-cfe4cab83ffb,Dice,core-engineering,9.0,2026-02-05T04:11:12.388054
Apply Now,Unknown,USA,https://www.dice.com/job-detail/dd53da01-f079-44d8-9a0c-4673abfde216,Dice,core-engineering,9.0,2026-02-05T04:11:12.388054
Apply Now,Unknown,USA,https://www.dice.com/job-detail/b30b7eef-656a-4dea-a240-9b71d0cb1a3c,Dice,core-engineering,9.0,2026-02-05T04:11:12.388054
Apply Now,Unknown,USA,https://www.dice.com/job-detail/33f9af6a-bf5c-4caa-97f5-108577c75abd,Dice,core-engineering,9.0,2026-02-05T04:11:12.388054
Apply Now,Unknown,USA,https://www.dice.com/job-detail/8fc5250c-c995-412f-8e78-08c801306c68,Dice,core-engineering,9.0,2026-02-05T04:11:12.388054
Easy Apply,Unknown,USA,https://www.dice.com/job-detail/f493f29d-8d4c-4e2b-947b-54964fa0740e,Dice,core-engineering,9.0,2026-02-05T04:11:12.388054
Easy Apply,Unknown,USA,https://www.dice.com/job-detail/44fcf160-6dd6-478b-aa8f-5c57ad94ab86,Dice,core-engineering,9.0,2026-02-05T04:11:12.388054
Apply Now,Unknown,USA,https://www.dice.com/job-detail/299a23fe-a87d-45dc-9757-806b2f437f5c,Dice,core-engineering,9.0,2026-02-05T04:11:12.388054
Easy Apply,Unknown,USA,https://www.dice.com/job-detail/7af4eae1-ca8a-472e-adab-d6589866756c,Dice,core-engineering,9.0,2026-02-05T04:11:12.388054
Apply Now,Unknown,USA,https://www.dice.com/job-detail/d4bf849d-9d40-44a0-9fc7-7ace72903c82,Dice,core-engineering,9.0,2026-02-05T04:11:12.388054
Apply Now,Unknown,USA,https://www.dice.com/job-detail/6311cea8-48ad-4271-bb74-7f6fb7df58a8,Dice,core-engineering,9.0,2026-02-05T04:11:12.388054
Easy Apply,Unknown,USA,https://www.dice.com/job-detail/01b90c89-b9e1-4cbb-a5a0-cfcb8edcebc6,Dice,core-engineering,9.0,2026-02-05T04:11:12.388054
Easy Apply,Unknown,USA,https://www.dice.com/job-detail/5063c911-1cae-42cb-be83-1990b0ec34d2,Dice,core-engineering,10.0,2026-02-05T04:11:12.388054
Easy Apply,Unknown,USA,https://www.dice.com/job-detail/f7b5ca42-e557-4062-a0fe-3b64fbcab5b1,Dice,core-engineering,10.0,2026-02-05T04:11:12.388054
Easy Apply,Unknown,USA,https://www.dice.com/job-detail/c312ff97-2bd4-442f-891c-d09ab4773f3d,Dice,core-engineering,10.0,2026-02-05T04:11:12.388054
Apply Now,Unknown,USA,https://www.dice.com/job-detail/6e53fc0b-3738-4a26-810d-fc4cb8dd3222,Dice,core-engineering,10.0,2026-02-05T04:11:12.388054
Easy Apply,Unknown,USA,https://www.dice.com/job-detail/24f0f5e4-89ce-4f02-a211-cf49d4c26c26,Dice,core-engineering,10.0,2026-02-05T04:11:12.388054
Apply Now,Unknown,USA,https://www.dice.com/job-detail/58b68440-b0f0-4a54-aed7-51daf697805a,Dice,core-engineering,10.0,2026-02-05T04:11:12.388054
Apply Now,Unknown,USA,https://www.dice.com/job-detail/7244bbfa-0f6d-4359-82fc-8e0c25415de0,Dice,core-engineering,10.0,2026-02-05T04:11:12.388054
Easy Apply,Unknown,USA,https://www.dice.com/job-detail/d7755033-6b21-4686-a7da-f10e0d6ee09d,Dice,core-engineering,10.0,2026-02-05T04:11:12.388054
Easy Apply,Unknown,USA,https://www.dice.com/job-detail/6e34cbda-314f-49b8-b265-e35118a6aff3,Dice,core-engineering,10.0,2026-02-05T04:11:12.388054
Apply Now,Unknown,USA,https://www.dice.com/job-detail/3175108b-f3a8-489c-985d-1ad6f25518b4,Dice,core-engineering,10.0,2026-02-05T04:11:12.388054
Apply Now,Unknown,USA,https://www.dice.com/job-detail/dd49b801-d74f-43be-acbd-12e9ad9759d5,Dice,core-engineering,10.0,2026-02-05T04:11:12.388054
Easy Apply,Unknown,USA,https://www.dice.com/job-detail/cc8c8c2c-6c5e-41d4-9caf-5d26fa6fd767,Dice,core-engineering,10.0,2026-02-05T04:11:12.388054
Apply Now,Unknown,USA,https://www.dice.com/job-detail/6bd2c5d4-003c-473f-a9f1-cc11a10e633f,Dice,core-engineering,10.0,2026-02-05T04:11:12.388054
Apply Now,Unknown,USA,https://www.dice.com/job-detail/fdd1bf43-a9ce-4f5e-8052-bd5ded59d11e,Dice,core-engineering,10.0,2026-02-05T04:11:12.388054
Apply Now,Unknown,USA,https://www.dice.com/job-detail/30d21c4a-9bf3-4f63-981c-e528f167c39b,Dice,core-engineering,10.0,2026-02-05T04:11:12.388054
Apply Now,Unknown,USA,https://www.dice.com/job-detail/833ecada-fc3d-45b0-938c-bee915a20b7a,Dice,core-engineering,10.0,2026-02-05T04:11:12.388054
Apply Now,Unknown,USA,https://www.dice.com/job-detail/54659951-fe84-4d68-902c-f800dd1730f7,Dice,core-engineering,10.0,2026-02-05T04:11:12.388054
Apply Now,Unknown,USA,https://www.dice.com/job-detail/e8da2294-d7bf-4625-b2d6-584480cf650c,Dice,core-engineering,10.0,2026-02-05T04:11:12.388054
Apply Now,Unknown,USA,https://www.dice.com/job-detail/6c569638-c2f4-4bec-a10c-09f5f52940ec,Dice,core-engineering,10.0,2026-02-05T04:11:12.388054
Apply Now,Unknown,USA,https://www.dice.com/job-detail/ac647f6c-d9b8-4ef6-8ea1-1b8d28ad8ba4,Dice,core-engineering,10.0,2026-02-05T04:11:12.388054
"Platform Engineer
                                        
                                        Xapo Bank
                                    

                                    
                                        
                                            System Administration
                                        

                                        

                                        
                                        Featured
                                        21 days ago
                                        21 days ago
                                    
                                

                                
                                    
                                        
                                        Anywhere
                                    
                                    
                                        
                                        Full-time
                                    
                                    
                                        
                                        Mid Level
                                    
                                    
                                        
                                        
                                    
                                    
                                        
                                        
                                    

                                    

                                    
                                    
                                

                                
                                
                                    Xapo Bank
                                    Featured
                                    21 days ago
                                    21 days ago",Unknown,Remote - North America,https://www.workingnomads.com/jobs/platform-engineer-xapo-bank-1358624,Working Nomads,core-engineering,,2026-02-05T04:11:12.388054
"Client Platform Engineer
                                        
                                        OpenAI
                                    

                                    
                                        
                                            Development
                                        

                                        

                                        
                                        Featured
                                        14 days ago
                                        14 days ago
                                    
                                

                                
                                    
                                        
                                        USA
                                    
                                    
                                        
                                        Full-time
                                    
                                    
                                        
                                        Mid Level
                                    
                                    
                                        
                                        
                                    
                                    
                                        
                                        $260k-$325k per year
                                    

                                    

                                    
                                    
                                

                                
                                
                                    OpenAI
                                    Featured
                                    14 days ago
                                    14 days ago",Unknown,Remote - North America,https://www.workingnomads.com/jobs/client-platform-engineer-openai-1375555,Working Nomads,core-engineering,,2026-02-05T04:11:12.388054
"Demo Platform Engineering Lead
                                        
                                        Netwrix
                                    

                                    
                                        
                                            Development
                                        

                                        

                                        
                                        Featured
                                        4 days ago
                                        4 days ago
                                    
                                

                                
                                    
                                        
                                        USA
                                    
                                    
                                        
                                        Full-time
                                    
                                    
                                        
                                        Senior Level
                                    
                                    
                                        
                                        
                                    
                                    
                                        
                                        
                                    

                                    

                                    
                                    
                                

                                
                                
                                    Netwrix
                                    Featured
                                    4 days ago
                                    4 days ago",Unknown,Remote - North America,https://www.workingnomads.com/jobs/demo-platform-engineering-lead-netwrix,Working Nomads,core-engineering,,2026-02-05T04:11:12.388054
"AI Platform Engineer/Lead
                                        
                                        Kayzen
                                    

                                    
                                        
                                            Development
                                        

                                        

                                        
                                        Featured
                                        5 days ago
                                        5 days ago
                                    
                                

                                
                                    
                                        
                                        Anywhere
                                    
                                    
                                        
                                        Full-time
                                    
                                    
                                        
                                        Senior Level
                                    
                                    
                                        
                                        
                                    
                                    
                                        
                                        
                                    

                                    

                                    
                                    
                                

                                
                                
                                    Kayzen
                                    Featured
                                    5 days ago
                                    5 days ago",Unknown,Remote - North America,https://www.workingnomads.com/jobs/ai-platform-engineerlead-kayzen,Working Nomads,core-engineering,,2026-02-05T04:11:12.388054
"Head of Platform Engineering
                                        
                                        Ethena Labs
                                    

                                    
                                        
                                            Development
                                        

                                        

                                        
                                        Featured
                                        9 days ago
                                        9 days ago
                                    
                                

                                
                                    
                                        
                                        Anywhere
                                    
                                    
                                        
                                        Full-time
                                    
                                    
                                        
                                        Senior Level
                                    
                                    
                                        
                                        
                                    
                                    
                                        
                                        
                                    

                                    

                                    
                                    
                                

                                
                                
                                    Ethena Labs
                                    Featured
                                    9 days ago
                                    9 days ago",Unknown,Remote - North America,https://www.workingnomads.com/jobs/head-of-platform-engineering-ethena-labs-1385498,Working Nomads,core-engineering,,2026-02-05T04:11:12.388054
"Senior Platform Engineer - Infrastructure
                                        
                                        Kalepa
                                    

                                    
                                        
                                            System Administration
                                        

                                        

                                        
                                        Featured
                                        11 days ago
                                        11 days ago
                                    
                                

                                
                                    
                                        
                                        USA
                                    
                                    
                                        
                                        Full-time
                                    
                                    
                                        
                                        Senior Level
                                    
                                    
                                        
                                        
                                    
                                    
                                        
                                        $170k-$210k per year
                                    

                                    

                                    
                                    
                                

                                
                                
                                    Kalepa
                                    Featured
                                    11 days ago
                                    11 days ago",Unknown,Remote - North America,https://www.workingnomads.com/jobs/senior-platform-engineer-infrastructure-kalepa-1381515,Working Nomads,core-engineering,,2026-02-05T04:11:12.388054
"Sr. Data Platform Engineer
                                        
                                        Real Time Medical Systems
                                    

                                    
                                        
                                            Development
                                        

                                        

                                        
                                        Featured
                                        12 days ago
                                        12 days ago
                                    
                                

                                
                                    
                                        
                                        USA
                                    
                                    
                                        
                                        Full-time
                                    
                                    
                                        
                                        Senior Level
                                    
                                    
                                        
                                        
                                    
                                    
                                        
                                        
                                    

                                    

                                    
                                    
                                

                                
                                
                                    Real Time Medical Systems
                                    Featured
                                    12 days ago
                                    12 days ago",Unknown,Remote - North America,https://www.workingnomads.com/jobs/sr-data-platform-engineer-real-time-medical-systems,Working Nomads,core-engineering,,2026-02-05T04:11:12.388054
"Data Platform Engineer (Staff / Sr Staff)
                                        
                                        Equilibrium Energy
                                    

                                    
                                        
                                            Development
                                        

                                        

                                        
                                        Featured
                                        21 days ago
                                        21 days ago
                                    
                                

                                
                                    
                                        
                                        USA, Canada, Europe
                                    
                                    
                                        
                                        Full-time
                                    
                                    
                                        
                                        Senior Level
                                    
                                    
                                        
                                        
                                    
                                    
                                        
                                        
                                    

                                    

                                    
                                    
                                

                                
                                
                                    Equilibrium Energy
                                    Featured
                                    21 days ago
                                    21 days ago",Unknown,Remote - North America,https://www.workingnomads.com/jobs/data-platform-engineer-staff-sr-staff-equilibrium-energy-1358576,Working Nomads,core-engineering,,2026-02-05T04:11:12.388054
"Senior Platform Engineer I - AI Evaluation
                                        
                                        Khan Academy
                                    

                                    
                                        
                                            System Administration
                                        

                                        

                                        
                                        Featured
                                        23 days ago
                                        23 days ago
                                    
                                

                                
                                    
                                        
                                        USA, Canada
                                    
                                    
                                        
                                        Contract
                                    
                                    
                                        
                                        Senior Level
                                    
                                    
                                        
                                        
                                    
                                    
                                        
                                        $138k-$172k per year
                                    

                                    

                                    
                                    
                                

                                
                                
                                    Khan Academy
                                    Featured
                                    23 days ago
                                    23 days ago",Unknown,Remote - North America,https://www.workingnomads.com/jobs/senior-platform-engineer-i-ai-evaluation-khan-academy,Working Nomads,core-engineering,,2026-02-05T04:11:12.388054
"Machine Learning Engineer 5 - Ads Platform Engineering
                                        
                                        Netflix
                                    

                                    
                                        
                                            Development
                                        

                                        

                                        
                                        Featured
                                        15 days ago
                                        15 days ago
                                    
                                

                                
                                    
                                        
                                        USA
                                    
                                    
                                        
                                        Full-time
                                    
                                    
                                        
                                        Mid Level
                                    
                                    
                                        
                                        
                                    
                                    
                                        
                                        $100k-$720k per year
                                    

                                    

                                    
                                    
                                

                                
                                
                                    Netflix
                                    Featured
                                    15 days ago
                                    15 days ago",Unknown,Remote - North America,https://www.workingnomads.com/jobs/machine-learning-engineer-5-ads-platform-engineering-netflix-1371423,Working Nomads,core-engineering,,2026-02-05T04:11:12.388054
"Senior Platform Engineer I - ML Data Systems
                                        
                                        Khan Academy
                                    

                                    
                                        
                                            System Administration
                                        

                                        

                                        
                                        Featured
                                        25 days ago
                                        25 days ago
                                    
                                

                                
                                    
                                        
                                        USA, Canada
                                    
                                    
                                        
                                        Contract
                                    
                                    
                                        
                                        Senior Level
                                    
                                    
                                        
                                        
                                    
                                    
                                        
                                        $138k-$172k per year
                                    

                                    

                                    
                                    
                                

                                
                                
                                    Khan Academy
                                    Featured
                                    25 days ago
                                    25 days ago",Unknown,Remote - North America,https://www.workingnomads.com/jobs/senior-platform-engineer-i-ml-data-systems-khan-academy,Working Nomads,core-engineering,,2026-02-05T04:11:12.388054
"Platform Engineer 5 - Computer Graphics Platform and Pipelines
                                        
                                        Netflix
                                    

                                    
                                        
                                            Development
                                        

                                        

                                        
                                        Featured
                                        6 days ago
                                        6 days ago
                                    
                                

                                
                                    
                                        
                                        USA
                                    
                                    
                                        
                                        Full-time
                                    
                                    
                                        
                                        Mid Level
                                    
                                    
                                        
                                        
                                    
                                    
                                        
                                        
                                    

                                    

                                    
                                    
                                

                                
                                
                                    Netflix
                                    Featured
                                    6 days ago
                                    6 days ago",Unknown,Remote - North America,https://www.workingnomads.com/jobs/platform-engineer-5-computer-graphics-platform-and-pipelines-netflix,Working Nomads,core-engineering,,2026-02-05T04:11:12.388054
"Principal Product Marketing Manager - DevSecOps Platform
                                        
                                        GitLab
                                    

                                    
                                        
                                            Marketing
                                        

                                        

                                        
                                        Featured
                                        20 days ago
                                        20 days ago
                                    
                                

                                
                                    
                                        
                                        USA, Canada
                                    
                                    
                                        
                                        Full-time
                                    
                                    
                                        
                                        Senior Level
                                    
                                    
                                        
                                        
                                    
                                    
                                        
                                        
                                    

                                    

                                    
                                    
                                

                                
                                
                                    GitLab
                                    Featured
                                    20 days ago
                                    20 days ago",Unknown,Remote - North America,https://www.workingnomads.com/jobs/principal-product-marketing-manager-devsecops-platform-gitlab,Working Nomads,core-engineering,,2026-02-05T04:11:12.388054
"Solution Acceleration Architect
                                        
                                        Twilio
                                    

                                    
                                        
                                            Consulting
                                        

                                        

                                        
                                        Featured
                                        2 days ago
                                        2 days ago
                                    
                                

                                
                                    
                                        
                                        USA
                                    
                                    
                                        
                                        Full-time
                                    
                                    
                                        
                                        Mid Level
                                    
                                    
                                        
                                        
                                    
                                    
                                        
                                        $139k-$204k per year
                                    

                                    

                                    
                                    
                                

                                
                                
                                    Twilio
                                    Featured
                                    2 days ago
                                    2 days ago",Unknown,Remote - North America,https://www.workingnomads.com/jobs/solution-acceleration-architect-twilio-1395183,Working Nomads,core-engineering,,2026-02-05T04:11:12.388054
"Support Solutions Engineer (L5) Data Platform, Big Data / Analytics
                                        
                                        Netflix
                                    

                                    
                                        
                                            System Administration
                                        

                                        

                                        
                                        Featured
                                        5 days ago
                                        5 days ago
                                    
                                

                                
                                    
                                        
                                        USA
                                    
                                    
                                        
                                        Full-time
                                    
                                    
                                        
                                        Senior Level
                                    
                                    
                                        
                                        
                                    
                                    
                                        
                                        
                                    

                                    

                                    
                                    
                                

                                
                                
                                    Netflix
                                    Featured
                                    5 days ago
                                    5 days ago",Unknown,Remote - North America,https://www.workingnomads.com/jobs/support-solutions-engineer-l5-data-platform-big-data-analytics-netflix,Working Nomads,core-engineering,,2026-02-05T04:11:12.388054
"Staff Infrastructure Engineer - Netwrix Data and Platform Group
                                        
                                        Netwrix
                                    

                                    
                                        
                                            System Administration
                                        

                                        

                                        
                                        Featured
                                        18 days ago
                                        18 days ago
                                    
                                

                                
                                    
                                        
                                        USA
                                    
                                    
                                        
                                        Full-time
                                    
                                    
                                        
                                        Senior Level
                                    
                                    
                                        
                                        
                                    
                                    
                                        
                                        
                                    

                                    

                                    
                                    
                                

                                
                                
                                    Netwrix
                                    Featured
                                    18 days ago
                                    18 days ago",Unknown,Remote - North America,https://www.workingnomads.com/jobs/staff-infrastructure-engineer-netwrix-data-and-platform-group-netwrix,Working Nomads,core-engineering,,2026-02-05T04:11:12.388054
"Senior Python Developer
                                        
                                        Acquird.io
                                    

                                    
                                        
                                            Development
                                        

                                        

                                        
                                        Featured
                                        24 days ago
                                        24 days ago
                                    
                                

                                
                                    
                                        
                                        Canada
                                    
                                    
                                        
                                        Full-time
                                    
                                    
                                        
                                        Senior Level
                                    
                                    
                                        
                                        
                                    
                                    
                                        
                                        C$130k-C$200k per year
                                    

                                    

                                    
                                    
                                

                                
                                
                                    Acquird.io
                                    Featured
                                    24 days ago
                                    24 days ago",Unknown,Remote - North America,https://www.workingnomads.com/jobs/senior-python-developer-acquirdio-1353221,Working Nomads,core-engineering,,2026-02-05T04:11:12.388054
"Platform Software Engineer - Data
                                        
                                        Lumos
                                    

                                    
                                        
                                            Development
                                        

                                        

                                        
                                        Featured
                                        2 days ago
                                        2 days ago
                                    
                                

                                
                                    
                                        
                                        USA
                                    
                                    
                                        
                                        Full-time
                                    
                                    
                                        
                                        Mid Level
                                    
                                    
                                        
                                        
                                    
                                    
                                        
                                        $190k-$245k per year
                                    

                                    

                                    
                                    
                                

                                
                                
                                    Lumos
                                    Featured
                                    2 days ago
                                    2 days ago",Unknown,Remote - North America,https://www.workingnomads.com/jobs/platform-software-engineer-data-lumos-1395051,Working Nomads,core-engineering,,2026-02-05T04:11:12.388054
"Product / Developer Enablement Engineer
                                        
                                        Zealogics.com
                                    

                                    
                                        
                                            Development
                                        

                                        

                                        
                                        Featured
                                        8 days ago
                                        8 days ago
                                    
                                

                                
                                    
                                        
                                        USA
                                    
                                    
                                        
                                        Full-time
                                    
                                    
                                        
                                        Senior Level
                                    
                                    
                                        
                                        
                                    
                                    
                                        
                                        
                                    

                                    

                                    
                                    
                                

                                
                                
                                    Zealogics.com
                                    Featured
                                    8 days ago
                                    8 days ago",Unknown,Remote - North America,https://www.workingnomads.com/jobs/product-developer-enablement-engineer-zealogicscom,Working Nomads,core-engineering,,2026-02-05T04:11:12.388054
"Sr. TPM Manager - Core, Ads, Quality, Client Foundations
                                        
                                        Pinterest
                                    

                                    
                                        
                                            Management
                                        

                                        

                                        
                                        Featured
                                        20 days ago
                                        20 days ago
                                    
                                

                                
                                    
                                        
                                        USA
                                    
                                    
                                        
                                        Full-time
                                    
                                    
                                        
                                        Senior Level
                                    
                                    
                                        
                                        
                                    
                                    
                                        
                                        $164k-$337k per year
                                    

                                    

                                    
                                    
                                

                                
                                
                                    Pinterest
                                    Featured
                                    20 days ago
                                    20 days ago",Unknown,Remote - North America,https://www.workingnomads.com/jobs/sr-tpm-manager-core-ads-quality-client-foundations-pinterest,Working Nomads,core-engineering,,2026-02-05T04:11:12.388054
"Senior Staff Software Engineer - Embedded Payroll , Developer Experience
                                        
                                        Gusto, Inc.
                                    

                                    
                                        
                                            Development
                                        

                                        

                                        
                                        Featured
                                        21 days ago
                                        21 days ago
                                    
                                

                                
                                    
                                        
                                        Canada
                                    
                                    
                                        
                                        Full-time
                                    
                                    
                                        
                                        Senior Level
                                    
                                    
                                        
                                        
                                    
                                    
                                        
                                        $200k-$270k per year
                                    

                                    

                                    
                                    
                                

                                
                                
                                    Gusto, Inc.
                                    Featured
                                    21 days ago
                                    21 days ago",Unknown,Remote - North America,https://www.workingnomads.com/jobs/senior-staff-software-engineer-embedded-payroll-developer-experience-gusto-inc,Working Nomads,core-engineering,,2026-02-05T04:11:12.388054
"Software Engineer - Data Engineering
                                        
                                        Equilibrium Energy
                                    

                                    
                                        
                                            Development
                                        

                                        

                                        
                                        Featured
                                        21 days ago
                                        21 days ago
                                    
                                

                                
                                    
                                        
                                        USA, Canada, Europe
                                    
                                    
                                        
                                        Full-time
                                    
                                    
                                        
                                        Senior Level
                                    
                                    
                                        
                                        
                                    
                                    
                                        
                                        
                                    

                                    

                                    
                                    
                                

                                
                                
                                    Equilibrium Energy
                                    Featured
                                    21 days ago
                                    21 days ago",Unknown,Remote - North America,https://www.workingnomads.com/jobs/software-engineer-data-engineering-equilibrium-energy-1358578,Working Nomads,core-engineering,,2026-02-05T04:11:12.388054
"Engineering Manager - Gitlab Delivery
                                        
                                        GitLab
                                    

                                    
                                        
                                            Management
                                        

                                        

                                        
                                        Featured
                                        21 days ago
                                        21 days ago
                                    
                                

                                
                                    
                                        
                                        Canada, EMEA
                                    
                                    
                                        
                                        Full-time
                                    
                                    
                                        
                                        Senior Level
                                    
                                    
                                        
                                        
                                    
                                    
                                        
                                        
                                    

                                    

                                    
                                    
                                

                                
                                
                                    GitLab
                                    Featured
                                    21 days ago
                                    21 days ago",Unknown,Remote - North America,https://www.workingnomads.com/jobs/engineering-manager-gitlab-delivery-gitlab-1358840,Working Nomads,core-engineering,,2026-02-05T04:11:12.388054
"Senior Site Reliability Engineer
                                        
                                        Wikimedia Foundation
                                    

                                    
                                        
                                            System Administration
                                        

                                        

                                        
                                        Featured
                                        5 days ago
                                        5 days ago
                                    
                                

                                
                                    
                                        
                                        USA, Europe
                                    
                                    
                                        
                                        Full-time
                                    
                                    
                                        
                                        Senior Level
                                    
                                    
                                        
                                        
                                    
                                    
                                        
                                        $113k-$176k per year
                                    

                                    

                                    
                                    
                                

                                
                                
                                    Wikimedia Foundation
                                    Featured
                                    5 days ago
                                    5 days ago",Unknown,Remote - North America,https://www.workingnomads.com/jobs/senior-site-reliability-engineer-wikimedia-foundation-1391473,Working Nomads,core-engineering,,2026-02-05T04:11:12.388054
"Senior Site Reliability Engineer
                                        
                                        Wikimedia Foundation
                                    

                                    
                                        
                                            System Administration
                                        

                                        

                                        
                                        Featured
                                        5 days ago
                                        5 days ago
                                    
                                

                                
                                    
                                        
                                        USA, Europe
                                    
                                    
                                        
                                        Full-time
                                    
                                    
                                        
                                        Senior Level
                                    
                                    
                                        
                                        
                                    
                                    
                                        
                                        $113k-$176k per year
                                    

                                    

                                    
                                    
                                

                                
                                
                                    Wikimedia Foundation
                                    Featured
                                    5 days ago
                                    5 days ago",Unknown,Remote - North America,https://www.workingnomads.com/jobs/senior-site-reliability-engineer-wikimedia-foundation-1391458,Working Nomads,core-engineering,,2026-02-05T04:11:12.388054
"Senior Site Reliability Engineer
                                        
                                        Wikimedia Foundation
                                    

                                    
                                        
                                            System Administration
                                        

                                        

                                        
                                        Featured
                                        5 days ago
                                        5 days ago
                                    
                                

                                
                                    
                                        
                                        USA, Europe
                                    
                                    
                                        
                                        Full-time
                                    
                                    
                                        
                                        Senior Level
                                    
                                    
                                        
                                        
                                    
                                    
                                        
                                        $113k-$176k per year
                                    

                                    

                                    
                                    
                                

                                
                                
                                    Wikimedia Foundation
                                    Featured
                                    5 days ago
                                    5 days ago",Unknown,Remote - North America,https://www.workingnomads.com/jobs/senior-site-reliability-engineer-wikimedia-foundation-1391438,Working Nomads,core-engineering,,2026-02-05T04:11:12.388054
"Senior Site Reliability Engineer
                                        
                                        Wikimedia Foundation
                                    

                                    
                                        
                                            System Administration
                                        

                                        

                                        
                                        Featured
                                        5 days ago
                                        5 days ago
                                    
                                

                                
                                    
                                        
                                        USA, Europe
                                    
                                    
                                        
                                        Full-time
                                    
                                    
                                        
                                        Senior Level
                                    
                                    
                                        
                                        
                                    
                                    
                                        
                                        $113k-$176k per year
                                    

                                    

                                    
                                    
                                

                                
                                
                                    Wikimedia Foundation
                                    Featured
                                    5 days ago
                                    5 days ago",Unknown,Remote - North America,https://www.workingnomads.com/jobs/senior-site-reliability-engineer-wikimedia-foundation-1391432,Working Nomads,core-engineering,,2026-02-05T04:11:12.388054
"Senior Site Reliability Engineer
                                        
                                        Wikimedia Foundation
                                    

                                    
                                        
                                            System Administration
                                        

                                        

                                        
                                        Featured
                                        5 days ago
                                        5 days ago
                                    
                                

                                
                                    
                                        
                                        USA, Europe
                                    
                                    
                                        
                                        Full-time
                                    
                                    
                                        
                                        Senior Level
                                    
                                    
                                        
                                        
                                    
                                    
                                        
                                        $113k-$176k per year
                                    

                                    

                                    
                                    
                                

                                
                                
                                    Wikimedia Foundation
                                    Featured
                                    5 days ago
                                    5 days ago",Unknown,Remote - North America,https://www.workingnomads.com/jobs/senior-site-reliability-engineer-wikimedia-foundation-1391422,Working Nomads,core-engineering,,2026-02-05T04:11:12.388054
"Staff Engineer - Applied AI
                                        
                                        Zapier
                                    

                                    
                                        
                                            Development
                                        

                                        

                                        
                                        Featured
                                        27 days ago
                                        27 days ago
                                    
                                

                                
                                    
                                        
                                        North America, EMEA
                                    
                                    
                                        
                                        Full-time
                                    
                                    
                                        
                                        Senior Level
                                    
                                    
                                        
                                        
                                    
                                    
                                        
                                        $275k-$412k per year
                                    

                                    

                                    
                                    
                                

                                
                                
                                    Zapier
                                    Featured
                                    27 days ago
                                    27 days ago",Unknown,Remote - North America,https://www.workingnomads.com/jobs/staff-engineer-applied-ai-zapier-1346574,Working Nomads,core-engineering,,2026-02-05T04:11:12.388054
"Sr Engineer - Software Development
                                        
                                        Green Dot Corporation
                                    

                                    
                                        
                                            Development
                                        

                                        

                                        
                                        Featured
                                        11 days ago
                                        11 days ago
                                    
                                

                                
                                    
                                        
                                        USA
                                    
                                    
                                        
                                        Full-time
                                    
                                    
                                        
                                        Senior Level
                                    
                                    
                                        
                                        
                                    
                                    
                                        
                                        $121k-$173k per year
                                    

                                    

                                    
                                    
                                

                                
                                
                                    Green Dot Corporation
                                    Featured
                                    11 days ago
                                    11 days ago",Unknown,Remote - North America,https://www.workingnomads.com/jobs/sr-engineer-software-development-green-dot-corporation-1381952,Working Nomads,core-engineering,,2026-02-05T04:11:12.388054
"Staff Software Engineer - Workflows Platform
                                        
                                        Lumos
                                    

                                    
                                        
                                            Development
                                        

                                        

                                        
                                        Featured
                                        24 days ago
                                        24 days ago
                                    
                                

                                
                                    
                                        
                                        USA, Canada
                                    
                                    
                                        
                                        Full-time
                                    
                                    
                                        
                                        Senior Level
                                    
                                    
                                        
                                        
                                    
                                    
                                        
                                        $190k-$240k per year
                                    

                                    

                                    
                                    
                                

                                
                                
                                    Lumos
                                    Featured
                                    24 days ago
                                    24 days ago",Unknown,Remote - North America,https://www.workingnomads.com/jobs/staff-software-engineer-workflows-platform-lumos-1351807,Working Nomads,core-engineering,,2026-02-05T04:11:12.388054
"Staff Site Reliability Engineer
                                        
                                        Unqork
                                    

                                    
                                        
                                            System Administration
                                        

                                        

                                        
                                        Featured
                                        10 days ago
                                        10 days ago
                                    
                                

                                
                                    
                                        
                                        USA
                                    
                                    
                                        
                                        Full-time
                                    
                                    
                                        
                                        Senior Level
                                    
                                    
                                        
                                        
                                    
                                    
                                        
                                        $160k-$215k per year
                                    

                                    

                                    
                                    
                                

                                
                                
                                    Unqork
                                    Featured
                                    10 days ago
                                    10 days ago",Unknown,Remote - North America,https://www.workingnomads.com/jobs/staff-site-reliability-engineer-unqork,Working Nomads,core-engineering,,2026-02-05T04:11:12.388054
"Games Reliability Manager
                                        
                                        Netflix
                                    

                                    
                                        
                                            Management
                                        

                                        

                                        
                                        Featured
                                        13 days ago
                                        13 days ago
                                    
                                

                                
                                    
                                        
                                        USA
                                    
                                    
                                        
                                        Full-time
                                    
                                    
                                        
                                        Senior Level
                                    
                                    
                                        
                                        
                                    
                                    
                                        
                                        $160k-$220k per year
                                    

                                    

                                    
                                    
                                

                                
                                
                                    Netflix
                                    Featured
                                    13 days ago
                                    13 days ago",Unknown,Remote - North America,https://www.workingnomads.com/jobs/games-reliability-manager-netflix-1378636,Working Nomads,core-engineering,,2026-02-05T04:11:12.388054
"Senior Machine Learning Engineer - ML Training Platform
                                        
                                        Reddit
                                    

                                    
                                        
                                            Development
                                        

                                        

                                        
                                        Featured
                                        6 days ago
                                        6 days ago
                                    
                                

                                
                                    
                                        
                                        USA
                                    
                                    
                                        
                                        Full-time
                                    
                                    
                                        
                                        Senior Level
                                    
                                    
                                        
                                        
                                    
                                    
                                        
                                        $217k-$303k per year
                                    

                                    

                                    
                                    
                                

                                
                                
                                    Reddit
                                    Featured
                                    6 days ago
                                    6 days ago",Unknown,Remote - North America,https://www.workingnomads.com/jobs/senior-machine-learning-engineer-ml-training-platform-reddit,Working Nomads,core-engineering,,2026-02-05T04:11:12.388054
"Senior Software Engineer - Application Platform
                                        
                                        Synack
                                    

                                    
                                        
                                            Development
                                        

                                        

                                        
                                        Featured
                                        11 days ago
                                        11 days ago
                                    
                                

                                
                                    
                                        
                                        USA
                                    
                                    
                                        
                                        Full-time
                                    
                                    
                                        
                                        Senior Level
                                    
                                    
                                        
                                        
                                    
                                    
                                        
                                        $140k-$180k per year
                                    

                                    

                                    
                                    
                                

                                
                                
                                    Synack
                                    Featured
                                    11 days ago
                                    11 days ago",Unknown,Remote - North America,https://www.workingnomads.com/jobs/senior-software-engineer-application-platform-synack,Working Nomads,core-engineering,,2026-02-05T04:11:12.388054
"Staff Software Engineer - Cloud Infrastructure
                                        
                                        MyFitnessPal
                                    

                                    
                                        
                                            System Administration
                                        

                                        

                                        
                                        Featured
                                        15 days ago
                                        15 days ago
                                    
                                

                                
                                    
                                        
                                        USA
                                    
                                    
                                        
                                        Full-time
                                    
                                    
                                        
                                        Senior Level
                                    
                                    
                                        
                                        
                                    
                                    
                                        
                                        $170k-$220k per year
                                    

                                    

                                    
                                    
                                

                                
                                
                                    MyFitnessPal
                                    Featured
                                    15 days ago
                                    15 days ago",Unknown,Remote - North America,https://www.workingnomads.com/jobs/staff-software-engineer-cloud-infrastructure-myfitnesspal,Working Nomads,core-engineering,,2026-02-05T04:11:12.388054
"Principal Software Engineer - Azure Solutions
                                        
                                        TTEC Digital
                                    

                                    
                                        
                                            Development
                                        

                                        

                                        
                                        Featured
                                        25 days ago
                                        25 days ago
                                    
                                

                                
                                    
                                        
                                        Canada
                                    
                                    
                                        
                                        Full-time
                                    
                                    
                                        
                                        Senior Level
                                    
                                    
                                        
                                        
                                    
                                    
                                        
                                        $185k-$230k per year
                                    

                                    

                                    
                                    
                                

                                
                                
                                    TTEC Digital
                                    Featured
                                    25 days ago
                                    25 days ago",Unknown,Remote - North America,https://www.workingnomads.com/jobs/principal-software-engineer-azure-solutions-ttec-digital-1350244,Working Nomads,core-engineering,,2026-02-05T04:11:12.388054
"Senior Engineer - Platform
                                        
                                        Grow Therapy
                                    

                                    
                                        
                                            Development
                                        

                                        

                                        
                                        Featured
                                        28 days ago
                                        28 days ago
                                    
                                

                                
                                    
                                        
                                        USA
                                    
                                    
                                        
                                        Full-time
                                    
                                    
                                        
                                        Senior Level
                                    
                                    
                                        
                                        
                                    
                                    
                                        
                                        $152k-$227k per year
                                    

                                    

                                    
                                    
                                

                                
                                
                                    Grow Therapy
                                    Featured
                                    28 days ago
                                    28 days ago",Unknown,Remote - North America,https://www.workingnomads.com/jobs/senior-engineer-platform-grow-therapy-1344478,Working Nomads,core-engineering,,2026-02-05T04:11:12.388054
Associate Systems Engineer,"397
            NextEra Energy Jobs","137,213",https://www.adzuna.com/land/ad/5610241611?se=lI6fTBUC8RGNqfw6wYLllQ&title=Associate_Systems_Engineer&v=808316501305D869B77D92FCB57E81797065B8FF,Adzuna,core-engineering,1.0,2026-02-05T04:11:12.388054
Systems Engineer (Experienced or Lead),"397
            NextEra Energy Jobs","137,213",https://www.adzuna.com/land/ad/5610241614?se=lI6fTBUC8RGNqfw6wYLllQ&title=Systems_Engineer_%28Experienced_or_Lead%29&v=3D784F62933546D5CC11627EBB1FFBDE6877F172,Adzuna,core-engineering,1.0,2026-02-05T04:11:12.388054
Export Compliance Systems Engineer,"397
            NextEra Energy Jobs","137,213",https://www.adzuna.com/land/ad/5613921616?se=lI6fTBUC8RGNqfw6wYLllQ&title=Export_Compliance_Systems_Engineer&v=19D4C7C5D48F8940DA9512F208EE8AF7D4D42584,Adzuna,core-engineering,1.0,2026-02-05T04:11:12.388054
Experienced Systems Engineer (Systems Architecture & Def),"397
            NextEra Energy Jobs","137,213",https://www.adzuna.com/land/ad/5611914556?se=lI6fTBUC8RGNqfw6wYLllQ&title=Experienced_Systems_Engineer_%28Systems_Architecture_%26_Def%29&v=82FE8F4AF528981754F487FAAA8D77A538C4C928,Adzuna,core-engineering,1.0,2026-02-05T04:11:12.388054
Lead Model-Based Systems Engineer,"397
            NextEra Energy Jobs","137,213",https://www.adzuna.com/land/ad/5610241733?se=lI6fTBUC8RGNqfw6wYLllQ&title=Lead_Model-Based_Systems_Engineer&v=6CBE910122C9C951605DCEB834FA49C2158137AE,Adzuna,core-engineering,1.0,2026-02-05T04:11:12.388054
Lead Model-Based Systems Engineer,"397
            NextEra Energy Jobs","137,213",https://www.adzuna.com/land/ad/5613921619?se=lI6fTBUC8RGNqfw6wYLllQ&title=Lead_Model-Based_Systems_Engineer&v=A32FFC0B487A212A1DA264B0C62E4A65A6583363,Adzuna,core-engineering,1.0,2026-02-05T04:11:12.388054
Experienced Systems Engineer - Health Management,"397
            NextEra Energy Jobs","137,213",https://www.adzuna.com/land/ad/5612558397?se=lI6fTBUC8RGNqfw6wYLllQ&title=Experienced_Systems_Engineer_-_Health_Management&v=5618B4412EA2F7C43B38265CA385EDAC01469D38,Adzuna,core-engineering,1.0,2026-02-05T04:11:12.388054
Phantom Works Software Systems Engineer,"397
            NextEra Energy Jobs","137,213",https://www.adzuna.com/land/ad/5610241727?se=lI6fTBUC8RGNqfw6wYLllQ&title=Phantom_Works_Software_Systems_Engineer&v=955BE65EAB4665BAF324FC3330FD427628445640,Adzuna,core-engineering,1.0,2026-02-05T04:11:12.388054
"Experienced Systems Engineer (Reliability, Maintainability & System Health)","397
            NextEra Energy Jobs","137,213",https://www.adzuna.com/land/ad/5610492335?se=lI6fTBUC8RGNqfw6wYLllQ&title=Experienced_Systems_Engineer_%28Reliability%2C_Maintainability_%26_System_Health%29&v=2D84C07605BE0ED5FDB36CBA2F808FB40EB60CF5,Adzuna,core-engineering,1.0,2026-02-05T04:11:12.388054
Lead Hardware Systems Engineer – Fighters Mission Systems,"397
            NextEra Energy Jobs","137,213",https://www.adzuna.com/land/ad/5610241726?se=lI6fTBUC8RGNqfw6wYLllQ&title=Lead_Hardware_Systems_Engineer_%E2%80%93_Fighters_Mission_Systems&v=18C533EBE26AEAF098268005177670501ABD890C,Adzuna,core-engineering,1.0,2026-02-05T04:11:12.388054
Implementation Specialist,"Implementation Specialist
									
								
								 
								
							
							
							
																											
											Roofr										
									
									 							🌏 Probably worldwide💰 Upgrade to Premium to see salary",Remote,https://remoteok.com/remote-jobs/remote-implementation-specialist-roofr-1130090,RemoteOK,core-engineering,,2026-02-05T04:11:12.388054
Security Engineer ISSO,"Security Engineer ISSO
									
								
								 
								
							
							
							
																											
											Accenture Federal Services										
									
									 							Chantilly, VA💰 Upgrade to Premium to see salary",Remote,https://remoteok.com/remote-jobs/remote-security-engineer-isso-accenture-federal-services-1130089,RemoteOK,core-engineering,,2026-02-05T04:11:12.388054
Application Security Engineer,"Application Security Engineer
									
								
								 
								
							
							
							
																											
											Anthropic										
									
									 							San Francisco, CA💰 Upgrade to Premium to see salary",Remote,https://remoteok.com/remote-jobs/remote-application-security-engineer-anthropic-1130088,RemoteOK,core-engineering,,2026-02-05T04:11:12.388054
GenAI Security Engineer,"GenAI Security Engineer
									
								
								 
								
							
							
							
																											
											Point72										
									
									 							New York, NY💰 Upgrade to Premium to see salary",Remote,https://remoteok.com/remote-jobs/remote-genai-security-engineer-point72-1130087,RemoteOK,core-engineering,,2026-02-05T04:11:12.388054
"DevOps Engineer (Fully Remote)
                                        
                                        Octo Horizon
                                    

                                    
                                        
                                            Development
                                        

                                        

                                        
                                        Featured
                                        21 days ago
                                        21 days ago
                                    
                                

                                
                                    
                                        
                                        Anywhere
                                    
                                    
                                        
                                        Full-time
                                    
                                    
                                        
                                        Mid Level
                                    
                                    
                                        
                                        
                                    
                                    
                                        
                                        $ 80,000.00 + bonus up-to 50%
                                    

                                    

                                    
                                    
                                

                                
                                
                                    Octo Horizon
                                    Featured
                                    21 days ago
                                    21 days ago",Unknown,Remote - North America,https://www.workingnomads.com/jobs/devops-engineer-fully-remote-hired-octo-horizon-1360419,Working Nomads,core-engineering,,2026-02-05T04:11:12.388054
"System Engineer
                                        
                                        Oddball
                                    

                                    
                                        
                                            System Administration
                                        

                                        

                                        
                                        Featured
                                        5 days ago
                                        5 days ago
                                    
                                

                                
                                    
                                        
                                        USA
                                    
                                    
                                        
                                        Full-time
                                    
                                    
                                        
                                        Mid Level
                                    
                                    
                                        
                                        
                                    
                                    
                                        
                                        $90k-$130k per year
                                    

                                    

                                    
                                    
                                

                                
                                
                                    Oddball
                                    Featured
                                    5 days ago
                                    5 days ago",Unknown,Remote - North America,https://www.workingnomads.com/jobs/system-engineer-oddball,Working Nomads,core-engineering,,2026-02-05T04:11:12.388054
"Systems Engineer
                                        
                                        Databento
                                    

                                    
                                        
                                            System Administration
                                        

                                        

                                        
                                        Featured
                                        28 days ago
                                        28 days ago
                                    
                                

                                
                                    
                                        
                                        USA
                                    
                                    
                                        
                                        Full-time
                                    
                                    
                                        
                                        Mid Level
                                    
                                    
                                        
                                        
                                    
                                    
                                        
                                        
                                    

                                    

                                    
                                    
                                

                                
                                
                                    Databento
                                    Featured
                                    28 days ago
                                    28 days ago",Unknown,Remote - North America,https://www.workingnomads.com/jobs/systems-engineer-databento,Working Nomads,core-engineering,,2026-02-05T04:11:12.388054
"Senior Systems Engineer
                                        
                                        Automattic Careers
                                    

                                    
                                        
                                            System Administration
                                        

                                        

                                        
                                        Featured
                                        20 days ago
                                        20 days ago
                                    
                                

                                
                                    
                                        
                                        North America, Latin America, Europe, Africa, APAC
                                    
                                    
                                        
                                        Full-time
                                    
                                    
                                        
                                        Senior Level
                                    
                                    
                                        
                                        
                                    
                                    
                                        
                                        $120k-$180k per year
                                    

                                    

                                    
                                    
                                

                                
                                
                                    Automattic Careers
                                    Featured
                                    20 days ago
                                    20 days ago",Unknown,Remote - North America,https://www.workingnomads.com/jobs/senior-systems-engineer-automattic-careers-1361007,Working Nomads,core-engineering,,2026-02-05T04:11:12.388054
"Radar Systems Engineer (Algorithms)
                                        
                                        Reliable Robotics
                                    

                                    
                                        
                                            Development
                                        

                                        

                                        
                                        Featured
                                        17 days ago
                                        17 days ago
                                    
                                

                                
                                    
                                        
                                        USA
                                    
                                    
                                        
                                        Full-time
                                    
                                    
                                        
                                        Senior Level
                                    
                                    
                                        
                                        
                                    
                                    
                                        
                                        $180k-$260k per year
                                    

                                    

                                    
                                    
                                

                                
                                
                                    Reliable Robotics
                                    Featured
                                    17 days ago
                                    17 days ago",Unknown,Remote - North America,https://www.workingnomads.com/jobs/radar-systems-engineer-algorithms-reliable-robotics-1368723,Working Nomads,core-engineering,,2026-02-05T04:11:12.388054
"Embedded & Desktop Linux Systems Engineer - Optimisation
                                        
                                        Canonical
                                    

                                    
                                        
                                            System Administration
                                        

                                        

                                        
                                        Featured
                                        1 day ago
                                        1 day ago
                                    
                                

                                
                                    
                                        
                                        Anywhere
                                    
                                    
                                        
                                        Full-time
                                    
                                    
                                        
                                        
                                    
                                    
                                        
                                        
                                    
                                    
                                        
                                        
                                    

                                    

                                    
                                    
                                

                                
                                
                                    Canonical
                                    Featured
                                    1 day ago
                                    1 day ago",Unknown,Remote - North America,https://www.workingnomads.com/jobs/embedded-desktop-linux-systems-engineer-optimisation-canonical-1397301,Working Nomads,core-engineering,,2026-02-05T04:11:12.388054
"Distributed Systems Engineer (L4) - Cloud Engineering
                                        
                                        Netflix
                                    

                                    
                                        
                                            Development
                                        

                                        

                                        
                                        Featured
                                        10 days ago
                                        10 days ago
                                    
                                

                                
                                    
                                        
                                        USA
                                    
                                    
                                        
                                        Full-time
                                    
                                    
                                        
                                        Mid Level
                                    
                                    
                                        
                                        
                                    
                                    
                                        
                                        $225k-$372k per year
                                    

                                    

                                    
                                    
                                

                                
                                
                                    Netflix
                                    Featured
                                    10 days ago
                                    10 days ago",Unknown,Remote - North America,https://www.workingnomads.com/jobs/distributed-systems-engineer-l4-cloud-engineering-netflix-1383431,Working Nomads,core-engineering,,2026-02-05T04:11:12.388054
"Distributed Systems Engineer (L5) - Cloud Gateway
                                        
                                        Netflix
                                    

                                    
                                        
                                            Development
                                        

                                        

                                        
                                        Featured
                                        10 days ago
                                        10 days ago
                                    
                                

                                
                                    
                                        
                                        USA
                                    
                                    
                                        
                                        Full-time
                                    
                                    
                                        
                                        Senior Level
                                    
                                    
                                        
                                        
                                    
                                    
                                        
                                        $388k-$619k per year
                                    

                                    

                                    
                                    
                                

                                
                                
                                    Netflix
                                    Featured
                                    10 days ago
                                    10 days ago",Unknown,Remote - North America,https://www.workingnomads.com/jobs/distributed-systems-engineer-l5-cloud-gateway-netflix-1383429,Working Nomads,core-engineering,,2026-02-05T04:11:12.388054
"Distributed Systems Engineer (L5) - Data Platform
                                        
                                        Netflix
                                    

                                    
                                        
                                            Development
                                        

                                        

                                        
                                        Featured
                                        14 days ago
                                        14 days ago
                                    
                                

                                
                                    
                                        
                                        USA
                                    
                                    
                                        
                                        Full-time
                                    
                                    
                                        
                                        Senior Level
                                    
                                    
                                        
                                        
                                    
                                    
                                        
                                        
                                    

                                    

                                    
                                    
                                

                                
                                
                                    Netflix
                                    Featured
                                    14 days ago
                                    14 days ago",Unknown,Remote - North America,https://www.workingnomads.com/jobs/distributed-systems-engineer-l5-data-platform-netflix-1375862,Working Nomads,core-engineering,,2026-02-05T04:11:12.388054
"Distributed Systems Engineer (L4) - Data Platform
                                        
                                        Netflix
                                    

                                    
                                        
                                            Development
                                        

                                        

                                        
                                        Featured
                                        14 days ago
                                        14 days ago
                                    
                                

                                
                                    
                                        
                                        USA
                                    
                                    
                                        
                                        Full-time
                                    
                                    
                                        
                                        Mid Level
                                    
                                    
                                        
                                        
                                    
                                    
                                        
                                        
                                    

                                    

                                    
                                    
                                

                                
                                
                                    Netflix
                                    Featured
                                    14 days ago
                                    14 days ago",Unknown,Remote - North America,https://www.workingnomads.com/jobs/distributed-systems-engineer-l4-data-platform-netflix-1375828,Working Nomads,core-engineering,,2026-02-05T04:11:12.388054
"Staff GenAI System Engineer - Automation Foundation
                                        
                                        Airbnb
                                    

                                    
                                        
                                            System Administration
                                        

                                        

                                        
                                        Featured
                                        21 days ago
                                        21 days ago
                                    
                                

                                
                                    
                                        
                                        USA
                                    
                                    
                                        
                                        Full-time
                                    
                                    
                                        
                                        Senior Level
                                    
                                    
                                        
                                        
                                    
                                    
                                        
                                        $204k-$255k per year
                                    

                                    

                                    
                                    
                                

                                
                                
                                    Airbnb
                                    Featured
                                    21 days ago
                                    21 days ago",Unknown,Remote - North America,https://www.workingnomads.com/jobs/staff-genai-system-engineer-automation-foundation-airbnb-1358604,Working Nomads,core-engineering,,2026-02-05T04:11:12.388054
"Distributed Systems Engineer (L6) - Commerce Product Data Engineering
                                        
                                        Netflix
                                    

                                    
                                        
                                            Development
                                        

                                        

                                        
                                        Featured
                                        3 days ago
                                        3 days ago
                                    
                                

                                
                                    
                                        
                                        USA
                                    
                                    
                                        
                                        Full-time
                                    
                                    
                                        
                                        Senior Level
                                    
                                    
                                        
                                        
                                    
                                    
                                        
                                        $499k-$900k per year
                                    

                                    

                                    
                                    
                                

                                
                                
                                    Netflix
                                    Featured
                                    3 days ago
                                    3 days ago",Unknown,Remote - North America,https://www.workingnomads.com/jobs/distributed-systems-engineer-l6-commerce-product-data-engineering-netflix-1394539,Working Nomads,core-engineering,,2026-02-05T04:11:12.388054
"Distributed Systems Engineer (L5) - Commerce Product Data Engineering
                                        
                                        Netflix
                                    

                                    
                                        
                                            Development
                                        

                                        

                                        
                                        Featured
                                        3 days ago
                                        3 days ago
                                    
                                

                                
                                    
                                        
                                        USA
                                    
                                    
                                        
                                        Full-time
                                    
                                    
                                        
                                        Mid Level
                                    
                                    
                                        
                                        
                                    
                                    
                                        
                                        
                                    

                                    

                                    
                                    
                                

                                
                                
                                    Netflix
                                    Featured
                                    3 days ago
                                    3 days ago",Unknown,Remote - North America,https://www.workingnomads.com/jobs/distributed-systems-engineer-l5-commerce-product-data-engineering-netflix-1394529,Working Nomads,core-engineering,,2026-02-05T04:11:12.388054
"VP - Business Systems Engineering, Company Pillar Systems
                                        
                                        HubSpot
                                    

                                    
                                        
                                            Management
                                        

                                        

                                        
                                        Featured
                                        28 days ago
                                        28 days ago
                                    
                                

                                
                                    
                                        
                                        USA
                                    
                                    
                                        
                                        Full-time
                                    
                                    
                                        
                                        Senior Level
                                    
                                    
                                        
                                        
                                    
                                    
                                        
                                        $312k-$499k per year
                                    

                                    

                                    
                                    
                                

                                
                                
                                    HubSpot
                                    Featured
                                    28 days ago
                                    28 days ago",Unknown,Remote - North America,https://www.workingnomads.com/jobs/vp-business-systems-engineering-company-pillar-systems-hubspot-1343821,Working Nomads,core-engineering,,2026-02-05T04:11:12.388054
"QA Manager
                                        
                                        Unqork
                                    

                                    
                                        
                                            Management
                                        

                                        

                                        
                                        Featured
                                        27 days ago
                                        27 days ago
                                    
                                

                                
                                    
                                        
                                        USA
                                    
                                    
                                        
                                        Full-time
                                    
                                    
                                        
                                        Mid Level
                                    
                                    
                                        
                                        
                                    
                                    
                                        
                                        $130k-$150k per year
                                    

                                    

                                    
                                    
                                

                                
                                
                                    Unqork
                                    Featured
                                    27 days ago
                                    27 days ago",Unknown,Remote - North America,https://www.workingnomads.com/jobs/qa-manager-unqork,Working Nomads,core-engineering,,2026-02-05T04:11:12.388054
"Acquisition Analyst III
                                        
                                        TestPros
                                    

                                    
                                        
                                            Finance
                                        

                                        

                                        
                                        Featured
                                        4 hours ago
                                        4 hours ago
                                    
                                

                                
                                    
                                        
                                        USA
                                    
                                    
                                        
                                        Full-time
                                    
                                    
                                        
                                        Senior Level
                                    
                                    
                                        
                                        
                                    
                                    
                                        
                                        
                                    

                                    

                                    
                                    
                                

                                
                                
                                    TestPros
                                    Featured
                                    4 hours ago
                                    4 hours ago",Unknown,Remote - North America,https://www.workingnomads.com/jobs/acquisition-analyst-iii-testpros-1399766,Working Nomads,core-engineering,,2026-02-05T04:11:12.388054
"Cloud Engineer
                                        
                                        MetroSys
                                    

                                    
                                        
                                            System Administration
                                        

                                        

                                        
                                        Featured
                                        4 days ago
                                        4 days ago
                                    
                                

                                
                                    
                                        
                                        USA
                                    
                                    
                                        
                                        Full-time
                                    
                                    
                                        
                                        Senior Level
                                    
                                    
                                        
                                        
                                    
                                    
                                        
                                        
                                    

                                    

                                    
                                    
                                

                                
                                
                                    MetroSys
                                    Featured
                                    4 days ago
                                    4 days ago",Unknown,Remote - North America,https://www.workingnomads.com/jobs/cloud-engineer-metrosys-1393430,Working Nomads,core-engineering,,2026-02-05T04:11:12.388054
"Site Reliability Engineer
                                        
                                        Podium
                                    

                                    
                                        
                                            System Administration
                                        

                                        

                                        
                                        Featured
                                        19 days ago
                                        19 days ago
                                    
                                

                                
                                    
                                        
                                        USA
                                    
                                    
                                        
                                        Full-time
                                    
                                    
                                        
                                        Senior Level
                                    
                                    
                                        
                                        
                                    
                                    
                                        
                                        
                                    

                                    

                                    
                                    
                                

                                
                                
                                    Podium
                                    Featured
                                    19 days ago
                                    19 days ago",Unknown,Remote - North America,https://www.workingnomads.com/jobs/site-reliability-engineer-podium-1363537,Working Nomads,core-engineering,,2026-02-05T04:11:12.388054
"Principal - Automation Engineer
                                        
                                        Kraken
                                    

                                    
                                        
                                            Development
                                        

                                        

                                        
                                        Featured
                                        21 days ago
                                        21 days ago
                                    
                                

                                
                                    
                                        
                                        USA
                                    
                                    
                                        
                                        Full-time
                                    
                                    
                                        
                                        Senior Level
                                    
                                    
                                        
                                        
                                    
                                    
                                        
                                        $96k-$192k per year
                                    

                                    

                                    
                                    
                                

                                
                                
                                    Kraken
                                    Featured
                                    21 days ago
                                    21 days ago",Unknown,Remote - North America,https://www.workingnomads.com/jobs/principal-automation-engineer-kraken-1358985,Working Nomads,core-engineering,,2026-02-05T04:11:12.388054
"Account/Direct Sales P17
                                        
                                        Fortive
                                    

                                    
                                        
                                            Sales
                                        

                                        

                                        
                                        Featured
                                        7 days ago
                                        7 days ago
                                    
                                

                                
                                    
                                        
                                        USA
                                    
                                    
                                        
                                        Full-time
                                    
                                    
                                        
                                        Mid Level
                                    
                                    
                                        
                                        
                                    
                                    
                                        
                                        $141k-$235k per year
                                    

                                    

                                    
                                    
                                

                                
                                
                                    Fortive
                                    Featured
                                    7 days ago
                                    7 days ago",Unknown,Remote - North America,https://www.workingnomads.com/jobs/accountdirect-sales-p17-fortive,Working Nomads,core-engineering,,2026-02-05T04:11:12.388054
"GIS Systems Architect
                                        
                                        Ardent
                                    

                                    
                                        
                                            System Administration
                                        

                                        

                                        
                                        Featured
                                        12 days ago
                                        12 days ago
                                    
                                

                                
                                    
                                        
                                        USA
                                    
                                    
                                        
                                        Full-time
                                    
                                    
                                        
                                        Senior Level
                                    
                                    
                                        
                                        
                                    
                                    
                                        
                                        
                                    

                                    

                                    
                                    
                                

                                
                                
                                    Ardent
                                    Featured
                                    12 days ago
                                    12 days ago",Unknown,Remote - North America,https://www.workingnomads.com/jobs/gis-systems-architect-ardent-1381195,Working Nomads,core-engineering,,2026-02-05T04:11:12.388054
"AI Transformation Program Manager - Finance Transformation
                                        
                                        HubSpot
                                    

                                    
                                        
                                            Management
                                        

                                        

                                        
                                        Featured
                                        9 days ago
                                        9 days ago
                                    
                                

                                
                                    
                                        
                                        USA
                                    
                                    
                                        
                                        Full-time
                                    
                                    
                                        
                                        Mid Level
                                    
                                    
                                        
                                        
                                    
                                    
                                        
                                        $118k-$190k per year
                                    

                                    

                                    
                                    
                                

                                
                                
                                    HubSpot
                                    Featured
                                    9 days ago
                                    9 days ago",Unknown,Remote - North America,https://www.workingnomads.com/jobs/ai-transformation-program-manager-finance-transformation-hubspot-1384539,Working Nomads,core-engineering,,2026-02-05T04:11:12.388054
"Senior Backend Product Software Engineer - Core Intelligence & Media
                                        
                                        Dropbox
                                    

                                    
                                        
                                            Development
                                        

                                        

                                        
                                        Featured
                                        29 days ago
                                        29 days ago
                                    
                                

                                
                                    
                                        
                                        Canada
                                    
                                    
                                        
                                        Full-time
                                    
                                    
                                        
                                        Senior Level
                                    
                                    
                                        
                                        
                                    
                                    
                                        
                                        C$205k-C$277k per year
                                    

                                    

                                    
                                    
                                

                                
                                
                                    Dropbox
                                    Featured
                                    29 days ago
                                    29 days ago",Unknown,Remote - North America,https://www.workingnomads.com/jobs/senior-backend-product-software-engineer-core-intelligence-media-dropbox,Working Nomads,core-engineering,,2026-02-05T04:11:12.388054
"Senior Backend Product Software Engineer - Core Intelligence & Media
                                        
                                        Dropbox
                                    

                                    
                                        
                                            Development
                                        

                                        

                                        
                                        Featured
                                        29 days ago
                                        29 days ago
                                    
                                

                                
                                    
                                        
                                        USA
                                    
                                    
                                        
                                        Full-time
                                    
                                    
                                        
                                        Senior Level
                                    
                                    
                                        
                                        
                                    
                                    
                                        
                                        $199k-$302k per year
                                    

                                    

                                    
                                    
                                

                                
                                
                                    Dropbox
                                    Featured
                                    29 days ago
                                    29 days ago",Unknown,Remote - North America,https://www.workingnomads.com/jobs/senior-backend-product-software-engineer-core-intelligence-media-dropbox-1340442,Working Nomads,core-engineering,,2026-02-05T04:11:12.388054
"Technical Program Manager - Security
                                        
                                        Stripe
                                    

                                    
                                        
                                            Management
                                        

                                        

                                        
                                        Featured
                                        5 days ago
                                        5 days ago
                                    
                                

                                
                                    
                                        
                                        USA
                                    
                                    
                                        
                                        Full-time
                                    
                                    
                                        
                                        Senior Level
                                    
                                    
                                        
                                        
                                    
                                    
                                        
                                        $173k-$260k per year
                                    

                                    

                                    
                                    
                                

                                
                                
                                    Stripe
                                    Featured
                                    5 days ago
                                    5 days ago",Unknown,Remote - North America,https://www.workingnomads.com/jobs/technical-program-manager-security-stripe-1391100,Working Nomads,core-engineering,,2026-02-05T04:11:12.388054
"Senior Site Reliability Engineering
                                        
                                        Bugcrowd
                                    

                                    
                                        
                                            System Administration
                                        

                                        

                                        
                                        Featured
                                        14 days ago
                                        14 days ago
                                    
                                

                                
                                    
                                        
                                        USA
                                    
                                    
                                        
                                        Full-time
                                    
                                    
                                        
                                        Senior Level
                                    
                                    
                                        
                                        
                                    
                                    
                                        
                                        $129k-$162k per year
                                    

                                    

                                    
                                    
                                

                                
                                
                                    Bugcrowd
                                    Featured
                                    14 days ago
                                    14 days ago",Unknown,Remote - North America,https://www.workingnomads.com/jobs/senior-site-reliability-engineering-bugcrowd-1373495,Working Nomads,core-engineering,,2026-02-05T04:11:12.388054
"Staff Software Engineer - Storage
                                        
                                        Reddit
                                    

                                    
                                        
                                            Development
                                        

                                        

                                        
                                        Featured
                                        23 days ago
                                        23 days ago
                                    
                                

                                
                                    
                                        
                                        USA
                                    
                                    
                                        
                                        Full-time
                                    
                                    
                                        
                                        Senior Level
                                    
                                    
                                        
                                        
                                    
                                    
                                        
                                        $217k-$304k per year
                                    

                                    

                                    
                                    
                                

                                
                                
                                    Reddit
                                    Featured
                                    23 days ago
                                    23 days ago",Unknown,Remote - North America,https://www.workingnomads.com/jobs/staff-software-engineer-storage-reddit-1355761,Working Nomads,core-engineering,,2026-02-05T04:11:12.388054
"Staff Software Engineer - Storage
                                        
                                        Reddit
                                    

                                    
                                        
                                            Development
                                        

                                        

                                        
                                        Featured
                                        27 days ago
                                        27 days ago
                                    
                                

                                
                                    
                                        
                                        USA
                                    
                                    
                                        
                                        Full-time
                                    
                                    
                                        
                                        Senior Level
                                    
                                    
                                        
                                        
                                    
                                    
                                        
                                        $217k-$304k per year
                                    

                                    

                                    
                                    
                                

                                
                                
                                    Reddit
                                    Featured
                                    27 days ago
                                    27 days ago",Unknown,Remote - North America,https://www.workingnomads.com/jobs/staff-software-engineer-storage-reddit-1347083,Working Nomads,core-engineering,,2026-02-05T04:11:12.388054
"Staff Software Engineer - Storage
                                        
                                        Reddit
                                    

                                    
                                        
                                            Development
                                        

                                        

                                        
                                        Featured
                                        27 days ago
                                        27 days ago
                                    
                                

                                
                                    
                                        
                                        USA
                                    
                                    
                                        
                                        Full-time
                                    
                                    
                                        
                                        Senior Level
                                    
                                    
                                        
                                        
                                    
                                    
                                        
                                        $217k-$304k per year
                                    

                                    

                                    
                                    
                                

                                
                                
                                    Reddit
                                    Featured
                                    27 days ago
                                    27 days ago",Unknown,Remote - North America,https://www.workingnomads.com/jobs/staff-software-engineer-storage-reddit-1347085,Working Nomads,core-engineering,,2026-02-05T04:11:12.388054
"Principal AV Behavior and AI Safety Engineer: Technical Lead
                                        
                                        General Motors
                                    

                                    
                                        
                                            Development
                                        

                                        

                                        
                                        Featured
                                        16 days ago
                                        16 days ago
                                    
                                

                                
                                    
                                        
                                        USA
                                    
                                    
                                        
                                        Full-time
                                    
                                    
                                        
                                        Senior Level
                                    
                                    
                                        
                                        
                                    
                                    
                                        
                                        $228k-$350k per year
                                    

                                    

                                    
                                    
                                

                                
                                
                                    General Motors
                                    Featured
                                    16 days ago
                                    16 days ago",Unknown,Remote - North America,https://www.workingnomads.com/jobs/principal-av-behavior-and-ai-safety-engineer-technical-lead-general-motors-1367410,Working Nomads,core-engineering,,2026-02-05T04:11:12.388054
"Senior Data Scientist
                                        
                                        Analytica
                                    

                                    
                                        
                                            Consulting
                                        

                                        

                                        
                                        Featured
                                        4 days ago
                                        4 days ago
                                    
                                

                                
                                    
                                        
                                        USA
                                    
                                    
                                        
                                        Full-time
                                    
                                    
                                        
                                        Senior Level
                                    
                                    
                                        
                                        
                                    
                                    
                                        
                                        
                                    

                                    

                                    
                                    
                                

                                
                                
                                    Analytica
                                    Featured
                                    4 days ago
                                    4 days ago",Unknown,Remote - North America,https://www.workingnomads.com/jobs/senior-data-scientist-analytica-1393438,Working Nomads,core-engineering,,2026-02-05T04:11:12.388054
"AVP of Technical Partnerships
                                        
                                        Aidoc
                                    

                                    
                                        
                                            Management
                                        

                                        

                                        
                                        Featured
                                        8 days ago
                                        8 days ago
                                    
                                

                                
                                    
                                        
                                        USA
                                    
                                    
                                        
                                        Full-time
                                    
                                    
                                        
                                        Senior Level
                                    
                                    
                                        
                                        
                                    
                                    
                                        
                                        
                                    

                                    

                                    
                                    
                                

                                
                                
                                    Aidoc
                                    Featured
                                    8 days ago
                                    8 days ago",Unknown,Remote - North America,https://www.workingnomads.com/jobs/avp-of-technical-partnerships-aidoc,Working Nomads,core-engineering,,2026-02-05T04:11:12.388054
"Systems Development Engineer L5
                                        
                                        Netflix
                                    

                                    
                                        
                                            System Administration
                                        

                                        

                                        
                                        Featured
                                        11 days ago
                                        11 days ago
                                    
                                

                                
                                    
                                        
                                        USA
                                    
                                    
                                        
                                        Full-time
                                    
                                    
                                        
                                        Senior Level
                                    
                                    
                                        
                                        
                                    
                                    
                                        
                                        $100k-$700k per year
                                    

                                    

                                    
                                    
                                

                                
                                
                                    Netflix
                                    Featured
                                    11 days ago
                                    11 days ago",Unknown,Remote - North America,https://www.workingnomads.com/jobs/systems-development-engineer-l5-netflix-1381741,Working Nomads,core-engineering,,2026-02-05T04:11:12.388054
"Staff Site Reliability Engineer
                                        
                                        Bugcrowd
                                    

                                    
                                        
                                            System Administration
                                        

                                        

                                        
                                        Featured
                                        14 days ago
                                        14 days ago
                                    
                                

                                
                                    
                                        
                                        USA
                                    
                                    
                                        
                                        Full-time
                                    
                                    
                                        
                                        Senior Level
                                    
                                    
                                        
                                        
                                    
                                    
                                        
                                        $151k-$189k per year
                                    

                                    

                                    
                                    
                                

                                
                                
                                    Bugcrowd
                                    Featured
                                    14 days ago
                                    14 days ago",Unknown,Remote - North America,https://www.workingnomads.com/jobs/staff-site-reliability-engineer-bugcrowd-1373497,Working Nomads,core-engineering,,2026-02-05T04:11:12.388054
"Technical Program Manager - Commerce Systems
                                        
                                        Stripe
                                    

                                    
                                        
                                            Management
                                        

                                        

                                        
                                        Featured
                                        26 days ago
                                        26 days ago
                                    
                                

                                
                                    
                                        
                                        USA
                                    
                                    
                                        
                                        Full-time
                                    
                                    
                                        
                                        Senior Level
                                    
                                    
                                        
                                        
                                    
                                    
                                        
                                        $208k-$312k per year
                                    

                                    

                                    
                                    
                                

                                
                                
                                    Stripe
                                    Featured
                                    26 days ago
                                    26 days ago",Unknown,Remote - North America,https://www.workingnomads.com/jobs/technical-program-manager-commerce-systems-stripe-1347632,Working Nomads,core-engineering,,2026-02-05T04:11:12.388054
"Data Engineer
                                        
                                        Analytica
                                    

                                    
                                        
                                            Development
                                        

                                        

                                        
                                        Featured
                                        6 days ago
                                        6 days ago
                                    
                                

                                
                                    
                                        
                                        USA
                                    
                                    
                                        
                                        Full-time
                                    
                                    
                                        
                                        Senior Level
                                    
                                    
                                        
                                        
                                    
                                    
                                        
                                        
                                    

                                    

                                    
                                    
                                

                                
                                
                                    Analytica
                                    Featured
                                    6 days ago
                                    6 days ago",Unknown,Remote - North America,https://www.workingnomads.com/jobs/data-engineer-analytica-1389073,Working Nomads,core-engineering,,2026-02-05T04:11:12.388054
"Deployment Engineer
                                        
                                        Array
                                    

                                    
                                        
                                            System Administration
                                        

                                        

                                        
                                        Featured
                                        27 days ago
                                        27 days ago
                                    
                                

                                
                                    
                                        
                                        USA, Canada
                                    
                                    
                                        
                                        Full-time
                                    
                                    
                                        
                                        Senior Level
                                    
                                    
                                        
                                        
                                    
                                    
                                        
                                        $110k per year
                                    

                                    

                                    
                                    
                                

                                
                                
                                    Array
                                    Featured
                                    27 days ago
                                    27 days ago",Unknown,Remote - North America,https://www.workingnomads.com/jobs/deployment-engineer-array-1347174,Working Nomads,core-engineering,,2026-02-05T04:11:12.388054
"Senior DevOps Engineer
                                        
                                        Synack
                                    

                                    
                                        
                                            Development
                                        

                                        

                                        
                                        Featured
                                        8 days ago
                                        8 days ago
                                    
                                

                                
                                    
                                        
                                        USA
                                    
                                    
                                        
                                        Full-time
                                    
                                    
                                        
                                        Senior Level
                                    
                                    
                                        
                                        
                                    
                                    
                                        
                                        $145k-$185k per year
                                    

                                    

                                    
                                    
                                

                                
                                
                                    Synack
                                    Featured
                                    8 days ago
                                    8 days ago",Unknown,Remote - North America,https://www.workingnomads.com/jobs/senior-devops-engineer-synack-1385597,Working Nomads,core-engineering,,2026-02-05T04:11:12.388054
"Sr Manager - DevOps Engineering
                                        
                                        Green Dot Corporation
                                    

                                    
                                        
                                            Management
                                        

                                        

                                        
                                        Featured
                                        9 days ago
                                        9 days ago
                                    
                                

                                
                                    
                                        
                                        USA
                                    
                                    
                                        
                                        Full-time
                                    
                                    
                                        
                                        Senior Level
                                    
                                    
                                        
                                        
                                    
                                    
                                        
                                        $133k-$199k per year
                                    

                                    

                                    
                                    
                                

                                
                                
                                    Green Dot Corporation
                                    Featured
                                    9 days ago
                                    9 days ago",Unknown,Remote - North America,https://www.workingnomads.com/jobs/sr-manager-devops-engineering-green-dot-corporation-1384106,Working Nomads,core-engineering,,2026-02-05T04:11:12.388054
"Sr Manager - DevOps Engineering
                                        
                                        Green Dot Corporation
                                    

                                    
                                        
                                            Management
                                        

                                        

                                        
                                        Featured
                                        9 days ago
                                        9 days ago
                                    
                                

                                
                                    
                                        
                                        USA
                                    
                                    
                                        
                                        Full-time
                                    
                                    
                                        
                                        Senior Level
                                    
                                    
                                        
                                        
                                    
                                    
                                        
                                        $133k-$199k per year
                                    

                                    

                                    
                                    
                                

                                
                                
                                    Green Dot Corporation
                                    Featured
                                    9 days ago
                                    9 days ago",Unknown,Remote - North America,https://www.workingnomads.com/jobs/sr-manager-devops-engineering-green-dot-corporation-1383968,Working Nomads,core-engineering,,2026-02-05T04:11:12.388054
"Support Enablement Engineer Intern (Summer 2026)
                                        
                                        Dropbox
                                    

                                    
                                        
                                            Customer Success
                                        

                                        

                                        
                                        Featured
                                        10 days ago
                                        10 days ago
                                    
                                

                                
                                    
                                        
                                        Canada
                                    
                                    
                                        
                                        Part-time
                                    
                                    
                                        
                                        Entry Level
                                    
                                    
                                        
                                        
                                    
                                    
                                        
                                        C$4.0k-C$4.5k per month
                                    

                                    

                                    
                                    
                                

                                
                                
                                    Dropbox
                                    Featured
                                    10 days ago
                                    10 days ago",Unknown,Remote - North America,https://www.workingnomads.com/jobs/support-enablement-engineer-intern-summer-2026-dropbox,Working Nomads,core-engineering,,2026-02-05T04:11:12.388054
"Senior Technical Revenue Manager
                                        
                                        Figma
                                    

                                    
                                        
                                            Finance
                                        

                                        

                                        
                                        Featured
                                        15 days ago
                                        15 days ago
                                    
                                

                                
                                    
                                        
                                        USA
                                    
                                    
                                        
                                        Full-time
                                    
                                    
                                        
                                        Senior Level
                                    
                                    
                                        
                                        
                                    
                                    
                                        
                                        $149k-$238k per year
                                    

                                    

                                    
                                    
                                

                                
                                
                                    Figma
                                    Featured
                                    15 days ago
                                    15 days ago",Unknown,Remote - North America,https://www.workingnomads.com/jobs/senior-technical-revenue-manager-figma-1371268,Working Nomads,core-engineering,,2026-02-05T04:11:12.388054
"Business Systems Architect - AI
                                        
                                        Figma
                                    

                                    
                                        
                                            Consulting
                                        

                                        

                                        
                                        Featured
                                        23 days ago
                                        23 days ago
                                    
                                

                                
                                    
                                        
                                        USA
                                    
                                    
                                        
                                        Full-time
                                    
                                    
                                        
                                        Senior Level
                                    
                                    
                                        
                                        
                                    
                                    
                                        
                                        $149k-$260k per year
                                    

                                    

                                    
                                    
                                

                                
                                
                                    Figma
                                    Featured
                                    23 days ago
                                    23 days ago",Unknown,Remote - North America,https://www.workingnomads.com/jobs/business-systems-architect-ai-figma-1354805,Working Nomads,core-engineering,,2026-02-05T04:11:12.388054
"Senior Machine Learning Engineer - Dev Platform Data and Discovery
                                        
                                        Reddit
                                    

                                    
                                        
                                            Development
                                        

                                        

                                        
                                        Featured
                                        23 days ago
                                        23 days ago
                                    
                                

                                
                                    
                                        
                                        USA
                                    
                                    
                                        
                                        Full-time
                                    
                                    
                                        
                                        Senior Level
                                    
                                    
                                        
                                        
                                    
                                    
                                        
                                        $217k-$303k per year
                                    

                                    

                                    
                                    
                                

                                
                                
                                    Reddit
                                    Featured
                                    23 days ago
                                    23 days ago",Unknown,Remote - North America,https://www.workingnomads.com/jobs/senior-machine-learning-engineer-dev-platform-data-and-discovery-reddit-1353574,Working Nomads,core-engineering,,2026-02-05T04:11:12.388054
"Ubuntu Linux Kernel Engineer - Silicon Enablement
                                        
                                        Canonical
                                    

                                    
                                        
                                            Development
                                        

                                        

                                        
                                        Featured
                                        1 day ago
                                        1 day ago
                                    
                                

                                
                                    
                                        
                                        Anywhere
                                    
                                    
                                        
                                        Full-time
                                    
                                    
                                        
                                        
                                    
                                    
                                        
                                        
                                    
                                    
                                        
                                        
                                    

                                    

                                    
                                    
                                

                                
                                
                                    Canonical
                                    Featured
                                    1 day ago
                                    1 day ago",Unknown,Remote - North America,https://www.workingnomads.com/jobs/ubuntu-linux-kernel-engineer-silicon-enablement-canonical-1397457,Working Nomads,core-engineering,,2026-02-05T04:11:12.388054
"Data Engineer
                                        
                                        Analytica
                                    

                                    
                                        
                                            Development
                                        

                                        

                                        
                                        Featured
                                        8 hours ago
                                        8 hours ago
                                    
                                

                                
                                    
                                        
                                        USA
                                    
                                    
                                        
                                        Full-time
                                    
                                    
                                        
                                        Senior Level
                                    
                                    
                                        
                                        
                                    
                                    
                                        
                                        
                                    

                                    

                                    
                                    
                                

                                
                                
                                    Analytica
                                    Featured
                                    8 hours ago
                                    8 hours ago",Unknown,Remote - North America,https://www.workingnomads.com/jobs/data-engineer-analytica-1399424,Working Nomads,core-engineering,,2026-02-05T04:11:12.388054
"Systems Architect
                                        
                                        Reliable Robotics
                                    

                                    
                                        
                                            System Administration
                                        

                                        

                                        
                                        Featured
                                        2 days ago
                                        2 days ago
                                    
                                

                                
                                    
                                        
                                        USA
                                    
                                    
                                        
                                        Full-time
                                    
                                    
                                        
                                        Senior Level
                                    
                                    
                                        
                                        
                                    
                                    
                                        
                                        $190k-$300k per year
                                    

                                    

                                    
                                    
                                

                                
                                
                                    Reliable Robotics
                                    Featured
                                    2 days ago
                                    2 days ago",Unknown,Remote - North America,https://www.workingnomads.com/jobs/systems-architect-reliable-robotics-1396856,Working Nomads,core-engineering,,2026-02-05T04:11:12.388054
"Software Engineering Manager - Ubuntu Linux Kernel
                                        
                                        Canonical
                                    

                                    
                                        
                                            Management
                                        

                                        

                                        
                                        Featured
                                        5 hours ago
                                        5 hours ago
                                    
                                

                                
                                    
                                        
                                        Anywhere
                                    
                                    
                                        
                                        Full-time
                                    
                                    
                                        
                                        Senior Level
                                    
                                    
                                        
                                        
                                    
                                    
                                        
                                        
                                    

                                    

                                    
                                    
                                

                                
                                
                                    Canonical
                                    Featured
                                    5 hours ago
                                    5 hours ago",Unknown,Remote - North America,https://www.workingnomads.com/jobs/software-engineering-manager-ubuntu-linux-kernel-canonical-1399704,Working Nomads,core-engineering,,2026-02-05T04:11:12.388054
"Junior Linux Kernel Engineer - Ubuntu
                                        
                                        Canonical
                                    

                                    
                                        
                                            Development
                                        

                                        

                                        
                                        Featured
                                        9 hours ago
                                        9 hours ago
                                    
                                

                                
                                    
                                        
                                        Anywhere
                                    
                                    
                                        
                                        Full-time
                                    
                                    
                                        
                                        Entry Level
                                    
                                    
                                        
                                        
                                    
                                    
                                        
                                        
                                    

                                    

                                    
                                    
                                

                                
                                
                                    Canonical
                                    Featured
                                    9 hours ago
                                    9 hours ago",Unknown,Remote - North America,https://www.workingnomads.com/jobs/junior-linux-kernel-engineer-ubuntu-canonical-1399340,Working Nomads,core-engineering,,2026-02-05T04:11:12.388054
Power Electronics Embedded Systems Engineer,"397
            NextEra Energy Jobs","1,552",https://www.adzuna.com/land/ad/5610367117?se=6iK5GhYC8RGNqfw6wYLllQ&title=Power_Electronics_Embedded_Systems_Engineer&v=3FF7D04E6AC8CCBC0CA1C2E5D52E53900127AE62,Adzuna,core-engineering,1.0,2026-02-05T04:11:12.388054
Power Electronics Embedded Systems Engineer,"397
            NextEra Energy Jobs","1,552",https://www.adzuna.com/land/ad/5601532155?se=6iK5GhYC8RGNqfw6wYLllQ&title=Power_Electronics_Embedded_Systems_Engineer&v=4D405A8364686DFCE9126DA048A5752AB2A3A740,Adzuna,core-engineering,1.0,2026-02-05T04:11:12.388054
Embedded Systems Engineer III,"397
            NextEra Energy Jobs","1,552",https://www.adzuna.com/land/ad/5613337652?se=6iK5GhYC8RGNqfw6wYLllQ&title=Embedded_Systems_Engineer_III&v=1BEEAC30934AEF0BB82B9F87779CF60A81DB2E94,Adzuna,core-engineering,1.0,2026-02-05T04:11:12.388054
Embedded Systems Engineer,"397
            NextEra Energy Jobs","1,552",https://www.adzuna.com/land/ad/5583459484?se=6iK5GhYC8RGNqfw6wYLllQ&title=Embedded_Systems_Engineer&v=B8BEECA2C7F465A822C245A2A4E1A043B8F4444E,Adzuna,core-engineering,1.0,2026-02-05T04:11:12.388054
Principal Embedded Systems Engineer,"397
            NextEra Energy Jobs","1,552",https://www.adzuna.com/land/ad/5589176152?se=6iK5GhYC8RGNqfw6wYLllQ&title=Principal_Embedded_Systems_Engineer&v=4F8D69564CB4D0834AEC3DE4A55043EEDA14C78B,Adzuna,core-engineering,1.0,2026-02-05T04:11:12.388054
Embedded Systems Engineer,"397
            NextEra Energy Jobs","1,552",https://www.adzuna.com/land/ad/5606827740?se=6iK5GhYC8RGNqfw6wYLllQ&title=Embedded_Systems_Engineer&v=3ABE91791D4AFCAEE8B38A0F6B5AB71EE7142421,Adzuna,core-engineering,1.0,2026-02-05T04:11:12.388054
"Senior Embedded Systems Engineer - C++, Python, LabVIEW","397
            NextEra Energy Jobs","1,552",https://www.adzuna.com/land/ad/5582301992?se=6iK5GhYC8RGNqfw6wYLllQ&title=Senior_Embedded_Systems_Engineer_-_C%2B%2B%2C_Python%2C_LabVIEW&v=B355B0E912EF625DD9C671379A12C24FDED6E380,Adzuna,core-engineering,1.0,2026-02-05T04:11:12.388054
Embedded Systems Engineer with Security Clearance,"397
            NextEra Energy Jobs","1,552",https://www.adzuna.com/land/ad/5604776063?se=6iK5GhYC8RGNqfw6wYLllQ&title=Embedded_Systems_Engineer_with_Security_Clearance&v=19AAFAEB384255639A7F5C36DBBE1939935F29D9,Adzuna,core-engineering,1.0,2026-02-05T04:11:12.388054
Embedded Systems Engineer (US),"397
            NextEra Energy Jobs","1,552",https://www.adzuna.com/land/ad/5612630389?se=6iK5GhYC8RGNqfw6wYLllQ&title=Embedded_Systems_Engineer_%28US%29&v=362AED5CC27493EFFAED91D965DE14B8D1ABD706,Adzuna,core-engineering,1.0,2026-02-05T04:11:12.388054
Senior Embedded Systems Engineer,"397
            NextEra Energy Jobs","1,552",https://www.adzuna.com/land/ad/5594855611?se=6iK5GhYC8RGNqfw6wYLllQ&title=Senior_Embedded_Systems_Engineer&v=DC94C82C947679352B709BB6E8465CEEEE2F549D,Adzuna,core-engineering,1.0,2026-02-05T04:11:12.388054
Sr. Advanced Software Engineer – Flight Management Systems (C++),Unknown,"Phoenix, AZ","https://www.glassdoor.com/job-listing/sr-advanced-software-engineer-flight-management-systems-c-honeywell-JV_IC1133904_KO0,57_KE58,67.htm?jl=1010023284622",Glassdoor,core-engineering,1.0,2026-02-05T04:11:12.388054
Advanced Software Engineer - Flight Management Systems (C++),Unknown,"Phoenix, AZ","https://www.glassdoor.com/job-listing/advanced-software-engineer-flight-management-systems-c-honeywell-JV_IC1133904_KO0,54_KE55,64.htm?jl=1010023284577",Glassdoor,core-engineering,1.0,2026-02-05T04:11:12.388054
Mission Critical Software Engineer 2,Unknown,"Cambridge, MA","https://www.glassdoor.com/job-listing/mission-critical-software-engineer-2-the-charles-stark-draper-laboratory-inc-JV_IC1154545_KO0,36_KE37,76.htm?jl=1010023232543",Glassdoor,core-engineering,1.0,2026-02-05T04:11:12.388054
2026 Associate Embedded Software/ Embedded Software Engineer - Dulles VA,Unknown,"Dulles, VA","https://www.glassdoor.com/job-listing/2026-associate-embedded-software-embedded-software-engineer-dulles-va-northrop-grumman-JV_IC1130356_KO0,69_KE70,86.htm?jl=1010023217041",Glassdoor,core-engineering,1.0,2026-02-05T04:11:12.388054
Junior Software Engineer,Unknown,"Lexington, MA","https://www.glassdoor.com/job-listing/junior-software-engineer-mit-lincoln-laboratory-JV_IC1154599_KO0,24_KE25,47.htm?jl=1010023208896",Glassdoor,core-engineering,1.0,2026-02-05T04:11:12.388054
Sr Firmware Engineer,Unknown,"Longmont, CO","https://www.glassdoor.com/job-listing/sr-firmware-engineer-seagate-technology-JV_IC1148118_KO0,20_KE21,39.htm?jl=1010023200752",Glassdoor,core-engineering,1.0,2026-02-05T04:11:12.388054
AUTOSAR Engineer,Unknown,"Peoria, IL","https://www.glassdoor.com/job-listing/autosar-engineer-tmp-worldwide-india-private-limited-for-ers-us-JV_IC1129349_KO0,16_KE17,63.htm?jl=1010023200620",Glassdoor,core-engineering,1.0,2026-02-05T04:11:12.388054
Electrical/Computer Engineer I,Unknown,"Bloomington, IN","https://www.glassdoor.com/job-listing/electrical-computer-engineer-i-technology-service-corporation-JV_IC1144789_KO0,30_KE31,61.htm?jl=1010023169503",Glassdoor,core-engineering,1.0,2026-02-05T04:11:12.388054
Embedded Product Analytics Senior Engineer,Unknown,"Mossville, IL","https://www.glassdoor.com/job-listing/embedded-product-analytics-senior-engineer-caterpillar-JV_IC1129347_KO0,42_KE43,54.htm?jl=1010023161522",Glassdoor,core-engineering,1.0,2026-02-05T04:11:12.388054
Principal Embedded Software Engineer,Unknown,"Cambridge, MA","https://www.glassdoor.com/job-listing/principal-embedded-software-engineer-the-charles-stark-draper-laboratory-inc-JV_IC1154545_KO0,36_KE37,76.htm?jl=1010023114230",Glassdoor,core-engineering,1.0,2026-02-05T04:11:12.388054
Embedded Flight Software Engineer,Unknown,"Cambridge, MA","https://www.glassdoor.com/job-listing/embedded-flight-software-engineer-the-charles-stark-draper-laboratory-inc-JV_IC1154545_KO0,33_KE34,73.htm?jl=1010023114223",Glassdoor,core-engineering,1.0,2026-02-05T04:11:12.388054
Senior Software/GPU Engineer,Unknown,"Reston, VA","https://www.glassdoor.com/job-listing/senior-software-gpu-engineer-the-charles-stark-draper-laboratory-inc-JV_IC1130404_KO0,28_KE29,68.htm?jl=1010023114210",Glassdoor,core-engineering,1.0,2026-02-05T04:11:12.388054
Firmware Engineer,Unknown,"Agawam, MA","https://www.glassdoor.com/job-listing/firmware-engineer-governors-america-corporation-JV_IC1154798_KO0,17_KE18,47.htm?jl=1010023099023",Glassdoor,core-engineering,1.0,2026-02-05T04:11:12.388054
Senior Embedded Engineer,Unknown,"Mayfield Heights, Cuyahoga, OH","https://www.glassdoor.com/job-listing/senior-embedded-engineer-aspire-technologies-inc-JV_IC1163315_KO0,24_KE25,48.htm?jl=1010023038454",Glassdoor,core-engineering,1.0,2026-02-05T04:11:12.388054
Staff Failure Analysis Engineer,Unknown,"Palm Bay, FL","https://www.glassdoor.com/job-listing/staff-failure-analysis-engineer-renesas-electronics-JV_IC1154291_KO0,31_KE32,51.htm?jl=1010023032490",Glassdoor,core-engineering,1.0,2026-02-05T04:11:12.388054
Senior Embedded C++ Software Engineer,Unknown,"Dallas, TX","https://www.glassdoor.com/job-listing/senior-embedded-c-software-engineer-8elements-technolgies-JV_IC1139977_KO0,35_KE36,57.htm?jl=1010022958780",Glassdoor,core-engineering,1.0,2026-02-05T04:11:12.388054
2026 Full-time - Real-time Embedded Software Engineer - Onsite (CA),Unknown,"El Segundo, CA","https://www.glassdoor.com/job-listing/2026-full-time-real-time-embedded-software-engineer-onsite-ca-raytheon-JV_IC1146779_KO0,61_KE62,70.htm?jl=1010022792521",Glassdoor,core-engineering,1.0,2026-02-05T04:11:12.388054
BAS Software Engineer,Unknown,"Rochester Hills, MI","https://www.glassdoor.com/job-listing/bas-software-engineer-control-solutions-inc-JV_IC1159796_KO0,21_KE22,43.htm?jl=1010022629496",Glassdoor,core-engineering,1.0,2026-02-05T04:11:12.388054
Associate Real Time Software Engineer–Vehicle Management Systems,Unknown,"Hazelwood, MO","https://www.glassdoor.com/job-listing/associate-real-time-software-engineer-vehicle-management-systems-boeing-JV_IC1131233_KO0,64_KE65,71.htm?jl=1010022586396",Glassdoor,core-engineering,1.0,2026-02-05T04:11:12.388054
Product Engineer - Software,Unknown,"Los Angeles, CA","https://www.glassdoor.com/job-listing/product-engineer-software-sprintray-JV_IC1146821_KO0,25_KE26,35.htm?jl=1010022454249",Glassdoor,core-engineering,1.0,2026-02-05T04:11:12.388054
GNC Engineer,Unknown,United States,"https://www.glassdoor.com/job-listing/gnc-engineer-lux-aeterna-JV_KO0,12_KE13,24.htm?jl=1010022450763",Glassdoor,core-engineering,1.0,2026-02-05T04:11:12.388054
Resident Engineer,Unknown,"Detroit, MI","https://www.glassdoor.com/job-listing/resident-engineer-cosworth-JV_IC1134644_KO0,17_KE18,26.htm?jl=1010022376669",Glassdoor,core-engineering,1.0,2026-02-05T04:11:12.388054
Embedded Software Engineer,Unknown,"Austin, TX","https://www.glassdoor.com/job-listing/embedded-software-engineer-ametek-inc-JV_IC1139761_KO0,26_KE27,37.htm?jl=1010022374993",Glassdoor,core-engineering,1.0,2026-02-05T04:11:12.388054
Aegis Missile Software Engineer,Unknown,"Dahlgren, VA","https://www.glassdoor.com/job-listing/aegis-missile-software-engineer-chenega-mios-JV_IC1129678_KO0,31_KE32,44.htm?jl=1010022357665",Glassdoor,core-engineering,1.0,2026-02-05T04:11:12.388054
Embedded Linux Software Engineer I (Onsite),Unknown,"Cedar Rapids, IA","https://www.glassdoor.com/job-listing/embedded-linux-software-engineer-i-onsite-collins-aerospace-JV_IC1149160_KO0,41_KE42,59.htm?jl=1010022341187",Glassdoor,core-engineering,1.0,2026-02-05T04:11:12.388054
"Software Validation Engineer, Steering, Chassis Systems",Unknown,"Palo Alto, CA","https://www.glassdoor.com/job-listing/software-validation-engineer-steering-chassis-systems-tesla-JV_IC1147434_KO0,53_KE54,59.htm?jl=1010022335672",Glassdoor,core-engineering,1.0,2026-02-05T04:11:12.388054
Embedded Firmware Engineer - RDL,Unknown,"Chandler, AZ","https://www.glassdoor.com/job-listing/embedded-firmware-engineer-rdl-cirrus-logic-JV_IC1133878_KO0,30_KE31,43.htm?jl=1010022227671",Glassdoor,core-engineering,1.0,2026-02-05T04:11:12.388054
RF/HW Test Engineer,Unknown,"San Jose, CA","https://www.glassdoor.com/job-listing/rf-hw-test-engineer-prodapt-JV_IC1147436_KO0,19_KE20,27.htm?jl=1010022185337",Glassdoor,core-engineering,1.0,2026-02-05T04:11:12.388054
RF Systems Engineer,Unknown,"Waltham, MA","https://www.glassdoor.com/job-listing/rf-systems-engineer-eta-wireless-JV_IC1154703_KO0,19_KE20,32.htm?jl=1010022174943",Glassdoor,core-engineering,1.0,2026-02-05T04:11:12.388054
Controls Software Engineer,Unknown,"Chattanooga, TN","https://www.glassdoor.com/job-listing/controls-software-engineer-astec-industries-JV_IC1144251_KO0,26_KE27,43.htm?jl=1010022088481",Glassdoor,core-engineering,1.0,2026-02-05T04:11:12.388054
Petite Female Fashion Model Needed,Freelancer Client,Remote,https://www.freelancer.com/projects/fashion-modeling/petite-female-fashion-model-needed,Freelancer,core-engineering,,2026-02-05T04:11:12.388054
Colorful  Seamless Pattern for printing on fabric,Freelancer Client,Remote,https://www.freelancer.com/projects/adobe-illustrator/colorful-seamless-pattern-for-printing,Freelancer,core-engineering,,2026-02-05T04:11:12.388054
Advanced AI-Driven SEO Growth,Freelancer Client,Remote,https://www.freelancer.com/projects/data-analysis/advanced-driven-seo-growth,Freelancer,core-engineering,,2026-02-05T04:11:12.388054
Modern Brand Identity & Landing Page,Freelancer Client,Remote,https://www.freelancer.com/projects/web-design/modern-brand-identity-landing-page,Freelancer,core-engineering,,2026-02-05T04:11:12.388054
"•	Deep interaction with ERC-20 tokens, approvals, balances, and transfers 	•	Optimize DEX routing, slippage control, and execution guarantees 	•	Build and maintain fail-safe logic to ensure transactions either complete fully or revert 	•	Collaborate on hi",Freelancer Client,Remote,https://www.freelancer.com/projects/blockchain/deep-interaction-with-erc-tokens,Freelancer,core-engineering,,2026-02-05T04:11:12.388054
UI Testing Assistant Needed,Freelancer Client,Remote,https://www.freelancer.com/projects/user-experience-research/testing-assistant-needed,Freelancer,core-engineering,,2026-02-05T04:11:12.388054
Automated Excel Report Printing,Freelancer Client,Remote,https://www.freelancer.com/projects/excel-vba/automated-excel-report-printing,Freelancer,core-engineering,,2026-02-05T04:11:12.388054
Modern Emblem Logo for Tire Shop,Freelancer Client,Remote,https://www.freelancer.com/contest/modern-emblem-logo-for-tire-shop-2697101,Freelancer,core-engineering,,2026-02-05T04:11:12.388054
Real Estate Group Logo,Freelancer Client,Remote,https://www.freelancer.com/projects/adobe-illustrator/real-estate-group-logo,Freelancer,core-engineering,,2026-02-05T04:11:12.388054
High-Detail 3D Arena Model,Freelancer Client,Remote,https://www.freelancer.com/projects/3d-design/high-detail-arena-model,Freelancer,core-engineering,,2026-02-05T04:11:12.388054
High-Traffic CMS/SaaS Platform Development,Freelancer Client,Remote,https://www.freelancer.com/projects/cms/high-traffic-cms-saas-platform,Freelancer,core-engineering,,2026-02-05T04:11:12.388054
Decision Algorithm for Optimal Agricultural Production Allocation,Freelancer Client,Remote,https://www.freelancer.com/projects/data-science/decision-algorithm-for-optimal,Freelancer,core-engineering,,2026-02-05T04:11:12.388054
Private Project for Ali,Freelancer Client,Remote,https://www.freelancer.com/projects/color-grading/private-project-for-ali,Freelancer,core-engineering,,2026-02-05T04:11:12.388054
Educational Video Visuals,Freelancer Client,Remote,https://www.freelancer.com/projects/adobe-premiere-pro/educational-video-visuals,Freelancer,core-engineering,,2026-02-05T04:11:12.388054
Psychology Task Development,Freelancer Client,Remote,https://www.freelancer.com/projects/data-analysis/psychology-task-development,Freelancer,core-engineering,,2026-02-05T04:11:12.388054
Post-Hardcore Punk Band Logo Design,Freelancer Client,Remote,https://www.freelancer.com/projects/2d-drawing/post-hardcore-punk-band-logo,Freelancer,core-engineering,,2026-02-05T04:11:12.388054
OpenCart Troubleshoot and Optimize,Freelancer Client,Remote,https://www.freelancer.com/projects/google-website-optimizer/opencart-troubleshoot-optimize,Freelancer,core-engineering,,2026-02-05T04:11:12.388054
Secure Backend Development with Capacity Rules,Freelancer Client,Remote,https://www.freelancer.com/projects/backend-development/secure-backend-development-with-capacity,Freelancer,core-engineering,,2026-02-05T04:11:12.388054
Print Ready Supplement Label Artwork,Freelancer Client,Remote,https://www.freelancer.com/projects/adobe-illustrator/print-ready-supplement-label-artwork,Freelancer,core-engineering,,2026-02-05T04:11:12.388054
Security Audio Cleanup for Transcription,Freelancer Client,Remote,https://www.freelancer.com/projects/audio-editing/security-audio-cleanup-for-transcription,Freelancer,core-engineering,,2026-02-05T04:11:12.388054
Modern Interior Design and Rendering,Freelancer Client,Remote,https://www.freelancer.com/projects/3d-visualization/modern-interior-design-rendering,Freelancer,core-engineering,,2026-02-05T04:11:12.388054
Install Traccar GPS on Linux,Freelancer Client,Remote,https://www.freelancer.com/projects/system-administration/install-traccar-gps-linux,Freelancer,core-engineering,,2026-02-05T04:11:12.388054
UI/UX Designer,"397
            NextEra Energy Jobs","9,770",https://www.adzuna.com/land/ad/5611159494?se=-k8m9xYC8RGR1I5QTFlZ9Q&title=UI%2FUX_Designer&v=D86374A1F0EB073DD2AEFE0362819C48DD487CA2,Adzuna,core-engineering,1.0,2026-02-05T04:11:12.388054
UI/ UX Frontend / React/ Web Tech Lead,"397
            NextEra Energy Jobs","9,770",https://www.adzuna.com/land/ad/5614152407?se=-k8m9xYC8RGR1I5QTFlZ9Q&title=UI%2F_UX_Frontend_%2F_React%2F_Web_Tech_Lead&v=A6874E1C04826D52D101833C5A26874FF8AEF6B1,Adzuna,core-engineering,1.0,2026-02-05T04:11:12.388054
"UI/UX Designer - Lansing, MI","397
            NextEra Energy Jobs","9,770",https://www.adzuna.com/land/ad/5585748670?se=-k8m9xYC8RGR1I5QTFlZ9Q&title=UI%2FUX_Designer_-_Lansing%2C_MI&v=694A502785EBA2A1495E998A55A643BFE6EF3C15,Adzuna,core-engineering,1.0,2026-02-05T04:11:12.388054
UI/UX Designer,"397
            NextEra Energy Jobs","9,770",https://www.adzuna.com/land/ad/5585286241?se=-k8m9xYC8RGR1I5QTFlZ9Q&title=UI%2FUX_Designer&v=A7597E8B61978836BB5E6C49F6120BAD8C8F66A1,Adzuna,core-engineering,1.0,2026-02-05T04:11:12.388054
UI/UX Designer,"397
            NextEra Energy Jobs","9,770",https://www.adzuna.com/land/ad/5594846017?se=-k8m9xYC8RGR1I5QTFlZ9Q&title=UI%2FUX_Designer&v=48FDAD2A0212023ADD4DE2516A50C296F8A86A4D,Adzuna,core-engineering,1.0,2026-02-05T04:11:12.388054
Director of UI/UX,"397
            NextEra Energy Jobs","9,770",https://www.adzuna.com/land/ad/5604154696?se=-k8m9xYC8RGR1I5QTFlZ9Q&title=Director_of_UI%2FUX&v=0C03DE1431F6FCB755214AE965C90E26C716A666,Adzuna,core-engineering,1.0,2026-02-05T04:11:12.388054
UI/UX Designer,"397
            NextEra Energy Jobs","9,770",https://www.adzuna.com/land/ad/5578562405?se=-k8m9xYC8RGR1I5QTFlZ9Q&title=UI%2FUX_Designer&v=9CC437BF8E1C6B178F26664040FB5E4A2A8EF656,Adzuna,core-engineering,1.0,2026-02-05T04:11:12.388054
UI/UX Designer,"397
            NextEra Energy Jobs","9,770",https://www.adzuna.com/land/ad/5598085395?se=-k8m9xYC8RGR1I5QTFlZ9Q&title=UI%2FUX_Designer&v=E1034598EC358ACE1BDDE91A2975C67E37F7454E,Adzuna,core-engineering,1.0,2026-02-05T04:11:12.388054
UI/UX Designer,"397
            NextEra Energy Jobs","9,770",https://www.adzuna.com/land/ad/5606827903?se=-k8m9xYC8RGR1I5QTFlZ9Q&title=UI%2FUX_Designer&v=F739A3C3F00AE77C7ADD817E9D3CA7DDE1740F1C,Adzuna,core-engineering,1.0,2026-02-05T04:11:12.388054
UI/UX Developer,"397
            NextEra Energy Jobs","9,770",https://www.adzuna.com/land/ad/5515348804?se=-k8m9xYC8RGR1I5QTFlZ9Q&title=UI%2FUX_Developer&v=9483689990510EE57D592832A5CBA67E717496C9,Adzuna,core-engineering,1.0,2026-02-05T04:11:12.388054
"Senior Appian Developer UI/UX
                                        
                                        Guidehouse
                                    

                                    
                                        
                                            Development
                                        

                                        

                                        
                                        Featured
                                        20 days ago
                                        20 days ago
                                    
                                

                                
                                    
                                        
                                        USA
                                    
                                    
                                        
                                        Full-time
                                    
                                    
                                        
                                        Senior Level
                                    
                                    
                                        
                                        
                                    
                                    
                                        
                                        $130k-$216k per year
                                    

                                    

                                    
                                    
                                

                                
                                
                                    Guidehouse
                                    Featured
                                    20 days ago
                                    20 days ago",Unknown,Remote - North America,https://www.workingnomads.com/jobs/senior-appian-developer-uiux-guidehouse-1360964,Working Nomads,core-engineering,,2026-02-05T04:11:12.388054
"Market Development Executive - Consulting Services
                                        
                                        Insight
                                    

                                    
                                        
                                            Consulting
                                        

                                        

                                        
                                        Featured
                                        10 days ago
                                        10 days ago
                                    
                                

                                
                                    
                                        
                                        USA
                                    
                                    
                                        
                                        Full-time
                                    
                                    
                                        
                                        Senior Level
                                    
                                    
                                        
                                        
                                    
                                    
                                        
                                        $250k-$300k per year
                                    

                                    

                                    
                                    
                                

                                
                                
                                    Insight
                                    Featured
                                    10 days ago
                                    10 days ago",Unknown,Remote - North America,https://www.workingnomads.com/jobs/market-development-executive-consulting-services-insight-1383404,Working Nomads,core-engineering,,2026-02-05T04:11:12.388054
"Staff, Product Manager - AI/ML PLatform - Enterprise AI
                                        
                                        Twilio
                                    

                                    
                                        
                                            Management
                                        

                                        

                                        
                                        Featured
                                        24 days ago
                                        24 days ago
                                    
                                

                                
                                    
                                        
                                        USA
                                    
                                    
                                        
                                        Full-time
                                    
                                    
                                        
                                        Senior Level
                                    
                                    
                                        
                                        
                                    
                                    
                                        
                                        $152k-$224k per year
                                    

                                    

                                    
                                    
                                

                                
                                
                                    Twilio
                                    Featured
                                    24 days ago
                                    24 days ago",Unknown,Remote - North America,https://www.workingnomads.com/jobs/staff-product-manager-aiml-platform-enterprise-ai-twilio-1353058,Working Nomads,core-engineering,,2026-02-05T04:11:12.388054
"Unreal Engine C++ Programmer
                                        
                                        Epoch Games
                                    

                                    
                                        
                                            Development
                                        

                                        

                                        
                                        Featured
                                        21 days ago
                                        21 days ago
                                    
                                

                                
                                    
                                        
                                        USA
                                    
                                    
                                        
                                        Part-time
                                    
                                    
                                        
                                        Mid Level
                                    
                                    
                                        
                                        
                                    
                                    
                                        
                                        
                                    

                                    

                                    
                                    
                                

                                
                                
                                    Epoch Games
                                    Featured
                                    21 days ago
                                    21 days ago",Unknown,Remote - North America,https://www.workingnomads.com/jobs/unreal-engine-c-programmer-epoch-games-1359414,Working Nomads,core-engineering,,2026-02-05T04:11:12.388054
"Senior .NET Engineer - FinTech and AI Innovation
                                        
                                        Blackbaud
                                    

                                    
                                        
                                            Development
                                        

                                        

                                        
                                        Featured
                                        10 days ago
                                        10 days ago
                                    
                                

                                
                                    
                                        
                                        USA
                                    
                                    
                                        
                                        Full-time
                                    
                                    
                                        
                                        Senior Level
                                    
                                    
                                        
                                        
                                    
                                    
                                        
                                        $117k-$158k per year
                                    

                                    

                                    
                                    
                                

                                
                                
                                    Blackbaud
                                    Featured
                                    10 days ago
                                    10 days ago",Unknown,Remote - North America,https://www.workingnomads.com/jobs/senior-net-engineer-fintech-and-ai-innovation-blackbaud-1382819,Working Nomads,core-engineering,,2026-02-05T04:11:12.388054
"Staff - Product Manager (L4)
                                        
                                        Twilio
                                    

                                    
                                        
                                            Management
                                        

                                        

                                        
                                        Featured
                                        19 days ago
                                        19 days ago
                                    
                                

                                
                                    
                                        
                                        USA
                                    
                                    
                                        
                                        Full-time
                                    
                                    
                                        
                                        Senior Level
                                    
                                    
                                        
                                        
                                    
                                    
                                        
                                        $156k-$229k per year
                                    

                                    

                                    
                                    
                                

                                
                                
                                    Twilio
                                    Featured
                                    19 days ago
                                    19 days ago",Unknown,Remote - North America,https://www.workingnomads.com/jobs/staff-product-manager-l4-twilio-1365271,Working Nomads,core-engineering,,2026-02-05T04:11:12.388054
"Technical Product Manager
                                        
                                        NABIS
                                    

                                    
                                        
                                            Management
                                        

                                        

                                        
                                        Featured
                                        6 days ago
                                        6 days ago
                                    
                                

                                
                                    
                                        
                                        USA
                                    
                                    
                                        
                                        Full-time
                                    
                                    
                                        
                                        Mid Level
                                    
                                    
                                        
                                        
                                    
                                    
                                        
                                        
                                    

                                    

                                    
                                    
                                

                                
                                
                                    NABIS
                                    Featured
                                    6 days ago
                                    6 days ago",Unknown,Remote - North America,https://www.workingnomads.com/jobs/technical-product-manager-nabis-1389350,Working Nomads,core-engineering,,2026-02-05T04:11:12.388054
"Senior QA Tester I, Short-Term
                                        
                                        Demiurge Studios
                                    

                                    
                                        
                                            Development
                                        

                                        

                                        
                                        Featured
                                        19 days ago
                                        19 days ago
                                    
                                

                                
                                    
                                        
                                        USA
                                    
                                    
                                        
                                        Full-time
                                    
                                    
                                        
                                        Senior Level
                                    
                                    
                                        
                                        
                                    
                                    
                                        
                                        
                                    

                                    

                                    
                                    
                                

                                
                                
                                    Demiurge Studios
                                    Featured
                                    19 days ago
                                    19 days ago",Unknown,Remote - North America,https://www.workingnomads.com/jobs/senior-qa-tester-i-short-term-demiurge-studios,Working Nomads,core-engineering,,2026-02-05T04:11:12.388054
"Manager Application Development
                                        
                                        Insight
                                    

                                    
                                        
                                            Management
                                        

                                        

                                        
                                        Featured
                                        27 days ago
                                        27 days ago
                                    
                                

                                
                                    
                                        
                                        Canada
                                    
                                    
                                        
                                        Full-time
                                    
                                    
                                        
                                        Senior Level
                                    
                                    
                                        
                                        
                                    
                                    
                                        
                                        
                                    

                                    

                                    
                                    
                                

                                
                                
                                    Insight
                                    Featured
                                    27 days ago
                                    27 days ago",Unknown,Remote - North America,https://www.workingnomads.com/jobs/manager-application-development-insight,Working Nomads,core-engineering,,2026-02-05T04:11:12.388054
"Salesforce B2B Commerce Architect
                                        
                                        Aleysian
                                    

                                    
                                        
                                            Development
                                        

                                        

                                        
                                        Featured
                                        27 days ago
                                        27 days ago
                                    
                                

                                
                                    
                                        
                                        USA
                                    
                                    
                                        
                                        Full-time
                                    
                                    
                                        
                                        Senior Level
                                    
                                    
                                        
                                        
                                    
                                    
                                        
                                        $100k-$150k per year
                                    

                                    

                                    
                                    
                                

                                
                                
                                    Aleysian
                                    Featured
                                    27 days ago
                                    27 days ago",Unknown,Remote - North America,https://www.workingnomads.com/jobs/salesforce-b2b-commerce-architect-aleysian-1345730,Working Nomads,core-engineering,,2026-02-05T04:11:12.388054
"Lead/Staff Engineer - Software Engineering - Technical Lead
                                        
                                        FICO
                                    

                                    
                                        
                                            Development
                                        

                                        

                                        
                                        Featured
                                        4 days ago
                                        4 days ago
                                    
                                

                                
                                    
                                        
                                        USA
                                    
                                    
                                        
                                        Full-time
                                    
                                    
                                        
                                        Senior Level
                                    
                                    
                                        
                                        
                                    
                                    
                                        
                                        $119k-$187k per year
                                    

                                    

                                    
                                    
                                

                                
                                
                                    FICO
                                    Featured
                                    4 days ago
                                    4 days ago",Unknown,Remote - North America,https://www.workingnomads.com/jobs/leadstaff-engineer-software-engineering-technical-lead-fico,Working Nomads,core-engineering,,2026-02-05T04:11:12.388054
"Engineering Manager - Launch Readiness
                                        
                                        Netflix
                                    

                                    
                                        
                                            Management
                                        

                                        

                                        
                                        Featured
                                        10 days ago
                                        10 days ago
                                    
                                

                                
                                    
                                        
                                        USA
                                    
                                    
                                        
                                        Full-time
                                    
                                    
                                        
                                        Mid Level
                                    
                                    
                                        
                                        
                                    
                                    
                                        
                                        $436k-$710k per year
                                    

                                    

                                    
                                    
                                

                                
                                
                                    Netflix
                                    Featured
                                    10 days ago
                                    10 days ago",Unknown,Remote - North America,https://www.workingnomads.com/jobs/engineering-manager-launch-readiness-netflix,Working Nomads,core-engineering,,2026-02-05T04:11:12.388054
"Engineering Manager - Scaled Content Ingestion
                                        
                                        Netflix
                                    

                                    
                                        
                                            Management
                                        

                                        

                                        
                                        Featured
                                        11 days ago
                                        11 days ago
                                    
                                

                                
                                    
                                        
                                        USA
                                    
                                    
                                        
                                        Full-time
                                    
                                    
                                        
                                        Senior Level
                                    
                                    
                                        
                                        
                                    
                                    
                                        
                                        $436k-$710k per year
                                    

                                    

                                    
                                    
                                

                                
                                
                                    Netflix
                                    Featured
                                    11 days ago
                                    11 days ago",Unknown,Remote - North America,https://www.workingnomads.com/jobs/engineering-manager-scaled-content-ingestion-netflix,Working Nomads,core-engineering,,2026-02-05T04:11:12.388054
"Full-Stack Developer / Shopify Expert (eCommerce CRO Focus)
                                        
                                        Pearl West
                                    

                                    
                                        
                                            Development
                                        

                                        

                                        
                                        Featured
                                        24 days ago
                                        24 days ago
                                    
                                

                                
                                    
                                        
                                        USA
                                    
                                    
                                        
                                        Full-time
                                    
                                    
                                        
                                        Mid Level
                                    
                                    
                                        
                                        
                                    
                                    
                                        
                                        
                                    

                                    

                                    
                                    
                                

                                
                                
                                    Pearl West
                                    Featured
                                    24 days ago
                                    24 days ago",Unknown,Remote - North America,https://www.workingnomads.com/jobs/full-stack-developer-shopify-expert-ecommerce-cro-focus-pearl-west-1352580,Working Nomads,core-engineering,,2026-02-05T04:11:12.388054
"Solutions Consultant
                                        
                                        Figma
                                    

                                    
                                        
                                            Consulting
                                        

                                        

                                        
                                        Featured
                                        21 days ago
                                        21 days ago
                                    
                                

                                
                                    
                                        
                                        USA
                                    
                                    
                                        
                                        Full-time
                                    
                                    
                                        
                                        Senior Level
                                    
                                    
                                        
                                        
                                    
                                    
                                        
                                        $102k-$238k per year
                                    

                                    

                                    
                                    
                                

                                
                                
                                    Figma
                                    Featured
                                    21 days ago
                                    21 days ago",Unknown,Remote - North America,https://www.workingnomads.com/jobs/solutions-consultant-figma-1359052,Working Nomads,core-engineering,,2026-02-05T04:11:12.388054
"Manager, Mid-Market Sales
                                        
                                        Figma
                                    

                                    
                                        
                                            Sales
                                        

                                        

                                        
                                        Featured
                                        25 days ago
                                        25 days ago
                                    
                                

                                
                                    
                                        
                                        USA
                                    
                                    
                                        
                                        Full-time
                                    
                                    
                                        
                                        Senior Level
                                    
                                    
                                        
                                        
                                    
                                    
                                        
                                        $129k-$178k per year
                                    

                                    

                                    
                                    
                                

                                
                                
                                    Figma
                                    Featured
                                    25 days ago
                                    25 days ago",Unknown,Remote - North America,https://www.workingnomads.com/jobs/manager-mid-market-sales-figma-1350267,Working Nomads,core-engineering,,2026-02-05T04:11:12.388054
Senior Cloud Engineer,"397
            NextEra Energy Jobs","30,130",https://www.adzuna.com/land/ad/5604815527?se=dvDp4xcC8RGPitZTGfOutQ&title=Senior_Cloud_Engineer&v=5F7B2AA84EB3585FDE98F67F395DA4470D4E260F,Adzuna,cloud-devops,1.0,2026-02-05T04:11:12.388054
Cloud Engineer,"397
            NextEra Energy Jobs","30,130",https://www.adzuna.com/land/ad/5571413984?se=dvDp4xcC8RGPitZTGfOutQ&title=Cloud_Engineer&v=C645751660DE47C30DB48AB8A3BAC72A3DEFF2EC,Adzuna,cloud-devops,1.0,2026-02-05T04:11:12.388054
Cloud Engineer,"397
            NextEra Energy Jobs","30,130",https://www.adzuna.com/land/ad/5608322094?se=dvDp4xcC8RGPitZTGfOutQ&title=Cloud_Engineer&v=00EC44E49A34734C65BD5013B7862AFCB98E70C1,Adzuna,cloud-devops,1.0,2026-02-05T04:11:12.388054
Cloud Engineer,"397
            NextEra Energy Jobs","30,130",https://www.adzuna.com/land/ad/5596684165?se=dvDp4xcC8RGPitZTGfOutQ&title=Cloud_Engineer&v=E74BB2A1A37B91EBE5D30E173652B399F840794A,Adzuna,cloud-devops,1.0,2026-02-05T04:11:12.388054
Cloud Engineer,"397
            NextEra Energy Jobs","30,130",https://www.adzuna.com/land/ad/5611161204?se=dvDp4xcC8RGPitZTGfOutQ&title=Cloud_Engineer&v=B4619FD3F66EAC1ADE22669E3A76C9DF712832E4,Adzuna,cloud-devops,1.0,2026-02-05T04:11:12.388054
Cloud Engineer,"397
            NextEra Energy Jobs","30,130",https://www.adzuna.com/land/ad/5613628381?se=dvDp4xcC8RGPitZTGfOutQ&title=Cloud_Engineer&v=E6F9D0F238431644FD98C392B8EBF892B88588F7,Adzuna,cloud-devops,1.0,2026-02-05T04:11:12.388054
Azure Cloud Engineer,"397
            NextEra Energy Jobs","30,130",https://www.adzuna.com/land/ad/5611166329?se=dvDp4xcC8RGPitZTGfOutQ&title=Azure_Cloud_Engineer&v=62F86412432AD4080C9092CBB83C22EC859064C2,Adzuna,cloud-devops,1.0,2026-02-05T04:11:12.388054
"Vice President, Cloud Engineering","397
            NextEra Energy Jobs","30,130",https://www.adzuna.com/land/ad/5600897441?se=dvDp4xcC8RGPitZTGfOutQ&title=Vice_President%2C_Cloud_Engineering&v=A2AB31E30F292684E6A47CA5F3A45BEAE7BD8EAC,Adzuna,cloud-devops,1.0,2026-02-05T04:11:12.388054
Senior Cloud Engineer - Networking,"397
            NextEra Energy Jobs","30,130",https://www.adzuna.com/land/ad/5589245021?se=dvDp4xcC8RGPitZTGfOutQ&title=Senior_Cloud_Engineer_-_Networking&v=2B202356E5CD11B5133BA67C874F5C405330FBFB,Adzuna,cloud-devops,1.0,2026-02-05T04:11:12.388054
Staff Cloud Engineer - Networking,"397
            NextEra Energy Jobs","30,130",https://www.adzuna.com/land/ad/5591260800?se=dvDp4xcC8RGPitZTGfOutQ&title=Staff_Cloud_Engineer_-_Networking&v=851F23DA5E6D14029985DC5EF568ABAD9C247181,Adzuna,cloud-devops,1.0,2026-02-05T04:11:12.388054
"Cloud Engineer
                                        
                                        Atmosera
                                    

                                    
                                        
                                            System Administration
                                        

                                        

                                        
                                        Featured
                                        9 days ago
                                        9 days ago
                                    
                                

                                
                                    
                                        
                                        USA
                                    
                                    
                                        
                                        Full-time
                                    
                                    
                                        
                                        Senior Level
                                    
                                    
                                        
                                        
                                    
                                    
                                        
                                        $125k-$150k per year
                                    

                                    

                                    
                                    
                                

                                
                                
                                    Atmosera
                                    Featured
                                    9 days ago
                                    9 days ago",Unknown,Remote - North America,https://www.workingnomads.com/jobs/cloud-engineer-atmosera-1385102,Working Nomads,cloud-devops,,2026-02-05T04:11:12.388054
"Senior Cloud Engineer
                                        
                                        Zencore
                                    

                                    
                                        
                                            System Administration
                                        

                                        

                                        
                                        Featured
                                        18 days ago
                                        18 days ago
                                    
                                

                                
                                    
                                        
                                        USA
                                    
                                    
                                        
                                        Contract
                                    
                                    
                                        
                                        Senior Level
                                    
                                    
                                        
                                        
                                    
                                    
                                        
                                        
                                    

                                    

                                    
                                    
                                

                                
                                
                                    Zencore
                                    Featured
                                    18 days ago
                                    18 days ago",Unknown,Remote - North America,https://www.workingnomads.com/jobs/senior-cloud-engineer-zencore-1367193,Working Nomads,cloud-devops,,2026-02-05T04:11:12.388054
"Google Cloud Engineer
                                        
                                        PTP
                                    

                                    
                                        
                                            System Administration
                                        

                                        

                                        
                                        Featured
                                        26 days ago
                                        26 days ago
                                    
                                

                                
                                    
                                        
                                        USA
                                    
                                    
                                        
                                        Full-time
                                    
                                    
                                        
                                        Mid Level
                                    
                                    
                                        
                                        
                                    
                                    
                                        
                                        
                                    

                                    

                                    
                                    
                                

                                
                                
                                    PTP
                                    Featured
                                    26 days ago
                                    26 days ago",Unknown,Remote - North America,https://www.workingnomads.com/jobs/google-cloud-engineer-ptp-1349392,Working Nomads,cloud-devops,,2026-02-05T04:11:12.388054
"Cloud Engineering Manager
                                        
                                        Canonical
                                    

                                    
                                        
                                            Management
                                        

                                        

                                        
                                        Featured
                                        29 days ago
                                        29 days ago
                                    
                                

                                
                                    
                                        
                                        Anywhere
                                    
                                    
                                        
                                        Full-time
                                    
                                    
                                        
                                        Mid Level
                                    
                                    
                                        
                                        
                                    
                                    
                                        
                                        
                                    

                                    

                                    
                                    
                                

                                
                                
                                    Canonical
                                    Featured
                                    29 days ago
                                    29 days ago",Unknown,Remote - North America,https://www.workingnomads.com/jobs/cloud-engineering-manager-canonical-1342172,Working Nomads,cloud-devops,,2026-02-05T04:11:12.388054
"Principal Consultant - Cloud Engineer
                                        
                                        TTEC Digital
                                    

                                    
                                        
                                            Consulting
                                        

                                        

                                        
                                        Featured
                                        21 days ago
                                        21 days ago
                                    
                                

                                
                                    
                                        
                                        USA
                                    
                                    
                                        
                                        Full-time
                                    
                                    
                                        
                                        Senior Level
                                    
                                    
                                        
                                        
                                    
                                    
                                        
                                        $140k-$160k per year
                                    

                                    

                                    
                                    
                                

                                
                                
                                    TTEC Digital
                                    Featured
                                    21 days ago
                                    21 days ago",Unknown,Remote - North America,https://www.workingnomads.com/jobs/principal-consultant-cloud-engineer-ttec-digital,Working Nomads,cloud-devops,,2026-02-05T04:11:12.388054
"Sr. Cloud Engineer (Crossplane, ArgoCD)
                                        
                                        FICO
                                    

                                    
                                        
                                            System Administration
                                        

                                        

                                        
                                        Featured
                                        2 days ago
                                        2 days ago
                                    
                                

                                
                                    
                                        
                                        USA
                                    
                                    
                                        
                                        Full-time
                                    
                                    
                                        
                                        Senior Level
                                    
                                    
                                        
                                        
                                    
                                    
                                        
                                        $116k-$182k per year
                                    

                                    

                                    
                                    
                                

                                
                                
                                    FICO
                                    Featured
                                    2 days ago
                                    2 days ago",Unknown,Remote - North America,https://www.workingnomads.com/jobs/sr-cloud-engineer-crossplane-argocd-fico-1395289,Working Nomads,cloud-devops,,2026-02-05T04:11:12.388054
"Senior Engineering Manager - Cloud Engineering
                                        
                                        Mozilla
                                    

                                    
                                        
                                            Management
                                        

                                        

                                        
                                        Featured
                                        7 days ago
                                        7 days ago
                                    
                                

                                
                                    
                                        
                                        Canada
                                    
                                    
                                        
                                        Full-time
                                    
                                    
                                        
                                        Senior Level
                                    
                                    
                                        
                                        
                                    
                                    
                                        
                                        C$173k-C$278k per year
                                    

                                    

                                    
                                    
                                

                                
                                
                                    Mozilla
                                    Featured
                                    7 days ago
                                    7 days ago",Unknown,Remote - North America,https://www.workingnomads.com/jobs/senior-engineering-manager-cloud-engineering-mozilla-1387488,Working Nomads,cloud-devops,,2026-02-05T04:11:12.388054
"Senior Engineering Manager - Cloud Engineering
                                        
                                        Mozilla
                                    

                                    
                                        
                                            Management
                                        

                                        

                                        
                                        Featured
                                        7 days ago
                                        7 days ago
                                    
                                

                                
                                    
                                        
                                        USA
                                    
                                    
                                        
                                        Full-time
                                    
                                    
                                        
                                        Senior Level
                                    
                                    
                                        
                                        
                                    
                                    
                                        
                                        $184k-$314k per year
                                    

                                    

                                    
                                    
                                

                                
                                
                                    Mozilla
                                    Featured
                                    7 days ago
                                    7 days ago",Unknown,Remote - North America,https://www.workingnomads.com/jobs/senior-engineering-manager-cloud-engineering-mozilla-1387417,Working Nomads,cloud-devops,,2026-02-05T04:11:12.388054
"Senior Engineering Manager - Cloud Engineering
                                        
                                        Mozilla
                                    

                                    
                                        
                                            Management
                                        

                                        

                                        
                                        Featured
                                        7 days ago
                                        7 days ago
                                    
                                

                                
                                    
                                        
                                        Canada, UK
                                    
                                    
                                        
                                        Full-time
                                    
                                    
                                        
                                        Senior Level
                                    
                                    
                                        
                                        
                                    
                                    
                                        
                                        
                                    

                                    

                                    
                                    
                                

                                
                                
                                    Mozilla
                                    Featured
                                    7 days ago
                                    7 days ago",Unknown,Remote - North America,https://www.workingnomads.com/jobs/senior-engineering-manager-cloud-engineering-mozilla-1387407,Working Nomads,cloud-devops,,2026-02-05T04:11:12.388054
"Telco Cloud Engineer (5G, OpenRan, OpenStack, Python)
                                        
                                        Canonical
                                    

                                    
                                        
                                            Development
                                        

                                        

                                        
                                        Featured
                                        3 days ago
                                        3 days ago
                                    
                                

                                
                                    
                                        
                                        North America, Latin America
                                    
                                    
                                        
                                        Full-time
                                    
                                    
                                        
                                        Mid Level
                                    
                                    
                                        
                                        
                                    
                                    
                                        
                                        
                                    

                                    

                                    
                                    
                                

                                
                                
                                    Canonical
                                    Featured
                                    3 days ago
                                    3 days ago",Unknown,Remote - North America,https://www.workingnomads.com/jobs/telco-cloud-engineer-5g-openran-openstack-python-canonical-1394084,Working Nomads,cloud-devops,,2026-02-05T04:11:12.388054
"Principal Architect - Infrastructure
                                        
                                        Zencore
                                    

                                    
                                        
                                            System Administration
                                        

                                        

                                        
                                        Featured
                                        14 hours ago
                                        14 hours ago
                                    
                                

                                
                                    
                                        
                                        USA
                                    
                                    
                                        
                                        Full-time
                                    
                                    
                                        
                                        Senior Level
                                    
                                    
                                        
                                        
                                    
                                    
                                        
                                        
                                    

                                    

                                    
                                    
                                

                                
                                
                                    Zencore
                                    Featured
                                    14 hours ago
                                    14 hours ago",Unknown,Remote - North America,https://www.workingnomads.com/jobs/principal-architect-infrastructure-zencore-1398970,Working Nomads,cloud-devops,,2026-02-05T04:11:12.388054
"Senior DevOps Engineer AI- ML
                                        
                                        Donyati
                                    

                                    
                                        
                                            System Administration
                                        

                                        

                                        
                                        Featured
                                        20 days ago
                                        20 days ago
                                    
                                

                                
                                    
                                        
                                        USA
                                    
                                    
                                        
                                        Full-time
                                    
                                    
                                        
                                        Senior Level
                                    
                                    
                                        
                                        
                                    
                                    
                                        
                                        
                                    

                                    

                                    
                                    
                                

                                
                                
                                    Donyati
                                    Featured
                                    20 days ago
                                    20 days ago",Unknown,Remote - North America,https://www.workingnomads.com/jobs/senior-devops-engineer-ai-ml-donyati,Working Nomads,cloud-devops,,2026-02-05T04:11:12.388054
"Lead Product Engineer – .NET and AI Driven
                                        
                                        Green Dot Corporation
                                    

                                    
                                        
                                            Development
                                        

                                        

                                        
                                        Featured
                                        6 days ago
                                        6 days ago
                                    
                                

                                
                                    
                                        
                                        USA
                                    
                                    
                                        
                                        Full-time
                                    
                                    
                                        
                                        Senior Level
                                    
                                    
                                        
                                        
                                    
                                    
                                        
                                        $140k-$199k per year
                                    

                                    

                                    
                                    
                                

                                
                                
                                    Green Dot Corporation
                                    Featured
                                    6 days ago
                                    6 days ago",Unknown,Remote - North America,https://www.workingnomads.com/jobs/lead-product-engineer-net-and-ai-driven-green-dot-corporation-1389699,Working Nomads,cloud-devops,,2026-02-05T04:11:12.388054
"Lead Product Engineer – .NET and AI Driven
                                        
                                        Green Dot Corporation
                                    

                                    
                                        
                                            Development
                                        

                                        

                                        
                                        Featured
                                        6 days ago
                                        6 days ago
                                    
                                

                                
                                    
                                        
                                        USA
                                    
                                    
                                        
                                        Full-time
                                    
                                    
                                        
                                        Senior Level
                                    
                                    
                                        
                                        
                                    
                                    
                                        
                                        $140k-$199k per year
                                    

                                    

                                    
                                    
                                

                                
                                
                                    Green Dot Corporation
                                    Featured
                                    6 days ago
                                    6 days ago",Unknown,Remote - North America,https://www.workingnomads.com/jobs/lead-product-engineer-net-and-ai-driven-green-dot-corporation-1389584,Working Nomads,cloud-devops,,2026-02-05T04:11:12.388054
"Senior/Principal Software Engineer - Cloud
                                        
                                        Utilidata
                                    

                                    
                                        
                                            Development
                                        

                                        

                                        
                                        Featured
                                        29 days ago
                                        29 days ago
                                    
                                

                                
                                    
                                        
                                        USA
                                    
                                    
                                        
                                        Full-time
                                    
                                    
                                        
                                        Senior Level
                                    
                                    
                                        
                                        
                                    
                                    
                                        
                                        $155k-$185k per year
                                    

                                    

                                    
                                    
                                

                                
                                
                                    Utilidata
                                    Featured
                                    29 days ago
                                    29 days ago",Unknown,Remote - North America,https://www.workingnomads.com/jobs/seniorprincipal-software-engineer-cloud-utilidata-1340869,Working Nomads,cloud-devops,,2026-02-05T04:11:12.388054
"Engineering Manager - Managed Services
                                        
                                        Canonical
                                    

                                    
                                        
                                            Management
                                        

                                        

                                        
                                        Featured
                                        5 hours ago
                                        5 hours ago
                                    
                                

                                
                                    
                                        
                                        Anywhere
                                    
                                    
                                        
                                        Full-time
                                    
                                    
                                        
                                        Mid Level
                                    
                                    
                                        
                                        
                                    
                                    
                                        
                                        
                                    

                                    

                                    
                                    
                                

                                
                                
                                    Canonical
                                    Featured
                                    5 hours ago
                                    5 hours ago",Unknown,Remote - North America,https://www.workingnomads.com/jobs/engineering-manager-managed-services-canonical-1399700,Working Nomads,cloud-devops,,2026-02-05T04:11:12.388054
"OpenStack Engineering Manager
                                        
                                        Canonical
                                    

                                    
                                        
                                            Management
                                        

                                        

                                        
                                        Featured
                                        29 days ago
                                        29 days ago
                                    
                                

                                
                                    
                                        
                                        Anywhere
                                    
                                    
                                        
                                        Full-time
                                    
                                    
                                        
                                        Mid Level
                                    
                                    
                                        
                                        
                                    
                                    
                                        
                                        
                                    

                                    

                                    
                                    
                                

                                
                                
                                    Canonical
                                    Featured
                                    29 days ago
                                    29 days ago",Unknown,Remote - North America,https://www.workingnomads.com/jobs/openstack-engineering-manager-canonical-1342138,Working Nomads,cloud-devops,,2026-02-05T04:11:12.388054
"Senior Site Reliability Engineer
                                        
                                        ScienceLogic
                                    

                                    
                                        
                                            System Administration
                                        

                                        

                                        
                                        Featured
                                        11 days ago
                                        11 days ago
                                    
                                

                                
                                    
                                        
                                        USA
                                    
                                    
                                        
                                        Full-time
                                    
                                    
                                        
                                        Senior Level
                                    
                                    
                                        
                                        
                                    
                                    
                                        
                                        
                                    

                                    

                                    
                                    
                                

                                
                                
                                    ScienceLogic
                                    Featured
                                    11 days ago
                                    11 days ago",Unknown,Remote - North America,https://www.workingnomads.com/jobs/senior-site-reliability-engineer-sciencelogic-1381617,Working Nomads,cloud-devops,,2026-02-05T04:11:12.388054
"Senior Site Reliability Engineer - Observability
                                        
                                        ScienceLogic
                                    

                                    
                                        
                                            System Administration
                                        

                                        

                                        
                                        Featured
                                        9 days ago
                                        9 days ago
                                    
                                

                                
                                    
                                        
                                        USA
                                    
                                    
                                        
                                        Full-time
                                    
                                    
                                        
                                        Senior Level
                                    
                                    
                                        
                                        
                                    
                                    
                                        
                                        
                                    

                                    

                                    
                                    
                                

                                
                                
                                    ScienceLogic
                                    Featured
                                    9 days ago
                                    9 days ago",Unknown,Remote - North America,https://www.workingnomads.com/jobs/senior-site-reliability-engineer-observability-sciencelogic,Working Nomads,cloud-devops,,2026-02-05T04:11:12.388054
"DevOps Infrastructure Engineer
                                        
                                        labcorp
                                    

                                    
                                        
                                            System Administration
                                        

                                        

                                        
                                        Featured
                                        11 days ago
                                        11 days ago
                                    
                                

                                
                                    
                                        
                                        USA
                                    
                                    
                                        
                                        Full-time
                                    
                                    
                                        
                                        Mid Level
                                    
                                    
                                        
                                        
                                    
                                    
                                        
                                        $75k-$95k per year
                                    

                                    

                                    
                                    
                                

                                
                                
                                    labcorp
                                    Featured
                                    11 days ago
                                    11 days ago",Unknown,Remote - North America,https://www.workingnomads.com/jobs/devops-infrastructure-engineer-labcorp,Working Nomads,cloud-devops,,2026-02-05T04:11:12.388054
"Staff Software Engineer - IAM
                                        
                                        Mozilla
                                    

                                    
                                        
                                            Development
                                        

                                        

                                        
                                        Featured
                                        16 days ago
                                        16 days ago
                                    
                                

                                
                                    
                                        
                                        USA
                                    
                                    
                                        
                                        Full-time
                                    
                                    
                                        
                                        Senior Level
                                    
                                    
                                        
                                        
                                    
                                    
                                        
                                        $138k-$217k per year
                                    

                                    

                                    
                                    
                                

                                
                                
                                    Mozilla
                                    Featured
                                    16 days ago
                                    16 days ago",Unknown,Remote - North America,https://www.workingnomads.com/jobs/staff-software-engineer-iam-mozilla-1369372,Working Nomads,cloud-devops,,2026-02-05T04:11:12.388054
"Staff Software Engineer - IAM
                                        
                                        Mozilla
                                    

                                    
                                        
                                            Development
                                        

                                        

                                        
                                        Featured
                                        16 days ago
                                        16 days ago
                                    
                                

                                
                                    
                                        
                                        Canada
                                    
                                    
                                        
                                        Full-time
                                    
                                    
                                        
                                        Senior Level
                                    
                                    
                                        
                                        
                                    
                                    
                                        
                                        C$115k-C$170k per year
                                    

                                    

                                    
                                    
                                

                                
                                
                                    Mozilla
                                    Featured
                                    16 days ago
                                    16 days ago",Unknown,Remote - North America,https://www.workingnomads.com/jobs/staff-software-engineer-iam-mozilla-1369182,Working Nomads,cloud-devops,,2026-02-05T04:11:12.388054
"Staff Software Engineer - IAM
                                        
                                        Mozilla
                                    

                                    
                                        
                                            Development
                                        

                                        

                                        
                                        Featured
                                        16 days ago
                                        16 days ago
                                    
                                

                                
                                    
                                        
                                        UK, Canada
                                    
                                    
                                        
                                        Full-time
                                    
                                    
                                        
                                        Senior Level
                                    
                                    
                                        
                                        
                                    
                                    
                                        
                                        
                                    

                                    

                                    
                                    
                                

                                
                                
                                    Mozilla
                                    Featured
                                    16 days ago
                                    16 days ago",Unknown,Remote - North America,https://www.workingnomads.com/jobs/staff-software-engineer-iam-mozilla-1369174,Working Nomads,cloud-devops,,2026-02-05T04:11:12.388054
"Azure Solutions Architect
                                        
                                        Guidehouse
                                    

                                    
                                        
                                            Development
                                        

                                        

                                        
                                        Featured
                                        11 days ago
                                        11 days ago
                                    
                                

                                
                                    
                                        
                                        USA
                                    
                                    
                                        
                                        Full-time
                                    
                                    
                                        
                                        Senior Level
                                    
                                    
                                        
                                        
                                    
                                    
                                        
                                        $226k-$376k per year
                                    

                                    

                                    
                                    
                                

                                
                                
                                    Guidehouse
                                    Featured
                                    11 days ago
                                    11 days ago",Unknown,Remote - North America,https://www.workingnomads.com/jobs/azure-solutions-architect-guidehouse-1381902,Working Nomads,cloud-devops,,2026-02-05T04:11:12.388054
Monthly Social Media Management,Freelancer Client,Remote,https://www.freelancer.com/projects/social-media-management/monthly-social-media-management-40203867,Freelancer,cloud-devops,,2026-02-05T04:11:12.388054
College Application Guidance Needed -- 2,Freelancer Client,Remote,https://www.freelancer.com/projects/academic-advising/college-application-guidance-needed-40205439,Freelancer,cloud-devops,,2026-02-05T04:11:12.388054
Mobile Action/Adventure Game Development,Freelancer Client,Remote,https://www.freelancer.com/projects/ui-design/mobile-action-adventure-game-development,Freelancer,cloud-devops,,2026-02-05T04:11:12.388054
Apify Web Data Scraper,Freelancer Client,Remote,https://www.freelancer.com/projects/api/apify-web-data-scraper,Freelancer,cloud-devops,,2026-02-05T04:11:12.388054
Ikigai Skill Generator MVP,Freelancer Client,Remote,https://www.freelancer.com/projects/docker/ikigai-skill-generator-mvp,Freelancer,cloud-devops,,2026-02-05T04:11:12.388054
News Article & PR Distribution for Business / Founder,Freelancer Client,Remote,https://www.freelancer.com/projects/newsletters/news-article-distribution-for-business,Freelancer,cloud-devops,,2026-02-05T04:11:12.388054
Need Someone in USA for Letter Receipt & Scanning,Freelancer Client,Remote,https://www.freelancer.com/projects/photography/need-someone-usa-for-letter,Freelancer,cloud-devops,,2026-02-05T04:11:12.388054
E-Waste Financial Model Build,Freelancer Client,Remote,https://www.freelancer.com/projects/financial-modeling/waste-financial-model-build,Freelancer,cloud-devops,,2026-02-05T04:11:12.388054
Square Online Ordering Setup,Freelancer Client,Remote,https://www.freelancer.com/projects/ecommerce/square-online-ordering-setup,Freelancer,cloud-devops,,2026-02-05T04:11:12.388054
Traditional Shisa Tour T-Shirt,Freelancer Client,Remote,https://www.freelancer.com/contest/traditional-shisa-tour-tshirt-2697098,Freelancer,cloud-devops,,2026-02-05T04:11:12.388054
Soccer Recruitment Video Production,Freelancer Client,Remote,https://www.freelancer.com/projects/animation/soccer-recruitment-video-production,Freelancer,cloud-devops,,2026-02-05T04:11:12.388054
AWS Windows Server Migration,Freelancer Client,Remote,https://www.freelancer.com/projects/asp-net/aws-windows-server-migration,Freelancer,cloud-devops,,2026-02-05T04:11:12.388054
Laravel HR Recruitment Module,Freelancer Client,Remote,https://www.freelancer.com/projects/web-development/laravel-recruitment-module,Freelancer,cloud-devops,,2026-02-05T04:11:12.388054
Salesforce Data cloud Architect,"397
            NextEra Energy Jobs","11,132",https://www.adzuna.com/land/ad/5479268742?se=Mu7CzRgC8RGyw56S4EFBWg&title=Salesforce_Data_cloud_Architect&v=C630A9104092481DD6D7AC5C3364F4DE482C5235,Adzuna,cloud-devops,1.0,2026-02-05T04:11:12.388054
Salesforce Data Cloud Architect,"397
            NextEra Energy Jobs","11,132",https://www.adzuna.com/land/ad/5541016843?se=Mu7CzRgC8RGyw56S4EFBWg&title=Salesforce_Data_Cloud_Architect&v=76DE1C5710B75AF9A807F01A82643D6645913796,Adzuna,cloud-devops,1.0,2026-02-05T04:11:12.388054
Cloud Architect,"397
            NextEra Energy Jobs","11,132",https://www.adzuna.com/land/ad/5453060714?se=Mu7CzRgC8RGyw56S4EFBWg&title=Cloud_Architect&v=6B7BB60A58B15395E74330B9FEF0AFE068B9CE77,Adzuna,cloud-devops,1.0,2026-02-05T04:11:12.388054
Cloud Architect*,"397
            NextEra Energy Jobs","11,132",https://www.adzuna.com/land/ad/5588435620?se=Mu7CzRgC8RGyw56S4EFBWg&title=Cloud_Architect%2A&v=95274AB44E2FA87CCE48E6284045CB575C7BCA90,Adzuna,cloud-devops,1.0,2026-02-05T04:11:12.388054
Cloud Architect,"397
            NextEra Energy Jobs","11,132",https://www.adzuna.com/land/ad/5513743169?se=Mu7CzRgC8RGyw56S4EFBWg&title=Cloud_Architect&v=7FF295E12ACDD273A26028867087264C831E7F4E,Adzuna,cloud-devops,1.0,2026-02-05T04:11:12.388054
Cloud Architect,"397
            NextEra Energy Jobs","11,132",https://www.adzuna.com/land/ad/5556018038?se=Mu7CzRgC8RGyw56S4EFBWg&title=Cloud_Architect&v=2F0734F64B9777E73C4EF60B5D5B6859B6D918E2,Adzuna,cloud-devops,1.0,2026-02-05T04:11:12.388054
Cloud Architect,"397
            NextEra Energy Jobs","11,132",https://www.adzuna.com/land/ad/5560561624?se=Mu7CzRgC8RGyw56S4EFBWg&title=Cloud_Architect&v=8743D8A56DC7B34000FD7E29855DBF83037DE269,Adzuna,cloud-devops,1.0,2026-02-05T04:11:12.388054
Salesforce CX Cloud Architect,"397
            NextEra Energy Jobs","11,132",https://www.adzuna.com/land/ad/5611876336?se=Mu7CzRgC8RGyw56S4EFBWg&title=Salesforce_CX_Cloud_Architect&v=9C2547CA5D679A62F0F28DCD4F27B8B86C9298CC,Adzuna,cloud-devops,1.0,2026-02-05T04:11:12.388054
Cloud Architect with Security Clearance,"397
            NextEra Energy Jobs","11,132",https://www.adzuna.com/land/ad/5607068479?se=Mu7CzRgC8RGyw56S4EFBWg&title=Cloud_Architect_with_Security_Clearance&v=7F6CBD778176E47678652602A02F6CF79FBD99E5,Adzuna,cloud-devops,1.0,2026-02-05T04:11:12.388054
Senior Principal Java/C++ Cloud Architect (Onsite),"397
            NextEra Energy Jobs","11,132",https://www.adzuna.com/land/ad/5599845225?se=Mu7CzRgC8RGyw56S4EFBWg&title=Senior_Principal_Java%2FC%2B%2B_Cloud_Architect_%28Onsite%29&v=A706D0AF34DAF6BC3E6BE65C887FA3954180DB76,Adzuna,cloud-devops,1.0,2026-02-05T04:11:12.388054
AWS Cloud Architect,You can cancel email alerts any time.,United States,https://www.nexxt.com/jobs/job/view?url=https%3a%2f%2fwww.nexxt.com%2ft%3ftcid%3d83193%26ttid%3d2%26zid%3d585%26rtid%3d1%26rid%3d3138781419%26bydrpc%3d%26red%3dhttps%253a%252f%252fclick.appcast.io%252ft%252fEGq7LUFwLMbILbKtmXPwAP687dzynvauwxNVFJ3zCFuffPqJoPTsU10rxcPd-SbA%26src%3d626,Nexxt,cloud-devops,,2026-02-05T04:11:12.388054
Cloud Architect,Unknown,United States,https://www.nexxt.com/jobs/job/view?url=https%3a%2f%2fwww.nexxt.com%2ft%3ftcid%3d83193%26ttid%3d2%26zid%3d585%26rtid%3d1%26rid%3d3103942562%26bydrpc%3d%26red%3dhttps%253a%252f%252fclick.appcast.io%252ft%252fKWMb3cBx2blXwSvAQLcHmOiZKfkJpMdGFLLRyQc0BSv9GJu5-dAOff-h8LlaPvMs%26src%3d626,Nexxt,cloud-devops,,2026-02-05T04:11:12.388054
"Manager, Cloud Architect",Unknown,United States,https://www.nexxt.com/jobs/job/view?url=https%3a%2f%2fwww.nexxt.com%2ft%3ftcid%3d83193%26ttid%3d2%26zid%3d585%26rtid%3d1%26rid%3d3143363163%26bydrpc%3d%26red%3dhttps%253a%252f%252fclick.appcast.io%252ft%252fY0fTrxYWhAP_ButZtZ0JDr8M2kXDp45hkU3zPzjCrXehoI-JyIhcS304fNqANPdy%26src%3d626,Nexxt,cloud-devops,,2026-02-05T04:11:12.388054
"Manager, Cloud Architect",Unknown,United States,https://www.nexxt.com/jobs/job/view?url=https%3a%2f%2fwww.nexxt.com%2ft%3ftcid%3d83193%26ttid%3d2%26zid%3d585%26rtid%3d1%26rid%3d3143374287%26bydrpc%3d%26red%3dhttps%253a%252f%252fclick.appcast.io%252ft%252ftXl1RNmrwHYMKC5mdM0nlxVLlnmUt2ZB-N7WZBijnLjsVoLiv9iZcRnF6xkVY5YQ%26src%3d626,Nexxt,cloud-devops,,2026-02-05T04:11:12.388054
"Manager, Cloud Architect",Unknown,United States,https://www.nexxt.com/jobs/job/view?url=https%3a%2f%2fwww.nexxt.com%2ft%3ftcid%3d83193%26ttid%3d2%26zid%3d585%26rtid%3d1%26rid%3d3143363151%26bydrpc%3d%26red%3dhttps%253a%252f%252fclick.appcast.io%252ft%252fRG0yX4sMlNjrakyjf_VHW1BlFxBeHyq9qBXIkdpaZ1a7rLOU8FbUt_5fsMCrALQ_%26src%3d626,Nexxt,cloud-devops,,2026-02-05T04:11:12.388054
"Manager, Cloud Architect",Unknown,United States,https://www.nexxt.com/jobs/job/view?url=https%3a%2f%2fwww.nexxt.com%2ft%3ftcid%3d83193%26ttid%3d2%26zid%3d585%26rtid%3d1%26rid%3d3143362416%26bydrpc%3d%26red%3dhttps%253a%252f%252fclick.appcast.io%252ft%252fGKAlYFsRnR7fA0E8mjy6utt1McqTrr4ImDdkLHECyAUfNvGBgiE42adXYDSM9svG%26src%3d626,Nexxt,cloud-devops,,2026-02-05T04:11:12.388054
Google Cloud Architect,Unknown,United States,https://www.nexxt.com/jobs/job/view?url=https%3a%2f%2fwww.nexxt.com%2ft%3ftcid%3d83193%26ttid%3d2%26zid%3d585%26rtid%3d1%26rid%3d3140214054%26bydrpc%3d%26red%3dhttps%253a%252f%252fclick.appcast.io%252ft%252fln_VxjUC1jeXRX_06b6e6c7qYytdejN8RvqsiSstsL6YVl1Gyi6l7vVykSrXmQ74%26src%3d626,Nexxt,cloud-devops,,2026-02-05T04:11:12.388054
GDI - Cloud Architect,Unknown,United States,https://www.nexxt.com/jobs/job/view?url=https%3a%2f%2fwww.nexxt.com%2ft%3ftcid%3d83193%26ttid%3d2%26zid%3d585%26rtid%3d1%26rid%3d3140210012%26bydrpc%3d%26red%3dhttps%253a%252f%252fclick.appcast.io%252ft%252f4DjQTFP3SsFBsdEMxWUEn1_Uq-_m7AEu3BiYyoB3nqu1Pv7gKEs3jgosxL1zrvAR%26src%3d626,Nexxt,cloud-devops,,2026-02-05T04:11:12.388054
Kafka Cloud Architect,Unknown,United States,https://www.nexxt.com/jobs/job/view?url=https%3a%2f%2fwww.nexxt.com%2ft%3ftcid%3d83193%26ttid%3d2%26zid%3d585%26rtid%3d1%26rid%3d3134811349%26bydrpc%3d%26red%3dhttps%253a%252f%252fclick.appcast.io%252ft%252fLCae4fgLclHaWAcw0r0ZMrVD9CH9rxN9zc4Gc_ujcPlX8qbaWLhhxUd8e69hVSLS%26src%3d626,Nexxt,cloud-devops,,2026-02-05T04:11:12.388054
Solutions Architect,Unknown,United States,https://www.nexxt.com/jobs/solutions-architect-new-york-ny-3132214398-job.html,Nexxt,cloud-devops,,2026-02-05T04:11:12.388054
AWS Cloud architect with Payment Domain Exp,Unknown,United States,https://www.nexxt.com/jobs/job/view?url=https%3a%2f%2fwww.nexxt.com%2ft%3ftcid%3d83193%26ttid%3d2%26zid%3d585%26rtid%3d1%26rid%3d3119549016%26bydrpc%3d%26red%3dhttps%253a%252f%252fclick.appcast.io%252ft%252fyXfrP2YcuUG3wP9ilui-WS9mBFQwvNDDkTIRcDznI-9TX5Visy7Ag_FWG7IIizY5%26src%3d626,Nexxt,cloud-devops,,2026-02-05T04:11:12.388054
Senior Cloud Architect (Hybrid),Unknown,United States,https://www.nexxt.com/jobs/job/view?url=https%3a%2f%2fwww.nexxt.com%2ft%3ftcid%3d83193%26ttid%3d2%26zid%3d585%26rtid%3d1%26rid%3d3126466348%26bydrpc%3d%26red%3dhttps%253a%252f%252fclick.appcast.io%252ft%252fH5JTFOs8ltypFkVDTmuAIJ_yZiJ_LJHU6GYeFLMzK12bLNDFlDEfeW_hVpHBuyGc%26src%3d626,Nexxt,cloud-devops,,2026-02-05T04:11:12.388054
Cloud Architect,Unknown,United States,https://www.nexxt.com/jobs/job/view?url=https%3a%2f%2fwww.nexxt.com%2ft%3ftcid%3d83193%26ttid%3d2%26zid%3d585%26rtid%3d1%26rid%3d3055013497%26bydrpc%3d%26red%3dhttps%253a%252f%252fclick.appcast.io%252ft%252fozJt9u4Llab6g1VKAbDZHXyC0xN0v9gcnyu_6XaN1xlDXPJDWEfBMS1fkp2tOWLs%26src%3d626,Nexxt,cloud-devops,,2026-02-05T04:11:12.388054
Cloud Architect,Unknown,United States,https://www.nexxt.com/jobs/job/view?url=https%3a%2f%2fwww.nexxt.com%2ft%3ftcid%3d83193%26ttid%3d2%26zid%3d585%26rtid%3d1%26rid%3d3054999643%26bydrpc%3d%26red%3dhttps%253a%252f%252fclick.appcast.io%252ft%252ftOfRfxhIIvjvICcioG3ogO38zjOwSQdNJ03AsTjEJW8n08nGCn7tjgoLg7yts54o%26src%3d626,Nexxt,cloud-devops,,2026-02-05T04:11:12.388054
Cloud Architect,Unknown,United States,https://www.nexxt.com/jobs/job/view?url=https%3a%2f%2fwww.nexxt.com%2ft%3ftcid%3d83193%26ttid%3d2%26zid%3d585%26rtid%3d1%26rid%3d3055030482%26bydrpc%3d%26red%3dhttps%253a%252f%252fclick.appcast.io%252ft%252f8ZuTIw_WBUUCNTRiCeEp_7-kmNVOIdC_mij5ph_Trbv7xYwjrO32B6JXsaWRvK8E%26src%3d626,Nexxt,cloud-devops,,2026-02-05T04:11:12.388054
Cloud Architect,Unknown,United States,https://www.nexxt.com/jobs/job/view?url=https%3a%2f%2fwww.nexxt.com%2ft%3ftcid%3d83193%26ttid%3d2%26zid%3d585%26rtid%3d1%26rid%3d3055013499%26bydrpc%3d%26red%3dhttps%253a%252f%252fclick.appcast.io%252ft%252fo0xhoehAwBTLLUsmLV1ZQ5J8kpnVdD2BiBScK3axZcZ4wiuGFT9GdHiX03qSDs5B%26src%3d626,Nexxt,cloud-devops,,2026-02-05T04:11:12.388054
Storage/Backup/Cloud Architect,Unknown,United States,https://www.nexxt.com/jobs/job/view?url=https%3a%2f%2fwww.nexxt.com%2ft%3ftcid%3d83193%26ttid%3d2%26zid%3d585%26rtid%3d1%26rid%3d3134823372%26bydrpc%3d%26red%3dhttps%253a%252f%252fclick.appcast.io%252ft%252ftSnDzmANQLpEnYC4Rp8NGC3yKiEXGFo1Nm9q1ReOOgK4c8yUb7fPCwedv8SJKqXt%26src%3d626,Nexxt,cloud-devops,,2026-02-05T04:11:12.388054
D365 Cloud Architect,Unknown,United States,https://www.nexxt.com/jobs/job/view?url=https%3a%2f%2fwww.nexxt.com%2ft%3ftcid%3d83193%26ttid%3d2%26zid%3d585%26rtid%3d1%26rid%3d3106272575%26bydrpc%3d%26red%3dhttps%253a%252f%252fclick.appcast.io%252ft%252fqpNJAwa4Myn4KNxfgNuIWuPJbG1lFoj_t0Eh2DGiHeIJyPIa_BVVH04iyzjV255-%26src%3d626,Nexxt,cloud-devops,,2026-02-05T04:11:12.388054
Master Principal Cloud Architect,Unknown,United States,https://www.nexxt.com/jobs/job/view?url=https%3a%2f%2fwww.nexxt.com%2ft%3ftcid%3d83193%26ttid%3d2%26zid%3d585%26rtid%3d1%26rid%3d3124067884%26bydrpc%3d%26red%3dhttps%253a%252f%252fclick.appcast.io%252ft%252fKLq0-ssVeJsNHAht3bmvZDc-ZInwtBxSEYV0t96E-If17HTTL5vSk49eTKtFQGkd%26src%3d626,Nexxt,cloud-devops,,2026-02-05T04:11:12.388054
Cloud Architect,Unknown,United States,https://www.nexxt.com/jobs/job/view?url=https%3a%2f%2fwww.nexxt.com%2ft%3ftcid%3d83193%26ttid%3d2%26zid%3d585%26rtid%3d1%26rid%3d3021801724%26bydrpc%3d%26red%3dhttps%253a%252f%252fclick.appcast.io%252ft%252fD3UeiN4-ispkUc-tQ7jpWH5Yn6YTWDo5Yh44RlXMTLQe8RjsJ-j97yTtP4g6Fnfn%26src%3d626,Nexxt,cloud-devops,,2026-02-05T04:11:12.388054
"Engineering Manager (Cloud Architecture Tooling & Security)
                                        
                                        Netflix
                                    

                                    
                                        
                                            Management
                                        

                                        

                                        
                                        Featured
                                        5 days ago
                                        5 days ago
                                    
                                

                                
                                    
                                        
                                        USA
                                    
                                    
                                        
                                        Full-time
                                    
                                    
                                        
                                        Senior Level
                                    
                                    
                                        
                                        
                                    
                                    
                                        
                                        $510k-$752k per year
                                    

                                    

                                    
                                    
                                

                                
                                
                                    Netflix
                                    Featured
                                    5 days ago
                                    5 days ago",Unknown,Remote - North America,https://www.workingnomads.com/jobs/engineering-manager-cloud-architecture-tooling-security-netflix,Working Nomads,cloud-devops,,2026-02-05T04:11:12.388054
"Cloud Platform Architect
                                        
                                        Bugcrowd
                                    

                                    
                                        
                                            System Administration
                                        

                                        

                                        
                                        Featured
                                        23 days ago
                                        23 days ago
                                    
                                

                                
                                    
                                        
                                        USA
                                    
                                    
                                        
                                        Full-time
                                    
                                    
                                        
                                        Senior Level
                                    
                                    
                                        
                                        
                                    
                                    
                                        
                                        $157k-$196k per year
                                    

                                    

                                    
                                    
                                

                                
                                
                                    Bugcrowd
                                    Featured
                                    23 days ago
                                    23 days ago",Unknown,Remote - North America,https://www.workingnomads.com/jobs/cloud-platform-architect-bugcrowd-1353759,Working Nomads,cloud-devops,,2026-02-05T04:11:12.388054
"Google Cloud Solution Architect
                                        
                                        PTP
                                    

                                    
                                        
                                            System Administration
                                        

                                        

                                        
                                        Featured
                                        26 days ago
                                        26 days ago
                                    
                                

                                
                                    
                                        
                                        USA
                                    
                                    
                                        
                                        Full-time
                                    
                                    
                                        
                                        Senior Level
                                    
                                    
                                        
                                        
                                    
                                    
                                        
                                        
                                    

                                    

                                    
                                    
                                

                                
                                
                                    PTP
                                    Featured
                                    26 days ago
                                    26 days ago",Unknown,Remote - North America,https://www.workingnomads.com/jobs/google-cloud-solution-architect-ptp-1349404,Working Nomads,cloud-devops,,2026-02-05T04:11:12.388054
"Senior Software Engineer Team Lead (.NET / C#)
                                        
                                        Bellwood Labs
                                    

                                    
                                        
                                            Development
                                        

                                        

                                        
                                        Featured
                                        19 days ago
                                        19 days ago
                                    
                                

                                
                                    
                                        
                                        Canada
                                    
                                    
                                        
                                        Full-time
                                    
                                    
                                        
                                        Senior Level
                                    
                                    
                                        
                                        
                                    
                                    
                                        
                                        
                                    

                                    

                                    
                                    
                                

                                
                                
                                    Bellwood Labs
                                    Featured
                                    19 days ago
                                    19 days ago",Unknown,Remote - North America,https://www.workingnomads.com/jobs/senior-software-engineer-team-lead-net-c-bellwood-labs-1365302,Working Nomads,cloud-devops,,2026-02-05T04:11:12.388054
"Senior Software Engineer Team Lead (.NET / C#)
                                        
                                        Bellwood Labs
                                    

                                    
                                        
                                            Development
                                        

                                        

                                        
                                        Featured
                                        20 days ago
                                        20 days ago
                                    
                                

                                
                                    
                                        
                                        USA
                                    
                                    
                                        
                                        Full-time
                                    
                                    
                                        
                                        Senior Level
                                    
                                    
                                        
                                        
                                    
                                    
                                        
                                        
                                    

                                    

                                    
                                    
                                

                                
                                
                                    Bellwood Labs
                                    Featured
                                    20 days ago
                                    20 days ago",Unknown,Remote - North America,https://www.workingnomads.com/jobs/senior-software-engineer-team-lead-net-c-bellwood-labs-1363100,Working Nomads,cloud-devops,,2026-02-05T04:11:12.388054
"Senior Software Engineer | Cloud Services
                                        
                                        ExtraHop
                                    

                                    
                                        
                                            Development
                                        

                                        

                                        
                                        Featured
                                        23 days ago
                                        23 days ago
                                    
                                

                                
                                    
                                        
                                        USA
                                    
                                    
                                        
                                        Full-time
                                    
                                    
                                        
                                        Senior Level
                                    
                                    
                                        
                                        
                                    
                                    
                                        
                                        $160k-$180k per year
                                    

                                    

                                    
                                    
                                

                                
                                
                                    ExtraHop
                                    Featured
                                    23 days ago
                                    23 days ago",Unknown,Remote - North America,https://www.workingnomads.com/jobs/senior-software-engineer-cloud-services-extrahop-1355953,Working Nomads,cloud-devops,,2026-02-05T04:11:12.388054
"Senior Network Engineer - Corporate IT
                                        
                                        Dropbox
                                    

                                    
                                        
                                            System Administration
                                        

                                        

                                        
                                        Featured
                                        27 days ago
                                        27 days ago
                                    
                                

                                
                                    
                                        
                                        Canada
                                    
                                    
                                        
                                        Full-time
                                    
                                    
                                        
                                        Senior Level
                                    
                                    
                                        
                                        
                                    
                                    
                                        
                                        C$173k-C$233k per year
                                    

                                    

                                    
                                    
                                

                                
                                
                                    Dropbox
                                    Featured
                                    27 days ago
                                    27 days ago",Unknown,Remote - North America,https://www.workingnomads.com/jobs/senior-network-engineer-corporate-it-dropbox-1346668,Working Nomads,cloud-devops,,2026-02-05T04:11:12.388054
"Senior Network Engineer - Corporate IT
                                        
                                        Dropbox
                                    

                                    
                                        
                                            System Administration
                                        

                                        

                                        
                                        Featured
                                        27 days ago
                                        27 days ago
                                    
                                

                                
                                    
                                        
                                        USA
                                    
                                    
                                        
                                        Full-time
                                    
                                    
                                        
                                        Senior Level
                                    
                                    
                                        
                                        
                                    
                                    
                                        
                                        $180k-$274k per year
                                    

                                    

                                    
                                    
                                

                                
                                
                                    Dropbox
                                    Featured
                                    27 days ago
                                    27 days ago",Unknown,Remote - North America,https://www.workingnomads.com/jobs/senior-network-engineer-corporate-it-dropbox,Working Nomads,cloud-devops,,2026-02-05T04:11:12.388054
"Cloud Computing Specialist - SME
                                        
                                        Nationwide IT Services
                                    

                                    
                                        
                                            System Administration
                                        

                                        

                                        
                                        Featured
                                        28 days ago
                                        28 days ago
                                    
                                

                                
                                    
                                        
                                        USA
                                    
                                    
                                        
                                        Full-time
                                    
                                    
                                        
                                        Senior Level
                                    
                                    
                                        
                                        
                                    
                                    
                                        
                                        
                                    

                                    

                                    
                                    
                                

                                
                                
                                    Nationwide IT Services
                                    Featured
                                    28 days ago
                                    28 days ago",Unknown,Remote - North America,https://www.workingnomads.com/jobs/cloud-computing-specialist-sme-nationwide-it-services,Working Nomads,cloud-devops,,2026-02-05T04:11:12.388054
"Machine Learning Solutions Architect
                                        
                                        phData
                                    

                                    
                                        
                                            Development
                                        

                                        

                                        
                                        Featured
                                        11 days ago
                                        11 days ago
                                    
                                

                                
                                    
                                        
                                        USA
                                    
                                    
                                        
                                        Full-time
                                    
                                    
                                        
                                        Senior Level
                                    
                                    
                                        
                                        
                                    
                                    
                                        
                                        
                                    

                                    

                                    
                                    
                                

                                
                                
                                    phData
                                    Featured
                                    11 days ago
                                    11 days ago",Unknown,Remote - North America,https://www.workingnomads.com/jobs/machine-learning-solutions-architect-phdata-1382423,Working Nomads,cloud-devops,,2026-02-05T04:11:12.388054
"Managed Services AWS Software Developer (Typescript/Node.js)
                                        
                                        TTEC Digital
                                    

                                    
                                        
                                            System Administration
                                        

                                        

                                        
                                        Featured
                                        18 days ago
                                        18 days ago
                                    
                                

                                
                                    
                                        
                                        USA
                                    
                                    
                                        
                                        Full-time
                                    
                                    
                                        
                                        Senior Level
                                    
                                    
                                        
                                        
                                    
                                    
                                        
                                        $95k-$115k per year
                                    

                                    

                                    
                                    
                                

                                
                                
                                    TTEC Digital
                                    Featured
                                    18 days ago
                                    18 days ago",Unknown,Remote - North America,https://www.workingnomads.com/jobs/managed-services-aws-software-developer-typescriptnodejs-ttec-digital-1367171,Working Nomads,cloud-devops,,2026-02-05T04:11:12.388054
"Engineering Manager - Infrastructure
                                        
                                        Apollo.io
                                    

                                    
                                        
                                            Management
                                        

                                        

                                        
                                        Featured
                                        9 days ago
                                        9 days ago
                                    
                                

                                
                                    
                                        
                                        USA, Canada
                                    
                                    
                                        
                                        Full-time
                                    
                                    
                                        
                                        Senior Level
                                    
                                    
                                        
                                        
                                    
                                    
                                        
                                        $195k-$285k per year
                                    

                                    

                                    
                                    
                                

                                
                                
                                    Apollo.io
                                    Featured
                                    9 days ago
                                    9 days ago",Unknown,Remote - North America,https://www.workingnomads.com/jobs/engineering-manager-infrastructure-apolloio-1385021,Working Nomads,cloud-devops,,2026-02-05T04:11:12.388054
"Staff Data Engineer - Data Platform
                                        
                                        Postscript
                                    

                                    
                                        
                                            Development
                                        

                                        

                                        
                                        Featured
                                        20 days ago
                                        20 days ago
                                    
                                

                                
                                    
                                        
                                        USA
                                    
                                    
                                        
                                        Full-time
                                    
                                    
                                        
                                        Senior Level
                                    
                                    
                                        
                                        
                                    
                                    
                                        
                                        $200k-$235k per year
                                    

                                    

                                    
                                    
                                

                                
                                
                                    Postscript
                                    Featured
                                    20 days ago
                                    20 days ago",Unknown,Remote - North America,https://www.workingnomads.com/jobs/staff-data-engineer-data-platform-postscript-1360851,Working Nomads,cloud-devops,,2026-02-05T04:11:12.388054
"Principal Solutions Architect
                                        
                                        GitLab
                                    

                                    
                                        
                                            Consulting
                                        

                                        

                                        
                                        Featured
                                        28 days ago
                                        28 days ago
                                    
                                

                                
                                    
                                        
                                        USA, Canada
                                    
                                    
                                        
                                        Full-time
                                    
                                    
                                        
                                        Senior Level
                                    
                                    
                                        
                                        
                                    
                                    
                                        
                                        $139k-$297k per year
                                    

                                    

                                    
                                    
                                

                                
                                
                                    GitLab
                                    Featured
                                    28 days ago
                                    28 days ago",Unknown,Remote - North America,https://www.workingnomads.com/jobs/principal-solutions-architect-gitlab-1344954,Working Nomads,cloud-devops,,2026-02-05T04:11:12.388054
"Software Engineer (L5) - Open Connect Platform
                                        
                                        Netflix
                                    

                                    
                                        
                                            Development
                                        

                                        

                                        
                                        Featured
                                        4 days ago
                                        4 days ago
                                    
                                

                                
                                    
                                        
                                        USA
                                    
                                    
                                        
                                        Full-time
                                    
                                    
                                        
                                        Senior Level
                                    
                                    
                                        
                                        
                                    
                                    
                                        
                                        
                                    

                                    

                                    
                                    
                                

                                
                                
                                    Netflix
                                    Featured
                                    4 days ago
                                    4 days ago",Unknown,Remote - North America,https://www.workingnomads.com/jobs/software-engineer-l5-open-connect-platform-netflix-1392991,Working Nomads,cloud-devops,,2026-02-05T04:11:12.388054
"Lead Security Analyst - Cloud & Endpoint Incident Response
                                        
                                        HubSpot
                                    

                                    
                                        
                                            System Administration
                                        

                                        

                                        
                                        Featured
                                        20 days ago
                                        20 days ago
                                    
                                

                                
                                    
                                        
                                        USA
                                    
                                    
                                        
                                        Full-time
                                    
                                    
                                        
                                        Senior Level
                                    
                                    
                                        
                                        
                                    
                                    
                                        
                                        $131k-$209k per year
                                    

                                    

                                    
                                    
                                

                                
                                
                                    HubSpot
                                    Featured
                                    20 days ago
                                    20 days ago",Unknown,Remote - North America,https://www.workingnomads.com/jobs/lead-security-analyst-cloud-endpoint-incident-response-hubspot,Working Nomads,cloud-devops,,2026-02-05T04:11:12.388054
"Client Executive
                                        
                                        Atmosera
                                    

                                    
                                        
                                            Sales
                                        

                                        

                                        
                                        Featured
                                        24 days ago
                                        24 days ago
                                    
                                

                                
                                    
                                        
                                        USA
                                    
                                    
                                        
                                        Full-time
                                    
                                    
                                        
                                        Senior Level
                                    
                                    
                                        
                                        
                                    
                                    
                                        
                                        $125k-$150k per year
                                    

                                    

                                    
                                    
                                

                                
                                
                                    Atmosera
                                    Featured
                                    24 days ago
                                    24 days ago",Unknown,Remote - North America,https://www.workingnomads.com/jobs/client-executive-atmosera-1353504,Working Nomads,cloud-devops,,2026-02-05T04:11:12.388054
"Senior Client Executive
                                        
                                        Atmosera
                                    

                                    
                                        
                                            Sales
                                        

                                        

                                        
                                        Featured
                                        25 days ago
                                        25 days ago
                                    
                                

                                
                                    
                                        
                                        USA
                                    
                                    
                                        
                                        Full-time
                                    
                                    
                                        
                                        Senior Level
                                    
                                    
                                        
                                        
                                    
                                    
                                        
                                        $150k-$175k per year
                                    

                                    

                                    
                                    
                                

                                
                                
                                    Atmosera
                                    Featured
                                    25 days ago
                                    25 days ago",Unknown,Remote - North America,https://www.workingnomads.com/jobs/senior-client-executive-atmosera-1351368,Working Nomads,cloud-devops,,2026-02-05T04:11:12.388054
"Senior Director of Information Security
                                        
                                        Netwrix
                                    

                                    
                                        
                                            Management
                                        

                                        

                                        
                                        Featured
                                        29 days ago
                                        29 days ago
                                    
                                

                                
                                    
                                        
                                        USA
                                    
                                    
                                        
                                        Full-time
                                    
                                    
                                        
                                        Senior Level
                                    
                                    
                                        
                                        
                                    
                                    
                                        
                                        
                                    

                                    

                                    
                                    
                                

                                
                                
                                    Netwrix
                                    Featured
                                    29 days ago
                                    29 days ago",Unknown,Remote - North America,https://www.workingnomads.com/jobs/senior-director-of-information-security-netwrix-1341741,Working Nomads,cloud-devops,,2026-02-05T04:11:12.388054
"Staff Security Engineer
                                        
                                        Modern Health
                                    

                                    
                                        
                                            System Administration
                                        

                                        

                                        
                                        Featured
                                        10 days ago
                                        10 days ago
                                    
                                

                                
                                    
                                        
                                        USA
                                    
                                    
                                        
                                        Full-time
                                    
                                    
                                        
                                        Senior Level
                                    
                                    
                                        
                                        
                                    
                                    
                                        
                                        $137k-$189k per year
                                    

                                    

                                    
                                    
                                

                                
                                
                                    Modern Health
                                    Featured
                                    10 days ago
                                    10 days ago",Unknown,Remote - North America,https://www.workingnomads.com/jobs/staff-security-engineer-modern-health-1383340,Working Nomads,cloud-devops,,2026-02-05T04:11:12.388054
DevOps Engineer,"397
            NextEra Energy Jobs","11,194",https://www.adzuna.com/land/ad/5591607527?se=zmoyqRkC8RG8yNfON2n4-w&title=DevOps_Engineer&v=65273D8FEE2ADB16528BF7BC7E7C3B1AAE17A2D6,Adzuna,cloud-devops,1.0,2026-02-05T04:11:12.388054
DevOps Engineer,"397
            NextEra Energy Jobs","11,194",https://www.adzuna.com/land/ad/5560979149?se=zmoyqRkC8RG8yNfON2n4-w&title=DevOps_Engineer&v=902E6305491C6E4773C5D55DBCA51B2C6FB055AA,Adzuna,cloud-devops,1.0,2026-02-05T04:11:12.388054
DevOps Engineer,"397
            NextEra Energy Jobs","11,194",https://www.adzuna.com/land/ad/5606922255?se=zmoyqRkC8RG8yNfON2n4-w&title=DevOps_Engineer&v=E008BD2691E176C362052FE7C4212846BCCE97BC,Adzuna,cloud-devops,1.0,2026-02-05T04:11:12.388054
Intern - DevOps Engineer,"397
            NextEra Energy Jobs","11,194",https://www.adzuna.com/land/ad/5607384605?se=zmoyqRkC8RG8yNfON2n4-w&title=Intern_-_DevOps_Engineer&v=856E60904869C0F3130846141D73AE80C2833C4C,Adzuna,cloud-devops,1.0,2026-02-05T04:11:12.388054
DevOps Engineer,"397
            NextEra Energy Jobs","11,194",https://www.adzuna.com/land/ad/5603191332?se=zmoyqRkC8RG8yNfON2n4-w&title=DevOps_Engineer&v=33BA2542C179EEACDCB9CC54C3518F2283F23C12,Adzuna,cloud-devops,1.0,2026-02-05T04:11:12.388054
DevOps Engineer,"397
            NextEra Energy Jobs","11,194",https://www.adzuna.com/land/ad/5585748843?se=zmoyqRkC8RG8yNfON2n4-w&title=DevOps_Engineer&v=F2E867B19D2AAE09399564F820202E4113FE3C15,Adzuna,cloud-devops,1.0,2026-02-05T04:11:12.388054
DevOps Engineer,"397
            NextEra Energy Jobs","11,194",https://www.adzuna.com/land/ad/5601548650?se=zmoyqRkC8RG8yNfON2n4-w&title=DevOps_Engineer&v=E7C5457B4C54368A7C851ED71DE6A731D4EC80A9,Adzuna,cloud-devops,1.0,2026-02-05T04:11:12.388054
Sr. DevOps Engineer,"397
            NextEra Energy Jobs","11,194",https://www.adzuna.com/land/ad/5543349381?se=zmoyqRkC8RG8yNfON2n4-w&title=Sr._DevOps_Engineer&v=B4C9BE38990A53E19CB3E8DB6D57EE533123ADBF,Adzuna,cloud-devops,1.0,2026-02-05T04:11:12.388054
DevOps Engineer - Remote,"397
            NextEra Energy Jobs","11,194",https://www.adzuna.com/land/ad/5543249265?se=zmoyqRkC8RG8yNfON2n4-w&title=DevOps_Engineer_-_Remote&v=9CA5DCC74C9E46164EC95DCDDBA9B5A5F57FD831,Adzuna,cloud-devops,1.0,2026-02-05T04:11:12.388054
Senior DevOps Engineer,"397
            NextEra Energy Jobs","11,194",https://www.adzuna.com/land/ad/5593994457?se=zmoyqRkC8RG8yNfON2n4-w&title=Senior_DevOps_Engineer&v=B7A28B029B97D9D59F925309EEA794513F573CD8,Adzuna,cloud-devops,1.0,2026-02-05T04:11:12.388054
"DevOps Engineer
                                        
                                        Lumos
                                    

                                    
                                        
                                            System Administration
                                        

                                        

                                        
                                        Featured
                                        2 days ago
                                        2 days ago
                                    
                                

                                
                                    
                                        
                                        USA, Canada
                                    
                                    
                                        
                                        Full-time
                                    
                                    
                                        
                                        Mid Level
                                    
                                    
                                        
                                        
                                    
                                    
                                        
                                        $160k-$190k per year
                                    

                                    

                                    
                                    
                                

                                
                                
                                    Lumos
                                    Featured
                                    2 days ago
                                    2 days ago",Unknown,Remote - North America,https://www.workingnomads.com/jobs/devops-engineer-lumos-1395063,Working Nomads,cloud-devops,,2026-02-05T04:11:12.388054
"DevOps Engineer
                                        
                                        Nurdsoft
                                    

                                    
                                        
                                            System Administration
                                        

                                        

                                        
                                        Featured
                                        27 days ago
                                        27 days ago
                                    
                                

                                
                                    
                                        
                                        USA
                                    
                                    
                                        
                                        Full-time
                                    
                                    
                                        
                                        Senior Level
                                    
                                    
                                        
                                        
                                    
                                    
                                        
                                        
                                    

                                    

                                    
                                    
                                

                                
                                
                                    Nurdsoft
                                    Featured
                                    27 days ago
                                    27 days ago",Unknown,Remote - North America,https://www.workingnomads.com/jobs/devops-engineer-nurdsoft-1346753,Working Nomads,cloud-devops,,2026-02-05T04:11:12.388054
"Senior DevOps Engineer
                                        
                                        FICO
                                    

                                    
                                        
                                            Development
                                        

                                        

                                        
                                        Featured
                                        4 days ago
                                        4 days ago
                                    
                                

                                
                                    
                                        
                                        USA
                                    
                                    
                                        
                                        Full-time
                                    
                                    
                                        
                                        Senior Level
                                    
                                    
                                        
                                        
                                    
                                    
                                        
                                        $116k-$182k per year
                                    

                                    

                                    
                                    
                                

                                
                                
                                    FICO
                                    Featured
                                    4 days ago
                                    4 days ago",Unknown,Remote - North America,https://www.workingnomads.com/jobs/senior-devops-engineer-fico,Working Nomads,cloud-devops,,2026-02-05T04:11:12.388054
"Manager - DevOps Engineering
                                        
                                        Blackbaud
                                    

                                    
                                        
                                            Management
                                        

                                        

                                        
                                        Featured
                                        6 days ago
                                        6 days ago
                                    
                                

                                
                                    
                                        
                                        USA
                                    
                                    
                                        
                                        Full-time
                                    
                                    
                                        
                                        Senior Level
                                    
                                    
                                        
                                        
                                    
                                    
                                        
                                        $134k-$174k per year
                                    

                                    

                                    
                                    
                                

                                
                                
                                    Blackbaud
                                    Featured
                                    6 days ago
                                    6 days ago",Unknown,Remote - North America,https://www.workingnomads.com/jobs/manager-devops-engineering-blackbaud-1389695,Working Nomads,cloud-devops,,2026-02-05T04:11:12.388054
"Manager - DevOps Engineering
                                        
                                        Blackbaud
                                    

                                    
                                        
                                            Management
                                        

                                        

                                        
                                        Featured
                                        6 days ago
                                        6 days ago
                                    
                                

                                
                                    
                                        
                                        USA
                                    
                                    
                                        
                                        Full-time
                                    
                                    
                                        
                                        Senior Level
                                    
                                    
                                        
                                        
                                    
                                    
                                        
                                        $134k-$174k per year
                                    

                                    

                                    
                                    
                                

                                
                                
                                    Blackbaud
                                    Featured
                                    6 days ago
                                    6 days ago",Unknown,Remote - North America,https://www.workingnomads.com/jobs/manager-devops-engineering-blackbaud-1389580,Working Nomads,cloud-devops,,2026-02-05T04:11:12.388054
"Senior DevOps Engineer
                                        
                                        Fortive
                                    

                                    
                                        
                                            Development
                                        

                                        

                                        
                                        Featured
                                        11 days ago
                                        11 days ago
                                    
                                

                                
                                    
                                        
                                        USA
                                    
                                    
                                        
                                        Full-time
                                    
                                    
                                        
                                        Senior Level
                                    
                                    
                                        
                                        
                                    
                                    
                                        
                                        $79k-$147k per year
                                    

                                    

                                    
                                    
                                

                                
                                
                                    Fortive
                                    Featured
                                    11 days ago
                                    11 days ago",Unknown,Remote - North America,https://www.workingnomads.com/jobs/senior-devops-engineer-fortive-1381751,Working Nomads,cloud-devops,,2026-02-05T04:11:12.388054
"Sr. DevOps Engineer
                                        
                                        Diligent Robotics
                                    

                                    
                                        
                                            System Administration
                                        

                                        

                                        
                                        Featured
                                        13 days ago
                                        13 days ago
                                    
                                

                                
                                    
                                        
                                        USA
                                    
                                    
                                        
                                        Full-time
                                    
                                    
                                        
                                        Senior Level
                                    
                                    
                                        
                                        
                                    
                                    
                                        
                                        
                                    

                                    

                                    
                                    
                                

                                
                                
                                    Diligent Robotics
                                    Featured
                                    13 days ago
                                    13 days ago",Unknown,Remote - North America,https://www.workingnomads.com/jobs/sr-devops-engineer-diligent-robotics-1376602,Working Nomads,cloud-devops,,2026-02-05T04:11:12.388054
"Drupal DevOps Engineer
                                        
                                        Portland Webworks
                                    

                                    
                                        
                                            System Administration
                                        

                                        

                                        
                                        Featured
                                        20 days ago
                                        20 days ago
                                    
                                

                                
                                    
                                        
                                        USA
                                    
                                    
                                        
                                        Full-time
                                    
                                    
                                        
                                        Mid Level
                                    
                                    
                                        
                                        
                                    
                                    
                                        
                                        
                                    

                                    

                                    
                                    
                                

                                
                                
                                    Portland Webworks
                                    Featured
                                    20 days ago
                                    20 days ago",Unknown,Remote - North America,https://www.workingnomads.com/jobs/drupal-devops-engineer-portland-webworks-1361566,Working Nomads,cloud-devops,,2026-02-05T04:11:12.388054
"Senior DevOps Engineer
                                        
                                        Validation Cloud
                                    

                                    
                                        
                                            Development
                                        

                                        

                                        
                                        Featured
                                        25 days ago
                                        25 days ago
                                    
                                

                                
                                    
                                        
                                        North America
                                    
                                    
                                        
                                        Full-time
                                    
                                    
                                        
                                        Senior Level
                                    
                                    
                                        
                                        
                                    
                                    
                                        
                                        
                                    

                                    

                                    
                                    
                                

                                
                                
                                    Validation Cloud
                                    Featured
                                    25 days ago
                                    25 days ago",Unknown,Remote - North America,https://www.workingnomads.com/jobs/senior-devops-engineer-validation-cloud-1351493,Working Nomads,cloud-devops,,2026-02-05T04:11:12.388054
"DevOps Engineer (GitHub Migration Projects)
                                        
                                        Atmosera
                                    

                                    
                                        
                                            System Administration
                                        

                                        

                                        
                                        Featured
                                        18 days ago
                                        18 days ago
                                    
                                

                                
                                    
                                        
                                        USA
                                    
                                    
                                        
                                        Contract
                                    
                                    
                                        
                                        Mid Level
                                    
                                    
                                        
                                        
                                    
                                    
                                        
                                        
                                    

                                    

                                    
                                    
                                

                                
                                
                                    Atmosera
                                    Featured
                                    18 days ago
                                    18 days ago",Unknown,Remote - North America,https://www.workingnomads.com/jobs/devops-engineer-github-migration-projects-atmosera-1367191,Working Nomads,cloud-devops,,2026-02-05T04:11:12.388054
"Senior Staff DevOps Engineer - MetaMask
                                        
                                        Consensys
                                    

                                    
                                        
                                            System Administration
                                        

                                        

                                        
                                        Featured
                                        23 days ago
                                        23 days ago
                                    
                                

                                
                                    
                                        
                                        USA, EMEA, Canada, Latin America
                                    
                                    
                                        
                                        Full-time
                                    
                                    
                                        
                                        Senior Level
                                    
                                    
                                        
                                        
                                    
                                    
                                        
                                        $160k-$218k per year
                                    

                                    

                                    
                                    
                                

                                
                                
                                    Consensys
                                    Featured
                                    23 days ago
                                    23 days ago",Unknown,Remote - North America,https://www.workingnomads.com/jobs/senior-staff-devops-engineer-metamask-consensys,Working Nomads,cloud-devops,,2026-02-05T04:11:12.388054
"Director - Software Engineering in DevOps
                                        
                                        Blackbaud
                                    

                                    
                                        
                                            Management
                                        

                                        

                                        
                                        Featured
                                        1 day ago
                                        1 day ago
                                    
                                

                                
                                    
                                        
                                        USA
                                    
                                    
                                        
                                        Full-time
                                    
                                    
                                        
                                        Senior Level
                                    
                                    
                                        
                                        
                                    
                                    
                                        
                                        $177k-$225k per year
                                    

                                    

                                    
                                    
                                

                                
                                
                                    Blackbaud
                                    Featured
                                    1 day ago
                                    1 day ago",Unknown,Remote - North America,https://www.workingnomads.com/jobs/director-software-engineering-in-devops-blackbaud,Working Nomads,cloud-devops,,2026-02-05T04:11:12.388054
"Senior Full Stack TypeScript Developer with DevOps
                                        
                                        Ten Mile Square Technologies
                                    

                                    
                                        
                                            System Administration
                                        

                                        

                                        
                                        Featured
                                        13 days ago
                                        13 days ago
                                    
                                

                                
                                    
                                        
                                        USA
                                    
                                    
                                        
                                        Full-time
                                    
                                    
                                        
                                        Senior Level
                                    
                                    
                                        
                                        
                                    
                                    
                                        
                                        $161k per year
                                    

                                    

                                    
                                    
                                

                                
                                
                                    Ten Mile Square Technologies
                                    Featured
                                    13 days ago
                                    13 days ago",Unknown,Remote - North America,https://www.workingnomads.com/jobs/senior-full-stack-typescript-developer-with-devops-ten-mile-square-technologies-1377249,Working Nomads,cloud-devops,,2026-02-05T04:11:12.388054
"Practice Engineer
                                        
                                        GitLab
                                    

                                    
                                        
                                            System Administration
                                        

                                        

                                        
                                        Featured
                                        16 days ago
                                        16 days ago
                                    
                                

                                
                                    
                                        
                                        USA, Canada
                                    
                                    
                                        
                                        Full-time
                                    
                                    
                                        
                                        Mid Level
                                    
                                    
                                        
                                        
                                    
                                    
                                        
                                        $86k-$160k per year
                                    

                                    

                                    
                                    
                                

                                
                                
                                    GitLab
                                    Featured
                                    16 days ago
                                    16 days ago",Unknown,Remote - North America,https://www.workingnomads.com/jobs/practice-engineer-gitlab-1369227,Working Nomads,cloud-devops,,2026-02-05T04:11:12.388054
"Privileged Access Management Engineer - Delinea
                                        
                                        GuidePoint Security
                                    

                                    
                                        
                                            System Administration
                                        

                                        

                                        
                                        Featured
                                        28 days ago
                                        28 days ago
                                    
                                

                                
                                    
                                        
                                        USA
                                    
                                    
                                        
                                        Full-time
                                    
                                    
                                        
                                        Mid Level
                                    
                                    
                                        
                                        
                                    
                                    
                                        
                                        
                                    

                                    

                                    
                                    
                                

                                
                                
                                    GuidePoint Security
                                    Featured
                                    28 days ago
                                    28 days ago",Unknown,Remote - North America,https://www.workingnomads.com/jobs/privileged-access-management-engineer-delinea-guidepoint-security,Working Nomads,cloud-devops,,2026-02-05T04:11:12.388054
"Senior Shopify Developer - BUMP Group
                                        
                                        Canadian Bank Note Company
                                    

                                    
                                        
                                            Development
                                        

                                        

                                        
                                        Featured
                                        26 days ago
                                        26 days ago
                                    
                                

                                
                                    
                                        
                                        Canada
                                    
                                    
                                        
                                        Full-time
                                    
                                    
                                        
                                        Senior Level
                                    
                                    
                                        
                                        
                                    
                                    
                                        
                                        C$84k-C$105k per year
                                    

                                    

                                    
                                    
                                

                                
                                
                                    Canadian Bank Note Company
                                    Featured
                                    26 days ago
                                    26 days ago",Unknown,Remote - North America,https://www.workingnomads.com/jobs/senior-shopify-developer-bump-group-canadian-bank-note-company-1349342,Working Nomads,cloud-devops,,2026-02-05T04:11:12.388054
"Senior Shopify Developer - BUMP Group
                                        
                                        Canadian Bank Note Company
                                    

                                    
                                        
                                            Development
                                        

                                        

                                        
                                        Featured
                                        29 days ago
                                        29 days ago
                                    
                                

                                
                                    
                                        
                                        Canada
                                    
                                    
                                        
                                        Full-time
                                    
                                    
                                        
                                        Senior Level
                                    
                                    
                                        
                                        
                                    
                                    
                                        
                                        C$84k-C$105k per year
                                    

                                    

                                    
                                    
                                

                                
                                
                                    Canadian Bank Note Company
                                    Featured
                                    29 days ago
                                    29 days ago",Unknown,Remote - North America,https://www.workingnomads.com/jobs/senior-shopify-developer-bump-group-canadian-bank-note-company-1341928,Working Nomads,cloud-devops,,2026-02-05T04:11:12.388054
"Senior Shopify Developer - BUMP Group
                                        
                                        Canadian Bank Note Company
                                    

                                    
                                        
                                            Development
                                        

                                        

                                        
                                        Featured
                                        29 days ago
                                        29 days ago
                                    
                                

                                
                                    
                                        
                                        Canada
                                    
                                    
                                        
                                        Full-time
                                    
                                    
                                        
                                        Senior Level
                                    
                                    
                                        
                                        
                                    
                                    
                                        
                                        C$84k-C$105k per year
                                    

                                    

                                    
                                    
                                

                                
                                
                                    Canadian Bank Note Company
                                    Featured
                                    29 days ago
                                    29 days ago",Unknown,Remote - North America,https://www.workingnomads.com/jobs/senior-shopify-developer-bump-group-canadian-bank-note-company-1340345,Working Nomads,cloud-devops,,2026-02-05T04:11:12.388054
"Scrum Master
                                        
                                        Fortive
                                    

                                    
                                        
                                            Management
                                        

                                        

                                        
                                        Featured
                                        3 days ago
                                        3 days ago
                                    
                                

                                
                                    
                                        
                                        USA
                                    
                                    
                                        
                                        Full-time
                                    
                                    
                                        
                                        Mid Level
                                    
                                    
                                        
                                        
                                    
                                    
                                        
                                        $71k-$118k per year
                                    

                                    

                                    
                                    
                                

                                
                                
                                    Fortive
                                    Featured
                                    3 days ago
                                    3 days ago",Unknown,Remote - North America,https://www.workingnomads.com/jobs/scrum-master-fortive,Working Nomads,cloud-devops,,2026-02-05T04:11:12.388054
"Principal Architect - Azure Solutions
                                        
                                        TTEC Digital
                                    

                                    
                                        
                                            Development
                                        

                                        

                                        
                                        Featured
                                        16 days ago
                                        16 days ago
                                    
                                

                                
                                    
                                        
                                        USA
                                    
                                    
                                        
                                        Full-time
                                    
                                    
                                        
                                        Senior Level
                                    
                                    
                                        
                                        
                                    
                                    
                                        
                                        $170k-$210k per year
                                    

                                    

                                    
                                    
                                

                                
                                
                                    TTEC Digital
                                    Featured
                                    16 days ago
                                    16 days ago",Unknown,Remote - North America,https://www.workingnomads.com/jobs/principal-architect-azure-solutions-ttec-digital-1370673,Working Nomads,cloud-devops,,2026-02-05T04:11:12.388054
"CI/CD Engineer
                                        
                                        Guidehouse
                                    

                                    
                                        
                                            Development
                                        

                                        

                                        
                                        Featured
                                        13 days ago
                                        13 days ago
                                    
                                

                                
                                    
                                        
                                        USA
                                    
                                    
                                        
                                        Full-time
                                    
                                    
                                        
                                        Senior Level
                                    
                                    
                                        
                                        
                                    
                                    
                                        
                                        $149k-$248k per year
                                    

                                    

                                    
                                    
                                

                                
                                
                                    Guidehouse
                                    Featured
                                    13 days ago
                                    13 days ago",Unknown,Remote - North America,https://www.workingnomads.com/jobs/cicd-engineer-guidehouse-1377436,Working Nomads,cloud-devops,,2026-02-05T04:11:12.388054
"CI/CD Engineer
                                        
                                        Guidehouse
                                    

                                    
                                        
                                            Development
                                        

                                        

                                        
                                        Featured
                                        13 days ago
                                        13 days ago
                                    
                                

                                
                                    
                                        
                                        USA
                                    
                                    
                                        
                                        Full-time
                                    
                                    
                                        
                                        Senior Level
                                    
                                    
                                        
                                        
                                    
                                    
                                        
                                        $149k-$248k per year
                                    

                                    

                                    
                                    
                                

                                
                                
                                    Guidehouse
                                    Featured
                                    13 days ago
                                    13 days ago",Unknown,Remote - North America,https://www.workingnomads.com/jobs/cicd-engineer-guidehouse-1377295,Working Nomads,cloud-devops,,2026-02-05T04:11:12.388054
"AI Engineers
                                        
                                        Donyati
                                    

                                    
                                        
                                            Development
                                        

                                        

                                        
                                        Featured
                                        1 day ago
                                        1 day ago
                                    
                                

                                
                                    
                                        
                                        USA
                                    
                                    
                                        
                                        Full-time
                                    
                                    
                                        
                                        Senior Level
                                    
                                    
                                        
                                        
                                    
                                    
                                        
                                        
                                    

                                    

                                    
                                    
                                

                                
                                
                                    Donyati
                                    Featured
                                    1 day ago
                                    1 day ago",Unknown,Remote - North America,https://www.workingnomads.com/jobs/ai-engineers-donyati-1397701,Working Nomads,cloud-devops,,2026-02-05T04:11:12.388054
"AI Engineers
                                        
                                        Donyati
                                    

                                    
                                        
                                            Development
                                        

                                        

                                        
                                        Featured
                                        1 day ago
                                        1 day ago
                                    
                                

                                
                                    
                                        
                                        USA
                                    
                                    
                                        
                                        Full-time
                                    
                                    
                                        
                                        Senior Level
                                    
                                    
                                        
                                        
                                    
                                    
                                        
                                        
                                    

                                    

                                    
                                    
                                

                                
                                
                                    Donyati
                                    Featured
                                    1 day ago
                                    1 day ago",Unknown,Remote - North America,https://www.workingnomads.com/jobs/ai-engineers-donyati-1397619,Working Nomads,cloud-devops,,2026-02-05T04:11:12.388054
"Data Architect
                                        
                                        Guidehouse
                                    

                                    
                                        
                                            Development
                                        

                                        

                                        
                                        Featured
                                        5 hours ago
                                        5 hours ago
                                    
                                

                                
                                    
                                        
                                        USA
                                    
                                    
                                        
                                        Full-time
                                    
                                    
                                        
                                        Senior Level
                                    
                                    
                                        
                                        
                                    
                                    
                                        
                                        $85k-$141k per year
                                    

                                    

                                    
                                    
                                

                                
                                
                                    Guidehouse
                                    Featured
                                    5 hours ago
                                    5 hours ago",Unknown,Remote - North America,https://www.workingnomads.com/jobs/data-architect-guidehouse-1399714,Working Nomads,cloud-devops,,2026-02-05T04:11:12.388054
"Lead, Software Quality Assurance (P4)- Core Platform-Payments
                                        
                                        Green Dot Corporation
                                    

                                    
                                        
                                            Development
                                        

                                        

                                        
                                        Featured
                                        13 days ago
                                        13 days ago
                                    
                                

                                
                                    
                                        
                                        USA
                                    
                                    
                                        
                                        Full-time
                                    
                                    
                                        
                                        Senior Level
                                    
                                    
                                        
                                        
                                    
                                    
                                        
                                        $109k-$164k per year
                                    

                                    

                                    
                                    
                                

                                
                                
                                    Green Dot Corporation
                                    Featured
                                    13 days ago
                                    13 days ago",Unknown,Remote - North America,https://www.workingnomads.com/jobs/lead-software-quality-assurance-p4-core-platform-payments-green-dot-corporation,Working Nomads,cloud-devops,,2026-02-05T04:11:12.388054
"Account Executive - Xray
                                        
                                        Sembi
                                    

                                    
                                        
                                            Sales
                                        

                                        

                                        
                                        Featured
                                        22 days ago
                                        22 days ago
                                    
                                

                                
                                    
                                        
                                        USA
                                    
                                    
                                        
                                        Full-time
                                    
                                    
                                        
                                        Senior Level
                                    
                                    
                                        
                                        
                                    
                                    
                                        
                                        
                                    

                                    

                                    
                                    
                                

                                
                                
                                    Sembi
                                    Featured
                                    22 days ago
                                    22 days ago",Unknown,Remote - North America,https://www.workingnomads.com/jobs/account-executive-xray-sembi,Working Nomads,cloud-devops,,2026-02-05T04:11:12.388054
"Application Development Technical Lead
                                        
                                        International Medical Group
                                    

                                    
                                        
                                            Development
                                        

                                        

                                        
                                        Featured
                                        5 days ago
                                        5 days ago
                                    
                                

                                
                                    
                                        
                                        USA
                                    
                                    
                                        
                                        Full-time
                                    
                                    
                                        
                                        Senior Level
                                    
                                    
                                        
                                        
                                    
                                    
                                        
                                        
                                    

                                    

                                    
                                    
                                

                                
                                
                                    International Medical Group
                                    Featured
                                    5 days ago
                                    5 days ago",Unknown,Remote - North America,https://www.workingnomads.com/jobs/application-development-technical-lead-international-medical-group,Working Nomads,cloud-devops,,2026-02-05T04:11:12.388054
"Microsoft Dynamics 365 F&O and SCM Lead (Techno-Functional)
                                        
                                        Zealogics.com
                                    

                                    
                                        
                                            Consulting
                                        

                                        

                                        
                                        Featured
                                        22 days ago
                                        22 days ago
                                    
                                

                                
                                    
                                        
                                        USA
                                    
                                    
                                        
                                        Full-time
                                    
                                    
                                        
                                        Senior Level
                                    
                                    
                                        
                                        
                                    
                                    
                                        
                                        
                                    

                                    

                                    
                                    
                                

                                
                                
                                    Zealogics.com
                                    Featured
                                    22 days ago
                                    22 days ago",Unknown,Remote - North America,https://www.workingnomads.com/jobs/microsoft-dynamics-365-fo-and-scm-lead-techno-functional-zealogicscom-1357052,Working Nomads,cloud-devops,,2026-02-05T04:11:12.388054
"Senior Azure Engineer
                                        
                                        Degreed
                                    

                                    
                                        
                                            System Administration
                                        

                                        

                                        
                                        Featured
                                        25 days ago
                                        25 days ago
                                    
                                

                                
                                    
                                        
                                        USA
                                    
                                    
                                        
                                        Full-time
                                    
                                    
                                        
                                        Senior Level
                                    
                                    
                                        
                                        
                                    
                                    
                                        
                                        $170k-$200k per year
                                    

                                    

                                    
                                    
                                

                                
                                
                                    Degreed
                                    Featured
                                    25 days ago
                                    25 days ago",Unknown,Remote - North America,https://www.workingnomads.com/jobs/senior-azure-engineer-degreed,Working Nomads,cloud-devops,,2026-02-05T04:11:12.388054
"Manager IT Software Development
                                        
                                        Sedgwick
                                    

                                    
                                        
                                            Management
                                        

                                        

                                        
                                        Featured
                                        8 days ago
                                        8 days ago
                                    
                                

                                
                                    
                                        
                                        USA
                                    
                                    
                                        
                                        Full-time
                                    
                                    
                                        
                                        Senior Level
                                    
                                    
                                        
                                        
                                    
                                    
                                        
                                        
                                    

                                    

                                    
                                    
                                

                                
                                
                                    Sedgwick
                                    Featured
                                    8 days ago
                                    8 days ago",Unknown,Remote - North America,https://www.workingnomads.com/jobs/manager-it-software-development-sedgwick,Working Nomads,cloud-devops,,2026-02-05T04:11:12.388054
"Senior IV&V Analyst
                                        
                                        TestPros
                                    

                                    
                                        
                                            Consulting
                                        

                                        

                                        
                                        Featured
                                        23 days ago
                                        23 days ago
                                    
                                

                                
                                    
                                        
                                        USA
                                    
                                    
                                        
                                        Part-time
                                    
                                    
                                        
                                        Senior Level
                                    
                                    
                                        
                                        
                                    
                                    
                                        
                                        
                                    

                                    

                                    
                                    
                                

                                
                                
                                    TestPros
                                    Featured
                                    23 days ago
                                    23 days ago",Unknown,Remote - North America,https://www.workingnomads.com/jobs/senior-ivv-analyst-testpros-1354500,Working Nomads,cloud-devops,,2026-02-05T04:11:12.388054
DevOps Engineer,Virtual Vocations Listing,Remote - USA,https://www.virtualvocations.com/job/devops-engineer-2896976-i.html,Virtual Vocations,cloud-devops,1.0,2026-02-05T04:11:12.388054
DevOps Engineer,Virtual Vocations Listing,Remote - USA,https://www.virtualvocations.com/job/devops-engineer-2897235-i.html,Virtual Vocations,cloud-devops,1.0,2026-02-05T04:11:12.388054
DevOps Engineer,Virtual Vocations Listing,Remote - USA,https://www.virtualvocations.com/job/devops-engineer-2895199-i.html,Virtual Vocations,cloud-devops,1.0,2026-02-05T04:11:12.388054
DevOps Engineer,Virtual Vocations Listing,Remote - USA,https://www.virtualvocations.com/job/devops-engineer-2895191-i.html,Virtual Vocations,cloud-devops,1.0,2026-02-05T04:11:12.388054
Senior DevOps Engineer,Virtual Vocations Listing,Remote - USA,https://www.virtualvocations.com/job/senior-devops-engineer-2898488-i.html,Virtual Vocations,cloud-devops,1.0,2026-02-05T04:11:12.388054
Senior DevOps Engineer,Virtual Vocations Listing,Remote - USA,https://www.virtualvocations.com/job/senior-devops-engineer-2897104-i.html,Virtual Vocations,cloud-devops,1.0,2026-02-05T04:11:12.388054
DevOps Engineer III,Virtual Vocations Listing,Remote - USA,https://www.virtualvocations.com/job/devops-engineer-iii-2895248-i.html,Virtual Vocations,cloud-devops,1.0,2026-02-05T04:11:12.388054
Senior DevOps Engineer,Virtual Vocations Listing,Remote - USA,https://www.virtualvocations.com/job/senior-devops-engineer-2895240-i.html,Virtual Vocations,cloud-devops,1.0,2026-02-05T04:11:12.388054
Senior DevOps Engineer,Virtual Vocations Listing,Remote - USA,https://www.virtualvocations.com/job/senior-devops-engineer-2895141-i.html,Virtual Vocations,cloud-devops,1.0,2026-02-05T04:11:12.388054
DevOps Engineer,Virtual Vocations Listing,Remote - USA,https://www.virtualvocations.com/job/devops-engineer-2891431-i.html,Virtual Vocations,cloud-devops,1.0,2026-02-05T04:11:12.388054
DevOps Engineer,Virtual Vocations Listing,Remote - USA,https://www.virtualvocations.com/job/devops-engineer-2890017-i.html,Virtual Vocations,cloud-devops,2.0,2026-02-05T04:11:12.388054
DevOps Engineer,Virtual Vocations Listing,Remote - USA,https://www.virtualvocations.com/job/devops-engineer-2889588-i.html,Virtual Vocations,cloud-devops,2.0,2026-02-05T04:11:12.388054
DevOps Engineer,Virtual Vocations Listing,Remote - USA,https://www.virtualvocations.com/job/devops-engineer-2888066-i.html,Virtual Vocations,cloud-devops,2.0,2026-02-05T04:11:12.388054
DevOps Engineer,Virtual Vocations Listing,Remote - USA,https://www.virtualvocations.com/job/devops-engineer-2887802-i.html,Virtual Vocations,cloud-devops,2.0,2026-02-05T04:11:12.388054
DevOps Engineer,Virtual Vocations Listing,Remote - USA,https://www.virtualvocations.com/job/devops-engineer-2886291-i.html,Virtual Vocations,cloud-devops,2.0,2026-02-05T04:11:12.388054
Senior DevOps Engineer,Virtual Vocations Listing,Remote - USA,https://www.virtualvocations.com/job/senior-devops-engineer-2894267-i.html,Virtual Vocations,cloud-devops,2.0,2026-02-05T04:11:12.388054
Azure DevOps Engineer,Virtual Vocations Listing,Remote - USA,https://www.virtualvocations.com/job/azure-devops-engineer-1028525.html,Virtual Vocations,cloud-devops,2.0,2026-02-05T04:11:12.388054
Mainframe DevOps Engineer,Virtual Vocations Listing,Remote - USA,https://www.virtualvocations.com/job/mainframe-devops-engineer-2892227-i.html,Virtual Vocations,cloud-devops,2.0,2026-02-05T04:11:12.388054
Senior DevOps Engineer,Virtual Vocations Listing,Remote - USA,https://www.virtualvocations.com/job/senior-devops-engineer-2891914-i.html,Virtual Vocations,cloud-devops,2.0,2026-02-05T04:11:12.388054
Junior DevOps Engineer,Virtual Vocations Listing,Remote - USA,https://www.virtualvocations.com/job/junior-devops-engineer-2891844-i.html,Virtual Vocations,cloud-devops,2.0,2026-02-05T04:11:12.388054
Senior DevOps Engineer,Virtual Vocations Listing,Remote - USA,https://www.virtualvocations.com/job/senior-devops-engineer-2890658-i.html,Virtual Vocations,cloud-devops,3.0,2026-02-05T04:11:12.388054
Staff DevOps Engineer,Virtual Vocations Listing,Remote - USA,https://www.virtualvocations.com/job/staff-devops-engineer-2890175-i.html,Virtual Vocations,cloud-devops,3.0,2026-02-05T04:11:12.388054
Staff DevOps Engineer,Virtual Vocations Listing,Remote - USA,https://www.virtualvocations.com/job/staff-devops-engineer-2890176-i.html,Virtual Vocations,cloud-devops,3.0,2026-02-05T04:11:12.388054
Azure DevOps Engineer,Virtual Vocations Listing,Remote - USA,https://www.virtualvocations.com/job/azure-devops-engineer-2889822-i.html,Virtual Vocations,cloud-devops,3.0,2026-02-05T04:11:12.388054
DevOps Engineer / Architect,Virtual Vocations Listing,Remote - USA,https://www.virtualvocations.com/job/devops-engineer-architect-2889741-i.html,Virtual Vocations,cloud-devops,3.0,2026-02-05T04:11:12.388054
Senior DevOps Engineer,Virtual Vocations Listing,Remote - USA,https://www.virtualvocations.com/job/senior-devops-engineer-2889709-i.html,Virtual Vocations,cloud-devops,3.0,2026-02-05T04:11:12.388054
Senior DevOps Engineer,Virtual Vocations Listing,Remote - USA,https://www.virtualvocations.com/job/senior-devops-engineer-2889376-i.html,Virtual Vocations,cloud-devops,3.0,2026-02-05T04:11:12.388054
Senior DevOps Engineer,Virtual Vocations Listing,Remote - USA,https://www.virtualvocations.com/job/senior-devops-engineer-2886552-i.html,Virtual Vocations,cloud-devops,3.0,2026-02-05T04:11:12.388054
Senior DevOps Engineer,Virtual Vocations Listing,Remote - USA,https://www.virtualvocations.com/job/senior-devops-engineer-2886551-i.html,Virtual Vocations,cloud-devops,3.0,2026-02-05T04:11:12.388054
DevOps Engineer,Virtual Vocations Listing,Remote - USA,https://www.virtualvocations.com/job/devops-engineer-1027780.html,Virtual Vocations,cloud-devops,3.0,2026-02-05T04:11:12.388054
Software Development,Unknown,Remote,https://weworkremotely.com/remote-software-developer-jobs,WeWorkRemotely,cloud-devops,1.0,2026-02-05T04:11:12.388054
Devops and Sysadmin,Unknown,Remote,https://weworkremotely.com/categories/remote-devops-sysadmin-jobs,WeWorkRemotely,cloud-devops,1.0,2026-02-05T04:11:12.388054
Customer Support,Unknown,Remote,https://weworkremotely.com/categories/remote-customer-support-jobs,WeWorkRemotely,cloud-devops,1.0,2026-02-05T04:11:12.388054
Sales and Marketing,Unknown,Remote,https://weworkremotely.com/categories/remote-sales-and-marketing-jobs,WeWorkRemotely,cloud-devops,1.0,2026-02-05T04:11:12.388054
Senior DevOps Engineer (AWS)  20d  Proxify AB  Sweden  Top 100  Full-Time  Anywhere in the World,Unknown,Remote,https://weworkremotely.com/remote-jobs/proxify-ab-senior-devops-engineer-aws-6,WeWorkRemotely,cloud-devops,1.0,2026-02-05T04:11:12.388054
DevOps Engineer (Client) New CrewBloom  Philippines  Full-Time  Anywhere in the World,Unknown,Remote,https://weworkremotely.com/remote-jobs/crewbloom-devops-engineer-client,WeWorkRemotely,cloud-devops,1.0,2026-02-05T04:11:12.388054
Senior Site Reliability Engineer / DevOps - REMOTE (US Citizenship required) New Oracle  United States  Full-Time  Anywhere in the World,Unknown,Remote,https://weworkremotely.com/remote-jobs/oracle-senior-site-reliability-engineer-devops-remote-us-citizenship-required,WeWorkRemotely,cloud-devops,1.0,2026-02-05T04:11:12.388054
"DevOps Engineer New S-Pro  Remote job, ZH, Switzerland  Full-Time",Unknown,Remote,https://weworkremotely.com/remote-jobs/s-pro-devops-engineer,WeWorkRemotely,cloud-devops,1.0,2026-02-05T04:11:12.388054
Senior Software Engineer (Full Stack/DevOps) - India New Aspire  Remote  Full-Time  Anywhere in the World,Unknown,Remote,https://weworkremotely.com/remote-jobs/aspire-senior-software-engineer-full-stack-devops-india,WeWorkRemotely,cloud-devops,1.0,2026-02-05T04:11:12.388054
"Lead Platform Engineer  1d  Updater  US - Remote  Full-Time  $100,000 or more USD  🇺🇸 United States of America",Unknown,Remote,https://weworkremotely.com/remote-jobs/updater-lead-platform-engineer,WeWorkRemotely,cloud-devops,1.0,2026-02-05T04:11:12.388054
"Principal DevOps Engineer - Seattle, WA or Arlington, VA (50% remote)  2d  Oracle  United States  Full-Time  Anywhere in the World",Unknown,Remote,https://weworkremotely.com/remote-jobs/oracle-principal-devops-engineer-seattle-wa-or-arlington-va-50-remote,WeWorkRemotely,cloud-devops,1.0,2026-02-05T04:11:12.388054
"DevOps Engineer (w/m/d)  2d  Transfermarkt  DE - Hamburg, Remote  Full-Time  Anywhere in the World",Unknown,Remote,https://weworkremotely.com/remote-jobs/transfermarkt-devops-engineer-w-m-d,WeWorkRemotely,cloud-devops,1.0,2026-02-05T04:11:12.388054
Senior DataOps Engineer  2d  dLocal  Barcelona / Madrid  Full-Time  Anywhere in the World,Unknown,Remote,https://weworkremotely.com/remote-jobs/dlocal-senior-dataops-engineer,WeWorkRemotely,cloud-devops,1.0,2026-02-05T04:11:12.388054
Senior Cloud (DevOps) Engineer - Guatemala  2d  nClouds  Remote  Full-Time  Anywhere in the World,Unknown,Remote,https://weworkremotely.com/remote-jobs/nclouds-senior-cloud-devops-engineer-guatemala,WeWorkRemotely,cloud-devops,1.0,2026-02-05T04:11:12.388054
"DevOps Engineer  5d  Graham Healthcare Group  Remote/Nationwide, USA  Full-Time",Unknown,Remote,https://weworkremotely.com/remote-jobs/graham-healthcare-group-devops-engineer,WeWorkRemotely,cloud-devops,1.0,2026-02-05T04:11:12.388054
DevOps Engineer  5d  Inco  Full-Time  Anywhere in the World,Unknown,Remote,https://weworkremotely.com/remote-jobs/inco-devops-engineer,WeWorkRemotely,cloud-devops,1.0,2026-02-05T04:11:12.388054
"DevOps Engineer (Poland Remote)  5d  Turnitin  Poznań, Poland  Full-Time",Unknown,Remote,https://weworkremotely.com/remote-jobs/turnitin-devops-engineer-poland-remote,WeWorkRemotely,cloud-devops,1.0,2026-02-05T04:11:12.388054
"Senior Cloud Infrastructure Engineer  13d  Digioh  San Francisco, USA  Full-Time  $100,000 or more USD  Anywhere in the World",Unknown,Remote,https://weworkremotely.com/remote-jobs/digioh-senior-cloud-infrastructure-engineer,WeWorkRemotely,cloud-devops,1.0,2026-02-05T04:11:12.388054
"Senior DevOps Engineer  19d  Marketerx  Nashville, TN  Full-Time  $100,000 or more USD  Anywhere in the World",Unknown,Remote,https://weworkremotely.com/remote-jobs/marketerx-senior-devops-engineer,WeWorkRemotely,cloud-devops,1.0,2026-02-05T04:11:12.388054
"QA automation/Devops engineer for MKE4K  20d  Mirantis  Barcelona, Spain  Full-Time",Unknown,Remote,https://weworkremotely.com/remote-jobs/mirantis-qa-automation-devops-engineer-for-mke4k,WeWorkRemotely,cloud-devops,1.0,2026-02-05T04:11:12.388054
"Google Cloud Platform DevOps Engineer  20d  LMG Staffing Solutions  Bogotá, Bogota, Colombia  Full-Time",Unknown,Remote,https://weworkremotely.com/remote-jobs/lmg-staffing-solutions-google-cloud-platform-devops-engineer,WeWorkRemotely,cloud-devops,1.0,2026-02-05T04:11:12.388054
"Senior DevOps Engineer for Open Sovereign Cloud  20d  Deutsche Telekom IT Solutions Slovakia  Moldavská cesta, 040 11 Košice, Slovakia  Full-Time",Unknown,Remote,https://weworkremotely.com/remote-jobs/deutsche-telekom-it-solutions-slovakia-senior-devops-engineer-for-open-sovereign-cloud,WeWorkRemotely,cloud-devops,1.0,2026-02-05T04:11:12.388054
DevOps Engineer  23d  NoGood  Egypt  Full-Time  Anywhere in the World,Unknown,Remote,https://weworkremotely.com/remote-jobs/nogood-devops-engineer,WeWorkRemotely,cloud-devops,1.0,2026-02-05T04:11:12.388054
Infra/DevOps Engineer  23d  Maze  Remote (Europe)  Full-Time  Anywhere in the World,Unknown,Remote,https://weworkremotely.com/remote-jobs/maze-infra-devops-engineer,WeWorkRemotely,cloud-devops,1.0,2026-02-05T04:11:12.388054
"Sr. DevOps Engineer / Cloud Architect  23d  Agentic Dream  Remote, Colombia  Full-Time",Unknown,Remote,https://weworkremotely.com/remote-jobs/agentic-dream-sr-devops-engineer-cloud-architect,WeWorkRemotely,cloud-devops,1.0,2026-02-05T04:11:12.388054
Senior DevOps Engineer  28d  Launch Legends  [REMOTE]  Full-Time,Unknown,Remote,https://weworkremotely.com/remote-jobs/launch-legends-senior-devops-engineer,WeWorkRemotely,cloud-devops,1.0,2026-02-05T04:11:12.388054
"DevOps Engineer  28d  ZenoCloud  New Delhi, 110034, India  Full-Time",Unknown,Remote,https://weworkremotely.com/remote-jobs/zenocloud-devops-engineer,WeWorkRemotely,cloud-devops,1.0,2026-02-05T04:11:12.388054
Senior DevOps Engineer (Azure)  20d  Proxify AB  Sweden  Top 100  Full-Time  Anywhere in the World,Unknown,Remote,https://weworkremotely.com/remote-jobs/proxify-ab-senior-devops-engineer-azure-5,WeWorkRemotely,cloud-devops,1.0,2026-02-05T04:11:12.388054
Remote Hiring Guide,Unknown,Remote,https://weworkremotely.com/remote-work-hiring-guide,WeWorkRemotely,cloud-devops,1.0,2026-02-05T04:11:12.388054
Guidelines,Unknown,Remote,https://weworkremotely.com/community-guidelines,WeWorkRemotely,cloud-devops,1.0,2026-02-05T04:11:12.388054
